Mã bản tin,Tên xe,Giá tiền,Ngày đăng bài,Năm sản xuất,Nhiên liệu,Kiểu dáng,Tình trạng,Số km đã đi,Hộp số,Xuất xứ,Địa điểm,URL
23361891,Acura CDX 2009,139000000.0,04/09/2025,2009,Máy xăng,SUV,Xe cũ,1,Số sàn,Nhập khẩu,Hà Nội,https://oto.com.vn/mua-ban-xe-acura-cdx-ha-noi/chao-ban-chiec-nhap-doi-2009-aidxc23361891
23368419,Acura CDX 2009,152000000.0,20/09/2025,2009,Máy xăng,Sedan,Xe cũ,89000,Số tự động,Nhập khẩu,Tp.HCM,https://oto.com.vn/mua-ban-xe-acura-cdx-hcm/16-nhap-han-2009-xe-dep-hiem-gap-xem-la-me-aidxc23368419
23364615,Acura MDX 2008,269000000.0,12/09/2025,2008,Máy xăng,SUV,Xe cũ,90000,Số tự động,Nhập khẩu,Đà Nẵng,https://oto.com.vn/mua-ban-xe-acura-mdx-da-nang/2008-aaa-aidxc23364615
23349712,Acura MDX 2008,265000000.0,02/08/2025,2008,Máy xăng,SUV,Xe cũ,60000,Số tự động,Nhập khẩu,Hoàn Kiếm - Hà Nội,https://oto.com.vn/mua-ban-xe-acura-mdx-ha-noi/gd-can-ban-sh-2008-7-cho-xe-nhap-khau-canada-nguyen-chiec-tmot-chu-di-tu-moi-chay-6-aidxc23349712
23367148,Acura MDX 2007,270000000.0,17/09/2025,2007,Máy xăng,SUV,Xe cũ,1,Số tự động,Nhập khẩu,Tp.HCM,https://oto.com.vn/mua-ban-xe-acura-mdx-hcm/sh-awd-2007-aidxc23367148
23367135,Acura MDX 2008,299000000.0,17/09/2025,2008,Máy xăng,SUV,Xe cũ,100000,Số tự động,Nhập khẩu,Đoan Hùng - Phú Thọ,https://oto.com.vn/mua-ban-xe-acura-mdx-phu-tho/suv-nhap-canada-chat-luong-cao-gia-cuc-re-aidxc23367135
23362665,Acura SLX 2009,110000000.0,06/09/2025,2009,Máy xăng,Hatchback,Xe cũ,123456,Số tự động,Trong nước,Tp.HCM,https://oto.com.vn/mua-ban-xe-acura-slx-hcm/2009-10-at-123456-km-aidxc23362665
23371859,Acura SLX 2008,127000000.0,30/09/2025,2008,Máy xăng,Hatchback,Xe cũ,88000,Số tự động,Nhập khẩu,Việt Trì - Vĩnh Phúc,https://oto.com.vn/mua-ban-xe-acura-slx-vinh-phuc/2008-aidxc23371859
23364460,Audi A7 Sportback 55 TFSI Quattro 2011,580000000.0,11/09/2025,2011,Máy xăng,Sedan,Xe cũ,N/A,Số tự động,Nhập khẩu,Hà Nội,https://oto.com.vn/mua-ban-xe-audi-a-7-sportback-ha-noi/a7-sportback-san-xuat-2011-aidxc23364460
23336761,Audi A7 Sportback 55 TFSI Quattro 2022,2600000000.0,02/07/2025,2022,Máy xăng,Sport Car,Xe cũ,10000,Số tự động,Nhập khẩu,Long Biên - Hà Nội,https://oto.com.vn/mua-ban-xe-audi-a-7-sportback-ha-noi/a7-sportback-sx-2021-10000km-xe-nhu-moi-aidxc23336761
23183834,Audi A1 2010,370000000.0,21/03/2025,2010,Máy xăng,Hatchback,Xe cũ,90000,Số tự động,Nhập khẩu,Hoàn Kiếm - Hà Nội,https://oto.com.vn/mua-ban-xe-audi-a1-ha-noi/370-trieu-aidxc23183834
23365119,Audi A1 S-Line 2010,400000000.0,13/09/2025,2010,Máy xăng,Sedan,Xe cũ,1,Số tự động,Nhập khẩu,Hà Nội,https://oto.com.vn/mua-ban-xe-audi-a1-ha-noi/sx-2010-tang-vo-aidxc23365119
23367970,Audi A1 S-Line 2012,410000000.0,19/09/2025,2012,Máy xăng,Hatchback,Xe cũ,160000,Số tự động,Nhập khẩu,Long Biên - Hà Nội,https://oto.com.vn/mua-ban-xe-audi-a1-ha-noi/xe-tu-nhan-chinh-chu-bao-check-xe-thoai-mai-aidxc23367970
23363390,Audi A3 2014,300000000.0,09/09/2025,2014,Máy xăng,Sedan,Xe cũ,60000,Số tự động,Nhập khẩu,Hải Phòng,https://oto.com.vn/mua-ban-xe-audi-a3-hai-phong/2014-tai-aidxc23363390
23363653,Audi A4 2015,475000000.0,10/09/2025,2015,Máy xăng,N/A,Xe cũ,N/A,Số tự động,Nhập khẩu,Hà Nội,https://oto.com.vn/mua-ban-xe-audi-a4-ha-noi/2015-aidxc23363653
23365107,Audi A4 2015,475000000.0,13/09/2025,2015,Máy xăng,N/A,Xe cũ,N/A,Số tự động,Nhập khẩu,Hà Nội,https://oto.com.vn/mua-ban-xe-audi-a4-ha-noi/2015-aidxc23365107
23369811,Audi A4 2.0 TFSI 2016,699000000.0,24/09/2025,2016,Máy xăng,Sedan,Xe cũ,29800,Số tự động,Nhập khẩu,Hà Nội,https://oto.com.vn/mua-ban-xe-audi-a4-ha-noi/2016-20-tfsi-29800-km-aidxc23369811
23372129,Audi A4 2016,680000000.0,01/10/2025,2016,Máy xăng,Sedan,Xe cũ,90000,Số tự động,Nhập khẩu,Hà Nội,https://oto.com.vn/mua-ban-xe-audi-a4-ha-noi/2016-aidxc23372129
23366719,Audi A4 2.0 TFSI 2016,699000000.0,17/09/2025,2016,Máy xăng,Sedan,Xe cũ,82000,Số tự động,Nhập khẩu,Tp.HCM,https://oto.com.vn/mua-ban-xe-audi-a4-hcm/20-tfsi-2016-699-trieu-aidxc23366719
23366133,Audi A4 2008,300000000.0,15/09/2025,2008,Máy xăng,Sedan,Xe cũ,100000,Số tự động,Nhập khẩu,Tp.HCM,https://oto.com.vn/mua-ban-xe-audi-a4-hcm/2008-100000-km-aidxc23366133
23363496,Audi A4 2.0 TFSI 2009,270000000.0,09/09/2025,2009,Máy xăng,Sedan,Xe cũ,140000,Số tự động,Nhập khẩu,Tp.HCM,https://oto.com.vn/mua-ban-xe-audi-a4-hcm/2009-140000-km-aidxc23363496
23368582,Audi A4 2010,220000000.0,21/09/2025,2010,Máy xăng,Sedan,Xe cũ,50000,Số tự động,Nhập khẩu,Tp.HCM,https://oto.com.vn/mua-ban-xe-audi-a4-hcm/2010-20t-quattro-50000-km-aidxc23368582
23369260,Audi A4 1.8L TFSI 2014,375000000.0,23/09/2025,2014,Máy xăng,Sedan,Xe cũ,120000,Số tự động,Nhập khẩu,Hóc Môn - Tp.HCM,https://oto.com.vn/mua-ban-xe-audi-a4-hcm/2014-120000-km-aidxc23369260
23362025,Audi A4 2.0 TFSI 2010,260000000.0,05/09/2025,2010,Máy xăng,Sedan,Xe cũ,999999,Số tự động,Nhập khẩu,Tp.HCM,https://oto.com.vn/mua-ban-xe-audi-a4-hcm/2016-20-tfsi-999999-km-aidxc23362025
23371454,Audi A4 2.0 TFSI 2017,699000000.0,29/09/2025,2017,Máy xăng,Sedan,Xe cũ,70000,Số tự động,Nhập khẩu,Tp.HCM,https://oto.com.vn/mua-ban-xe-audi-a4-hcm/2017-20-tfsi-70000-km-aidxc23371454
23369560,Audi A4 1.8L TFSI 2014,499000000.0,24/09/2025,2014,Máy xăng,Sedan,Xe cũ,65000,Số tự động,Nhập khẩu,Tp.HCM,https://oto.com.vn/mua-ban-xe-audi-a4-hcm/model-2015-mau-den-cuc-ngau-sieu-dep-aidxc23369560
23361833,Audi A4 40 TFSI Advanced 2023,1239000000.0,04/09/2025,2023,Máy xăng,Sedan,Xe cũ,14900,Số tự động,Nhập khẩu,Tp.HCM,https://oto.com.vn/mua-ban-xe-audi-a4-hcm/model-2023-sieu-luot-14900-km-nhap-duc-aidxc23361833
23349432,Audi A4 1.8L TFSI 2013,385000000.0,03/09/2025,2013,Máy xăng,Sedan,Xe cũ,120000,Số tự động,Nhập khẩu,Hóc Môn - Tp.HCM,https://oto.com.vn/mua-ban-xe-audi-a4-hcm/xe-con-rat-dep-aidxc23349432
23363634,Audi A4 S-Line 2015,460000000.0,10/09/2025,2015,Máy xăng,Sedan,Xe cũ,60000,Số tự động,Nhập khẩu,Quận 1 - Tp.HCM,https://oto.com.vn/mua-ban-xe-audi-a4-hcm/xe-gia-dinh-1-chu-mua-moi-aidxc23363634
23364845,Audi A5 Sportback 2.0 TFSI 2015,520000000.0,12/09/2025,2015,Máy xăng,Sedan,Xe cũ,110000,Số tự động,Nhập khẩu,Long Biên - Hà Nội,https://oto.com.vn/mua-ban-xe-audi-a5-ha-noi/chay-chuan-11-van-km-aidxc23364845
23370300,Audi A6 1.8 TFSI 2017,720000000.0,25/09/2025,2017,Máy xăng,Sedan,Xe cũ,73868,Số tự động,Nhập khẩu,Hà Nội,https://oto.com.vn/mua-ban-xe-audi-a6-ha-noi/2017-18-tfsi-73868-km-aidxc23370300
23363523,Audi A6 45 TFSI 2022,1739000000.0,09/09/2025,2022,Máy xăng,Sedan,Xe cũ,14000,Số tự động,Nhập khẩu,Hà Nội,https://oto.com.vn/mua-ban-xe-audi-a6-ha-noi/2022-45-tfsi-14000-km-aidxc23363523
23364646,Audi A6 2.0 TFSI 2022,1699000000.0,12/09/2025,2022,Máy xăng,Sedan,Xe cũ,21000,Số tự động,Nhập khẩu,Cầu Giấy - Hà Nội,https://oto.com.vn/mua-ban-xe-audi-a6-ha-noi/2022-aidxc23364646
23369765,Audi A6 1.8 TFSI 2022,1899000000.0,24/09/2025,2022,Máy xăng,Sedan,Xe cũ,4400,Số tự động,Nhập khẩu,Long Biên - Hà Nội,https://oto.com.vn/mua-ban-xe-audi-a6-ha-noi/sieu-luot-4000-km-gia-18x-ty-aidxc23369765
23365021,Audi A6 2.0 TFSI 2015,670000000.0,12/09/2025,2015,Máy xăng,Sedan,Xe cũ,80000,Số tự động,Nhập khẩu,Tp.HCM,https://oto.com.vn/mua-ban-xe-audi-a6-hcm/20-tfsi-2015-670-trieu-aidxc23365021
23350047,Audi A6 1.8 TFSI 2013,390000000.0,03/09/2025,2013,Máy xăng,Sedan,Xe cũ,75000,Số tự động,Nhập khẩu,Quận 7 - Tp.HCM,https://oto.com.vn/mua-ban-xe-audi-a6-hcm/2013-aidxc23350047
23322962,Audi A6 1.8 TFSI 2015,600000000.0,03/09/2025,2015,Máy xăng,Sedan,Xe cũ,80000,Số tự động,Nhập khẩu,Quận 7 - Tp.HCM,https://oto.com.vn/mua-ban-xe-audi-a6-hcm/2015-moden-2016-aidxc23322962
23370678,Audi A6 1.8 TFSI 2016,620000000.0,26/09/2025,2016,Máy xăng,Sedan,Xe cũ,80000,Số tự động,Nhập khẩu,Quận 7 - Tp.HCM,https://oto.com.vn/mua-ban-xe-audi-a6-hcm/2016-18-tfsi-80000-km-aidxc23370678
23338532,Audi A6 2021,1788000000.0,07/07/2025,2021,Máy xăng,N/A,Xe cũ,14000,Số tự động,Trong nước,Quận 7 - Tp.HCM,https://oto.com.vn/mua-ban-xe-audi-a6-hcm/bao-dau-bank-70-90-ib-zalo-tu-van-truc-tiep-247-aidxc23338532
23371893,Audi A6 2.0 TFSI 2014,379000000.0,30/09/2025,2014,Máy xăng,Sedan,Xe cũ,123,Số tự động,Nhập khẩu,Bình Chánh - Tp.HCM,https://oto.com.vn/mua-ban-xe-audi-a6-hcm/len-doi-ban-re-xe-zin-az-rat-dep-nhu-moi-hoac-doi-xe-lon-hon-aidxc23371893
23363685,Audi A6 2013,495000000.0,10/09/2025,2013,Máy xăng,Sedan,Xe cũ,110000,Số tự động,Nhập khẩu,Quận 11 - Tp.HCM,https://oto.com.vn/mua-ban-xe-audi-a6-hcm/model-2015-chinh-chu-dung-ten-cavet-aidxc23363685
23363216,Audi A6 2.0 TFSI 2022,1899000000.0,08/09/2025,2022,Máy xăng,Sedan,Xe cũ,4300,Số tự động,Nhập khẩu,Quận 7 - Tp.HCM,https://oto.com.vn/mua-ban-xe-audi-a6-hcm/tiet-kiem-ngay-700tr-xe-di-it-nhat-thi-truong-aidxc23363216
23359448,Audi A6 45 TFSI 2022,1899000000.0,28/08/2025,2022,Máy xăng,Sedan,Xe cũ,4200,Số tự động,Nhập khẩu,Quận 7 - Tp.HCM,https://oto.com.vn/mua-ban-xe-audi-a6-hcm/tiet-kiem-ngay-hon-1ti-bank-70-aidxc23359448
23353887,Audi A6 45 TFSI 2022,1899000000.0,16/08/2025,2022,Máy xăng,Sedan,Xe cũ,4600,Số tự động,Nhập khẩu,Quận 7 - Tp.HCM,https://oto.com.vn/mua-ban-xe-audi-a6-hcm/tiet-kiem-ngay-hon-500tr-aidxc23353887
23353827,Audi A6 45 TFSI 2022,1899000000.0,18/09/2025,2022,Máy xăng,Sedan,Xe cũ,4200,Số tự động,Nhập khẩu,Quận 7 - Tp.HCM,https://oto.com.vn/mua-ban-xe-audi-a6-hcm/xe-luot-sieu-dep-chi-chay-4200km-aidxc23353827
23135615,Audi A7 55 TFSI Quattro 2021,2680000000.0,11/08/2025,2021,Máy xăng,Sedan,Xe cũ,24000,Số tự động,Nhập khẩu,Bắc Từ Liêm - Hà Nội,https://oto.com.vn/mua-ban-xe-audi-a7-ha-noi/chay-it-sieu-dep-aidxc23135615
23368548,Audi A7 55 TFSI Quattro 2014,799000000.0,21/09/2025,2014,Máy xăng,Sedan,Xe cũ,85000,Số tự động,Nhập khẩu,Tp.HCM,https://oto.com.vn/mua-ban-xe-audi-a7-hcm/2014-30-tfsi-quattro-85000-km-aidxc23368548
23258442,Audi A7 3.0 TFSI 2012,590000000.0,22/09/2025,2012,Máy xăng,Hatchback,Xe cũ,88980,Số tự động,Nhập khẩu,Bình Thạnh - Tp.HCM,https://oto.com.vn/mua-ban-xe-audi-a7-hcm/30-nhap-2012-loai-5-cua-full-do-choi-cao-cap-cop-dien-cua-hit-hai-cau-noi-that-niem-aidxc23258442
23242655,Audi A8 4.2 2011,1190000000.0,07/05/2025,2011,Máy xăng,Sedan,Xe cũ,55000,Số tự động,Nhập khẩu,Nam Từ Liêm - Hà Nội,https://oto.com.vn/mua-ban-xe-audi-a8-ha-noi/42-ban-4-ghe-thuong-gia-aidxc23242655
23345469,Audi A8 L 55 TFSI Quattro 2022,3990000000.0,03/09/2025,2022,Máy xăng,Sedan,Xe cũ,20000,Số tự động,Nhập khẩu,Hoàng Mai - Hà Nội,https://oto.com.vn/mua-ban-xe-audi-a8-ha-noi/l-55-tfsi-quattro-2022-chay-2-van-km-aidxc23345469
23366408,Audi Q2 2019,858000000.0,16/09/2025,2019,Máy xăng,SUV,Xe cũ,41000,Số tự động,Nhập khẩu,Tp.HCM,https://oto.com.vn/mua-ban-xe-audi-q2-hcm/2019-41000-km-aidxc23366408
23372447,Audi Q2 30 TFSI 2019,856000000.0,02/10/2025,2019,Máy xăng,SUV,Xe cũ,41000,Số tự động,Nhập khẩu,Tp.HCM,https://oto.com.vn/mua-ban-xe-audi-q2-hcm/2019-41000-km-aidxc23372447
23366100,Audi Q2 2019,860000000.0,15/09/2025,2019,Máy xăng,SUV,Xe cũ,40000,Số tự động,Nhập khẩu,Tp.HCM,https://oto.com.vn/mua-ban-xe-audi-q2-hcm/dac-biet-10-turbo-chuan-4-van-km-cuc-dep-aidxc23366100
23331062,Audi Q2 2018,878000000.0,22/07/2025,2018,Máy xăng,SUV,Xe cũ,66000,Số tự động,Nhập khẩu,Quận 7 - Tp.HCM,https://oto.com.vn/mua-ban-xe-audi-q2-hcm/lien-he-de-duoc-gia-uu-dai-aidxc23331062
23355296,Audi Q2 TFSI 2018,878000000.0,25/09/2025,2018,Máy xăng,SUV,Xe cũ,66000,Số tự động,Nhập khẩu,Quận 7 - Tp.HCM,https://oto.com.vn/mua-ban-xe-audi-q2-hcm/suv-hang-sang-co-nho-tre-trung-thoi-thuong-tiet-kiem-aidxc23355296
23277488,Audi Q2 1.4 TFSI 2018,858000000.0,26/09/2025,2018,Máy xăng,SUV,Xe cũ,66000,Số tự động,Nhập khẩu,Quận 7 - Tp.HCM,https://oto.com.vn/mua-ban-xe-audi-q2-hcm/xe-duy-nhat-mau-vang-aidxc23277488
23367022,Audi Q3 2.0 TFSI Quattro 2013,470000000.0,17/09/2025,2013,Máy xăng,SUV,Xe cũ,41998,Số tự động,Nhập khẩu,Hà Nội,https://oto.com.vn/mua-ban-xe-audi-q3-ha-noi/20-quattro-2013-470-trieu-aidxc23367022
23361980,Audi Q3 2013,499000000.0,05/09/2025,2013,Máy xăng,N/A,Xe cũ,1,Số tự động,Nhập khẩu,Hà Nội,https://oto.com.vn/mua-ban-xe-audi-q3-ha-noi/20-quattro-2013-aidxc23361980
23364666,Audi Q3 2016,550000000.0,12/09/2025,2016,Máy xăng,SUV,Xe cũ,90000,Số tự động,Nhập khẩu,Hà Nội,https://oto.com.vn/mua-ban-xe-audi-q3-ha-noi/2016-tai-aidxc23364666
23329578,Audi Q3 2024,1638000000.0,05/06/2025,2024,Máy xăng,N/A,Xe cũ,5800,Số tự động,Trong nước,Quận 7 - Tp.HCM,https://oto.com.vn/mua-ban-xe-audi-q3-hcm/bao-dau-bank-70-90-ib-zalo-tu-van-truc-tiep-247-aidxc23329578
23330663,Audi Q3 2024,1638000000.0,09/06/2025,2024,Máy xăng,N/A,Xe cũ,5800,Số tự động,Trong nước,Quận 7 - Tp.HCM,https://oto.com.vn/mua-ban-xe-audi-q3-hcm/bao-dau-bank-70-90-ib-zalo-tu-van-truc-tiep-247-aidxc23330663
23340943,Audi Q3 2024,1738000000.0,14/07/2025,2024,Máy xăng,SUV,Xe cũ,5000,Số tự động,Nhập khẩu,Quận 7 - Tp.HCM,https://oto.com.vn/mua-ban-xe-audi-q3-hcm/bao-dau-bank-70-90-ib-zalo-tu-van-truc-tiep-247-aidxc23340943
23337930,Audi Q3 2.0 TFSI Quattro 2013,395000000.0,05/07/2025,2013,Máy xăng,SUV,Xe cũ,80000,Số tự động,Nhập khẩu,Quận 6 - Tp.HCM,https://oto.com.vn/mua-ban-xe-audi-q3-hcm/can-ban-model-2013-xe-rat-dep-aidxc23337930
23320477,Audi Q3 35 TFSI 2022,1389000000.0,12/05/2025,2022,Máy xăng,SUV,Xe cũ,12000,Số tự động,Nhập khẩu,Quận 7 - Tp.HCM,https://oto.com.vn/mua-ban-xe-audi-q3-hcm/gia-1-ty-389-trieu-aidxc23320477
23323102,Audi Q3 35 TFSI 2022,1390000000.0,16/05/2025,2022,Máy xăng,SUV,Xe cũ,12222,Số tự động,Nhập khẩu,Quận 7 - Tp.HCM,https://oto.com.vn/mua-ban-xe-audi-q3-hcm/lan-banh-12222-kilomet-aidxc23323102
23319960,Audi Q3 35 TFSI 2022,1390000000.0,10/05/2025,2022,Máy xăng,SUV,Xe cũ,13333,Số tự động,Nhập khẩu,Quận 7 - Tp.HCM,https://oto.com.vn/mua-ban-xe-audi-q3-hcm/tiet-kiem-ngay-700tr-aidxc23319960
23369174,Audi Q5 2.0T 2014,530000000.0,23/09/2025,2014,Máy xăng,SUV,Xe cũ,83000,Số tự động,Nhập khẩu,Hà Nội,https://oto.com.vn/mua-ban-xe-audi-q5-ha-noi/2014-83000-km-aidxc23369174
23368317,Audi Q5 2021,1839000000.0,20/09/2025,2021,Máy xăng,SUV,Xe cũ,14,Số tự động,Nhập khẩu,Hà Nội,https://oto.com.vn/mua-ban-xe-audi-q5-ha-noi/2021-aidxc23368317
23368820,Audi Q5 45 TFSI Quattro 2024,2090000000.0,22/09/2025,2024,Máy xăng,SUV,Xe cũ,6000,Số tự động,Nhập khẩu,Hà Nội,https://oto.com.vn/mua-ban-xe-audi-q5-ha-noi/2024-sline-45-tfsi-quattro-6000-miles-aidxc23368820
23329881,Audi Q5 2.0 TFSI Quattro 2017,960000000.0,06/09/2025,2017,Máy xăng,SUV,Xe cũ,140000,Số tự động,Nhập khẩu,Cầu Giấy - Hà Nội,https://oto.com.vn/mua-ban-xe-audi-q5-ha-noi/mot-chu-tu-dau-bien-tinh-aidxc23329881
23335517,Audi Q5 2.0 TFSI Quattro 2016,769000000.0,04/09/2025,2016,Máy xăng,SUV,Xe cũ,100000,Số tự động,Nhập khẩu,Thanh Xuân - Hà Nội,https://oto.com.vn/mua-ban-xe-audi-q5-ha-noi/nhap-my-cuc-chat-aidxc23335517
23367027,Audi Q5 2021,1689000000.0,17/09/2025,2021,Máy xăng,SUV,Xe cũ,35000,Số tự động,Nhập khẩu,Thanh Xuân - Hà Nội,https://oto.com.vn/mua-ban-xe-audi-q5-ha-noi/xe-luot-chat-luong-nhu-moi-gia-cuc-tot-aidxc23367027
23363713,Audi Q5 2.0 TFSI Quattro 2014,538000000.0,10/09/2025,2014,Máy xăng,SUV,Xe cũ,86000,Số tự động,Nhập khẩu,Tp.HCM,https://oto.com.vn/mua-ban-xe-audi-q5-hcm/20-tfsi-xe-dep-bao-check-aidxc23363713
23371542,Audi Q5 2017,869000000.0,29/09/2025,2017,Máy xăng,SUV,Xe cũ,N/A,Số tự động,Nhập khẩu,Tp.HCM,https://oto.com.vn/mua-ban-xe-audi-q5-hcm/2017-tai-tp-aidxc23371542
23368184,Audi Q5 45 TFSI Quattro 2022,1879000000.0,20/09/2025,2022,Máy xăng,SUV,Xe cũ,29000,Số tự động,Nhập khẩu,Tp.HCM,https://oto.com.vn/mua-ban-xe-audi-q5-hcm/2022-45-tfsi-quattro-sieu-luot-29000-km-aidxc23368184
23371549,Audi Q5 45 TFSI Quattro 2021,1590000000.0,29/09/2025,2021,Máy xăng,SUV,Xe cũ,37000,Số tự động,Nhập khẩu,Tp.HCM,https://oto.com.vn/mua-ban-xe-audi-q5-hcm/45-tfsi-quattro-2021-1-ty-590-trieu-aidxc23371549
23368751,Audi Q5 2018,869000000.0,22/09/2025,2018,Máy xăng,SUV,Xe cũ,N/A,Số tự động,Nhập khẩu,Tp.HCM,https://oto.com.vn/mua-ban-xe-audi-q5-hcm/cam-ket-xe-khong-loi-aidxc23368751
23372373,Audi Q5 45 TFSI Quattro 2021,1798000000.0,02/10/2025,2021,Máy xăng,SUV,Xe cũ,14000,Số tự động,Nhập khẩu,Quận 7 - Tp.HCM,https://oto.com.vn/mua-ban-xe-audi-q5-hcm/model-2022-nhap-duc-aidxc23372373
23366382,Audi Q5 45 TFSI Quattro 2022,1879000000.0,16/09/2025,2022,Máy xăng,SUV,Xe cũ,29000,Số tự động,Nhập khẩu,Tp.HCM,https://oto.com.vn/mua-ban-xe-audi-q5-hcm/sline-45-tfsi-quattro-sx2022-di-29k-km-1-aidxc23366382
23362986,Audi Q5 2021,1799000000.0,06/09/2025,2021,Máy xăng,SUV,Xe cũ,14500,Số tự động,Nhập khẩu,Quận 7 - Tp.HCM,https://oto.com.vn/mua-ban-xe-audi-q5-hcm/sline-aidxc23362986
23363255,Audi Q5 45 TFSI Quattro 2022,1890000000.0,09/09/2025,2022,Máy xăng,SUV,Xe cũ,10900,Số tự động,Nhập khẩu,Tp.HCM,https://oto.com.vn/mua-ban-xe-audi-q5-hcm/sx-2022-sline-45-tfsi-quattro-10900-km-aidxc23363255
23369060,Audi Q7 3.6 2009,288000000.0,22/09/2025,2009,Máy xăng,SUV,Xe cũ,180000,Số tự động,Nhập khẩu,Hà Nội,https://oto.com.vn/mua-ban-xe-audi-q7-ha-noi/2009-180000-km-aidxc23369060
23368420,Audi Q7 2014,610000000.0,20/09/2025,2014,Máy xăng,SUV,Xe cũ,N/A,Số tự động,Nhập khẩu,Hà Nội,https://oto.com.vn/mua-ban-xe-audi-q7-ha-noi/2014-so-tu-dong-tai-aidxc23368420
23368821,Audi Q7 2.0 TFSI 2018,1599000000.0,22/09/2025,2018,Máy xăng,SUV,Xe cũ,63000,Số tự động,Nhập khẩu,Hà Nội,https://oto.com.vn/mua-ban-xe-audi-q7-ha-noi/2018-20-tfsi-quattro-63000-km-aidxc23368821
23370332,Audi Q7 3.0 TFSI Quattro 2016,1099000000.0,25/09/2025,2016,Máy xăng,SUV,Xe cũ,110179,Số tự động,Nhập khẩu,Cầu Giấy - Hà Nội,https://oto.com.vn/mua-ban-xe-audi-q7-ha-noi/gia-chi-nhinh-1-ty-xxx-qua-hop-ly-cho-mot-chiec-suv-7-cho-dang-cap-nay-aidxc23370332
23370235,Audi Q7 2014,599000000.0,26/09/2025,2014,Máy xăng,SUV,Xe cũ,138000,Số tự động,Nhập khẩu,Hà Nội,https://oto.com.vn/mua-ban-xe-audi-q7-ha-noi/odo-chuan-138-van-km-aidxc23370235
23372434,Audi Q7 3.0 TFSI 2012,485000000.0,02/10/2025,2012,Máy xăng,SUV,Xe cũ,110000,Số tự động,Nhập khẩu,Hà Nội,https://oto.com.vn/mua-ban-xe-audi-q7-ha-noi/sline-prestige-2012-dk-2014-110000-km-aidxc23372434
23366278,Audi Q7 3.6 2008,245000000.0,16/09/2025,2008,Máy xăng,SUV,Xe cũ,100000,Số tự động,Nhập khẩu,Tp.HCM,https://oto.com.vn/mua-ban-xe-audi-q7-hcm/2008-s-line-36-at-100000-km-aidxc23366278
23369238,Audi Q7 3.6 2011,455000000.0,23/09/2025,2011,Máy xăng,SUV,Xe cũ,82000,Số tự động,Nhập khẩu,Tp.HCM,https://oto.com.vn/mua-ban-xe-audi-q7-hcm/2011-mau-nau-xe-dep-aidxc23369238
23358641,Audi Q7 55 TFSI Quattro 2020,1950000000.0,01/10/2025,2020,Máy xăng,SUV,Xe cũ,50000,Số tự động,Nhập khẩu,Quận 7 - Tp.HCM,https://oto.com.vn/mua-ban-xe-audi-q7-hcm/2020-aidxc23358641
23367578,Audi Q7 55 TFSI Quattro 2019,2050000000.0,18/09/2025,2019,Máy xăng,SUV,Xe cũ,1,Số tự động,Nhập khẩu,Tp.HCM,https://oto.com.vn/mua-ban-xe-audi-q7-hcm/55-tfsi-quattro-2019-aidxc23367578
23272430,Audi Q7 3.0 TFSI Quattro 2011,445000000.0,29/09/2025,2011,Máy xăng,SUV,Xe cũ,89800,Số tự động,Nhập khẩu,Bình Thạnh - Tp.HCM,https://oto.com.vn/mua-ban-xe-audi-q7-hcm/may-30-nhap-2011-7-cho-loai-slier-full-do-choi-nha-mua-aidxc23272430
23325776,Audi Q7 3.6 2008,240000000.0,22/09/2025,2008,Máy xăng,SUV,Xe cũ,88780,Số tự động,Nhập khẩu,Bình Thạnh - Tp.HCM,https://oto.com.vn/mua-ban-xe-audi-q7-hcm/may-36-nhap-duc-2008-7cho-loai-slier-full-do-choi-aidxc23325776
23361654,Audi Q7 2009,350000000.0,04/09/2025,2009,Máy xăng,SUV,Xe cũ,90000,Số tự động,Nhập khẩu,Tp.HCM,https://oto.com.vn/mua-ban-xe-audi-q7-hcm/model-2010-den-led-90000-km-aidxc23361654
23353830,Audi Q7 45 TFSI Quattro 2020,2479000000.0,18/09/2025,2020,Máy xăng,SUV,Xe cũ,55555,Số tự động,Nhập khẩu,Quận 7 - Tp.HCM,https://oto.com.vn/mua-ban-xe-audi-q7-hcm/suv-7-cho-cao-cap-mau-xanh-doc-dao-aidxc23353830
23353839,Audi Q7 45 TFSI Quattro 2020,2480000000.0,15/09/2025,2020,Máy xăng,SUV,Xe cũ,55555,Số tự động,Nhập khẩu,Quận 7 - Tp.HCM,https://oto.com.vn/mua-ban-xe-audi-q7-hcm/tiet-kiem-ngay-hon-1ti-bank-70-aidxc23353839
23362173,Audi Q8 55 TFSI Quattro 2021,2980000000.0,05/09/2025,2021,Máy xăng,SUV,Xe cũ,23999,Số tự động,Nhập khẩu,Gò Vấp - Tp.HCM,https://oto.com.vn/mua-ban-xe-audi-q8-hcm/ban-tfsi-sline-55-quatro-2021-sieu-luot-aidxc23362173
23316230,Audi Q8 55 TFSI Quattro 2020,2879000000.0,23/07/2025,2020,Máy xăng,SUV,Xe cũ,27000,Số tự động,Nhập khẩu,Gò Vấp - Tp.HCM,https://oto.com.vn/mua-ban-xe-audi-q8-hcm/s-line-55-tfsi-quattro-2024-aidxc23316230
23334555,Audi Q8 55 TFSI Quattro 2020,2979000000.0,20/06/2025,2020,Máy xăng,SUV,Xe cũ,27000,Số tự động,Nhập khẩu,Tp.HCM,https://oto.com.vn/mua-ban-xe-audi-q8-hcm/xe-nhap-khau-nguyen-chiec-odo-thap-aidxc23334555
23363772,Audi Quattro 2014,1290000000.0,10/09/2025,2014,Máy xăng,Sedan,Xe cũ,50000,Số tự động,Nhập khẩu,Hà Nội,https://oto.com.vn/mua-ban-xe-audi-quattro-ha-noi/a8l-40-tfsi-aidxc23363772
22761048,Audi S8 2020,4950000000.0,25/09/2025,2020,Máy xăng,Sedan,Xe cũ,12000,Số tự động,Nhập khẩu,Bắc Từ Liêm - Hà Nội,https://oto.com.vn/mua-ban-xe-audi-s8-ha-noi/sieu-doc-xe-hieu-nang-cao-gan-600-ma-luc-aidxc22761048
23367876,Audi TT 2007,568000000.0,19/09/2025,2007,Máy xăng,Coupe,Xe cũ,86000,Số tự động,Nhập khẩu,Dĩ An - Bình Dương,https://oto.com.vn/mua-ban-xe-audi-tt-binh-duong/xe-duoc-bao-tri-bao-duong-day-du-aidxc23367876
23365251,Audi TT S-line 2010,430000000.0,13/09/2025,2010,Máy xăng,Sport Car,Xe cũ,47000,N/A,Nhập khẩu,Đà Nẵng,https://oto.com.vn/mua-ban-xe-audi-tt-da-nang/2010-20t-47000-km-aidxc23365251
23361925,Audi TT 2008,568000000.0,05/09/2025,2008,Máy xăng,Coupe,Xe cũ,84000,Số tự động,Nhập khẩu,Hà Nội,https://oto.com.vn/mua-ban-xe-audi-tt-ha-noi/2008-aidxc23361925
23364780,Audi TT 2015,1079000000.0,12/09/2025,2015,Máy xăng,Coupe,Xe cũ,N/A,N/A,Nhập khẩu,Hà Nội,https://oto.com.vn/mua-ban-xe-audi-tt-ha-noi/san-xuat-2015-aidxc23364780
23343540,Audi TT 2.0 TFSI Quattro 2017,780000000.0,19/07/2025,2017,Máy xăng,Sport Car,Xe cũ,566800,Số tự động,Nhập khẩu,Chương Mỹ - Hà Nội,https://oto.com.vn/mua-ban-xe-audi-tt-ha-noi/xe-tot-co-hoi-tot-xe-chu-it-di-tat-ca-con-moi-nguyen-aidxc23343540
23331523,Audi TT S-line 2017,1450000000.0,11/06/2025,2017,Máy xăng,Sport Car,Xe cũ,34000,Số tự động,Nhập khẩu,Thủ Đức - Tp.HCM,https://oto.com.vn/mua-ban-xe-audi-tt-hcm/cam-cavet-o-to-uy-tinthu-mua-gia-caotan-tu-quy-aidxc23331523
23362278,BAIC Beijing U5 Plus 1.5L Luxury 2022,359000000.0,05/09/2025,2022,Máy xăng,SUV,Xe cũ,46000,Số tự động,Nhập khẩu,Thái Nguyên,https://oto.com.vn/mua-ban-xe-baic-beijing-u5-plus-thai-nguyen/luxury-2022-aidxc23362278
23370431,BAIC Beijing X7 2022,575000000.0,26/09/2025,2022,Máy xăng,SUV,Xe cũ,80000,Số tự động,Nhập khẩu,Tp.HCM,https://oto.com.vn/mua-ban-xe-baic-beijing-x7-hcm/2022-gop-tay-doikhong-can-nganhan-aidxc23370431
23363198,BAIC Q7 2019,323000000.0,08/09/2025,2019,Máy xăng,SUV,Xe cũ,68000,Số tự động,Nhập khẩu,Hà Nội,https://oto.com.vn/mua-ban-xe-baic-q7-ha-noi/ban-full-aidxc23363198
23328231,BAIC X7 xDrive40i 2022,589000000.0,29/05/2025,2022,Máy xăng,SUV,Xe cũ,40000,Số tự động,Nhập khẩu,Cầu Giấy - Hà Nội,https://oto.com.vn/mua-ban-xe-baic-x7-ha-noi/chat-xe-cuc-tuoi-noi-that-cang-det-chua-vet-nhan-aidxc23328231
23363774,Bentley Bentayga First Edition 2020,10900000000.0,10/09/2025,2020,Máy xăng,SUV,Xe cũ,50000,Số tự động,Nhập khẩu,Hà Nội,https://oto.com.vn/mua-ban-xe-bentley-bentayga-ha-noi/-aidxc23363774
23345177,Bentley Bentayga 2021,12900000000.0,04/09/2025,2021,Máy xăng,N/A,Xe cũ,7000,Số tự động,Nhập khẩu,Long Biên - Hà Nội,https://oto.com.vn/mua-ban-xe-bentley-bentayga-ha-noi/hang-hiem-bao-check-xe-thoai-mai-aidxc23345177
23295907,Bentley Bentayga V8 2021,12900000000.0,25/09/2025,2021,Máy xăng,SUV,Xe cũ,7000,Số tự động,Nhập khẩu,Bắc Từ Liêm - Hà Nội,https://oto.com.vn/mua-ban-xe-bentley-bentayga-ha-noi/mau-den-noi-that-nau-sieu-luot-7000km-aidxc23295907
23316739,Bentley Bentayga V8 2021,12900000000.0,04/09/2025,2021,Máy xăng,SUV,Xe cũ,7000,Số tự động,Nhập khẩu,Long Biên - Hà Nội,https://oto.com.vn/mua-ban-xe-bentley-bentayga-ha-noi/nhap-khau-chinh-hang-aidxc23316739
23333046,Bentley Bentayga V8 2021,12999000000.0,16/06/2025,2021,Máy xăng,SUV,Xe cũ,7777,Số tự động,Nhập khẩu,Quận 7 - Tp.HCM,https://oto.com.vn/mua-ban-xe-bentley-bentayga-hcm/re-hon-chinh-hang-rat-nhieu-aidxc23333046
23149905,Bentley Continental GT 2009,2999000000.0,15/05/2025,2009,Máy xăng,Coupe,Xe cũ,70000,Số tự động,Nhập khẩu,Thanh Xuân - Hà Nội,https://oto.com.vn/mua-ban-xe-bentley-continental-ha-noi/2-ty-999-trieu-aidxc23149905
23281182,Bentley Continental gt w12 2018,14590000000.0,23/07/2025,2018,Máy xăng,Sedan,Xe cũ,6000,Số tự động,Nhập khẩu,Gò Vấp - Tp.HCM,https://oto.com.vn/mua-ban-xe-bentley-continental-hcm/gt-1st-edition-aidxc23281182
23330867,Bentley Flying Spur V8 2014,4099000000.0,10/06/2025,2014,Máy xăng,Sedan,Xe cũ,28000,Số tự động,Nhập khẩu,Cái Răng - Cần Thơ,https://oto.com.vn/mua-ban-xe-bentley-flying-spur-can-tho/flying-aidxc23330867
23362491,Bentley Flying Spur V8 2014,4199000000.0,05/09/2025,2014,Máy xăng,Sedan,Xe cũ,45000,Số tự động,Nhập khẩu,Cái Răng - Cần Thơ,https://oto.com.vn/mua-ban-xe-bentley-flying-spur-can-tho/xe-luot-chat-luong-cao-bao-duong-day-du-aidxc23362491
23288224,Bentley Mulsanne 6.8 V8 2014,7900000000.0,30/09/2025,2014,Máy xăng,Sedan,Xe cũ,53000,Số tự động,Nhập khẩu,Hoàng Mai - Hà Nội,https://oto.com.vn/mua-ban-xe-bentley-mulsanne-ha-noi/68-v8-san-xuat-2014-chay-hon-5-van-km-nhu-moi-aidxc23288224
23333058,Bentley Mulsanne 2013,10999000000.0,16/06/2025,2013,Máy xăng,Sedan,Xe cũ,55000,Số tự động,Nhập khẩu,Ba Đình - Hà Nội,https://oto.com.vn/mua-ban-xe-bentley-mulsanne-ha-noi/sieu-sedan-aidxc23333058
23342919,Bentley Mulsanne 2013,10999000000.0,18/07/2025,2013,Máy xăng,Sedan,Xe cũ,55000,Số tự động,Nhập khẩu,Ba Đình - Hà Nội,https://oto.com.vn/mua-ban-xe-bentley-mulsanne-ha-noi/sieu-sedan-aidxc23342919
23361742,Bentley Mulsanne 2013,10999000000.0,04/09/2025,2013,Máy xăng,Sedan,Xe cũ,55000,Số tự động,Nhập khẩu,Ba Đình - Hà Nội,https://oto.com.vn/mua-ban-xe-bentley-mulsanne-ha-noi/sieu-sedan-aidxc23361742
23339877,BMW 116i 2014,390000000.0,17/09/2025,2014,Máy xăng,Sedan,Xe cũ,50000,Số tự động,Nhập khẩu,Long Biên - Hà Nội,https://oto.com.vn/mua-ban-xe-bmw-116i-ha-noi/xe-nguyen-ban-tuyet-doi-aidxc23339877
23363675,BMW 116i 2013,356000000.0,10/09/2025,2013,Máy xăng,Hatchback,Xe cũ,N/A,Số tự động,Nhập khẩu,Tp.HCM,https://oto.com.vn/mua-ban-xe-bmw-116i-hcm/2013-so-tu-dong-tai-tp-aidxc23363675
23362680,BMW 118i 2018,629000000.0,06/09/2025,2018,Máy xăng,Hatchback,Xe cũ,72000,Số tự động,Nhập khẩu,Hà Nội,https://oto.com.vn/mua-ban-xe-bmw-118i-ha-noi/sx-2018-dkld-2020-aidxc23362680
23362460,BMW 218i Gran Tourer 2018,680000000.0,05/09/2025,2018,Máy xăng,MPV,Xe cũ,32999,Số tự động,Nhập khẩu,Hà Nội,https://oto.com.vn/mua-ban-xe-bmw-218i-ha-noi/2-series-gran-tourer-2018-aidxc23362460
23367981,BMW 218i Gran Tourer 2015,439000000.0,19/09/2025,2015,Máy xăng,MPV,Xe cũ,35000,Số tự động,Nhập khẩu,Thủ Đức - Tp.HCM,https://oto.com.vn/mua-ban-xe-bmw-218i-hcm/-aidxc23367981
23367473,BMW 218i Gran Tourer 2018,570000000.0,18/09/2025,2018,Máy xăng,MPV,Xe cũ,1,Số tự động,Nhập khẩu,Tp.HCM,https://oto.com.vn/mua-ban-xe-bmw-218i-hcm/2-series-gran-tourer-2018-aidxc23367473
23326526,BMW 218i Gran Tourer 2018,750000000.0,23/05/2025,2018,Máy xăng,MPV,Xe cũ,33000,Số tự động,Nhập khẩu,Quận 8 - Tp.HCM,https://oto.com.vn/mua-ban-xe-bmw-218i-hcm/2018-33000-km-xe-rat-dep-tai-sg-aidxc23326526
23368349,BMW 318i 2001,120000000.0,20/09/2025,2001,Máy xăng,Sedan,Xe cũ,145000,Số tự động,Trong nước,Quận 9 - Tp.HCM,https://oto.com.vn/mua-ban-xe-bmw-318i-hcm/xe-van-con-dep-aidxc23368349
23362883,BMW 318i 2004,130000000.0,06/09/2025,2004,Máy xăng,Sedan,Xe cũ,100000,Số tự động,Nhập khẩu,Quảng Nam,https://oto.com.vn/mua-ban-xe-bmw-318i-quang-nam/3-series-2004-at-aidxc23362883
23371801,BMW 320i 2010,215000000.0,30/09/2025,2010,Máy xăng,Convertible,Xe cũ,120000,Số tự động,Nhập khẩu,Hải Châu - Đà Nẵng,https://oto.com.vn/mua-ban-xe-bmw-320i-da-nang/3-series-2010-convertible-aidxc23371801
23371902,BMW 320i 2013,389000000.0,01/10/2025,2013,Máy xăng,Sedan,Xe cũ,100000,Số tự động,Nhập khẩu,Hà Nội,https://oto.com.vn/mua-ban-xe-bmw-320i-ha-noi/2013-aidxc23371902
23367653,BMW 320i Sport Line 2014,480000000.0,18/09/2025,2014,Máy xăng,Sedan,Xe cũ,80000,Số tự động,Nhập khẩu,Tây Hồ - Hà Nội,https://oto.com.vn/mua-ban-xe-bmw-320i-ha-noi/xe-moi-bao-duong-thay-4-lop-michelin-moi-bao-check-thoai-mai-aidxc23367653
23371886,BMW 320i Executive 2014,460000000.0,30/09/2025,2014,Máy xăng,Sedan,Xe cũ,80000,Số tự động,Nhập khẩu,Tây Hồ - Hà Nội,https://oto.com.vn/mua-ban-xe-bmw-320i-ha-noi/xe-moi-bao-duong-va-thay-4-lop-20trieu-aidxc23371886
23372133,BMW 320i 2017,589000000.0,01/10/2025,2017,Máy xăng,Sedan,Xe cũ,N/A,Số tự động,Nhập khẩu,Tp.HCM,https://oto.com.vn/mua-ban-xe-bmw-320i-hcm/2017-tai-tp-aidxc23372133
23371658,BMW 320i 2022,1039000000.0,30/09/2025,2022,Máy xăng,N/A,Xe cũ,32000,Số tự động,Nhập khẩu,Tp.HCM,https://oto.com.vn/mua-ban-xe-bmw-320i-hcm/2022-tai-tp-aidxc23371658
23371916,BMW 320i 2016,530000000.0,01/10/2025,2016,Máy xăng,Sedan,Xe cũ,107000,Số tự động,Nhập khẩu,Gò Vấp - Tp.HCM,https://oto.com.vn/mua-ban-xe-bmw-320i-hcm/3-series-200-km-aidxc23371916
23371898,BMW 320i M Sport 2013,429000000.0,01/10/2025,2013,Máy xăng,Sedan,Xe cũ,80000,Số tự động,Nhập khẩu,Tp.HCM,https://oto.com.vn/mua-ban-xe-bmw-320i-hcm/3-series-2013-80000-km-aidxc23371898
23371694,BMW 320i 2013,360000000.0,30/09/2025,2013,Máy xăng,Sedan,Xe cũ,90000,Số tự động,Nhập khẩu,Tp.HCM,https://oto.com.vn/mua-ban-xe-bmw-320i-hcm/3-series-2013-90000-km-aidxc23371694
23369906,BMW 320i 2015,550000000.0,24/09/2025,2015,Máy xăng,Sedan,Xe cũ,84000,Số sàn,Nhập khẩu,Thủ Đức - Tp.HCM,https://oto.com.vn/mua-ban-xe-bmw-320i-hcm/3-series-2015-330i-84000-km-aidxc23369906
23371554,BMW 320i 2015,550000000.0,29/09/2025,2015,Máy xăng,Sedan,Xe cũ,84000,Số tự động,Nhập khẩu,Tp.HCM,https://oto.com.vn/mua-ban-xe-bmw-320i-hcm/chinh-chu-ban-xe-dang-ki-42016-aidxc23371554
23302422,BMW 320i GT 2017,700000000.0,18/09/2025,2017,Máy xăng,Sedan,Xe cũ,65000,Số tự động,Nhập khẩu,Quận 7 - Tp.HCM,https://oto.com.vn/mua-ban-xe-bmw-320i-hcm/gt-sx-2017-aidxc23302422
23370179,BMW 320i Sport Line 2022,1260000000.0,25/09/2025,2022,Máy xăng,Sedan,Xe cũ,42000,Số tự động,Nhập khẩu,Quận 7 - Tp.HCM,https://oto.com.vn/mua-ban-xe-bmw-320i-hcm/len-bodykit-m340i-sang-trong-the-thao-va-dang-cap-aidxc23370179
23371528,BMW 320i Sport Line 2024,1479000000.0,29/09/2025,2024,Máy xăng,Sedan,Xe cũ,14000,Số tự động,Nhập khẩu,Quận 2 - Tp.HCM,https://oto.com.vn/mua-ban-xe-bmw-320i-hcm/sportline-sx2024-sieu-luot-14k-km-aidxc23371528
23353796,BMW 320i Sport Line 2023,1330000000.0,15/09/2025,2023,Máy xăng,Sedan,Xe cũ,22500,Số tự động,Trong nước,Quận 8 - Tp.HCM,https://oto.com.vn/mua-ban-xe-bmw-320i-hcm/up-body-msport-mau-dennau-dep-odo-2v-aidxc23353796
23359134,BMW 323i 2009,250000000.0,27/08/2025,2009,Máy xăng,Sedan,Xe cũ,136000,Số tự động,Nhập khẩu,Quận 7 - Tp.HCM,https://oto.com.vn/mua-ban-xe-bmw-323i-hcm/can-ban-xe-sedan-3-series-san-xuat-nam-2009-nhap-khau-tu-duc-aidxc23359134
23362644,BMW 325i 2005,159000000.0,06/09/2025,2005,Máy xăng,Sedan,Xe cũ,100000,Số sàn,Nhập khẩu,Bình Dương,https://oto.com.vn/mua-ban-xe-bmw-325i-binh-duong/bien-so-vip-aidxc23362644
23363487,BMW 325i 2011,300000000.0,09/09/2025,2011,Máy xăng,Sedan,Xe cũ,168000,Số tự động,Nhập khẩu,Huyện Hồng Ngự - Gia Lai,https://oto.com.vn/mua-ban-xe-bmw-325i-gia-lai/connect-auto-chao-ban-2011-aidxc23363487
23371497,BMW 325i 2004,135000000.0,29/09/2025,2004,Máy xăng,Sedan,Xe cũ,200000,Số tự động,Nhập khẩu,Hà Nội,https://oto.com.vn/mua-ban-xe-bmw-325i-ha-noi/3-series-2004-200000-km-aidxc23371497
23366407,BMW 325i 2004,125000000.0,16/09/2025,2004,Máy xăng,Sedan,Xe cũ,88888,Số tự động,Nhập khẩu,Tân Uyên - Tp.HCM,https://oto.com.vn/mua-ban-xe-bmw-325i-hcm/3-series-2005-odo-888888-aidxc23366407
23367832,BMW 325i 2011,248000000.0,19/09/2025,2011,Máy xăng,Sedan,Xe cũ,88888,Số tự động,Nhập khẩu,Tân Uyên - Tp.HCM,https://oto.com.vn/mua-ban-xe-bmw-325i-hcm/3-series-2011-chinh-chu-aidxc23367832
23295205,BMW 328i 2013,425000000.0,10/03/2025,2013,Máy xăng,N/A,Xe cũ,120000,Số tự động,Nhập khẩu,Long Biên - Hà Nội,https://oto.com.vn/mua-ban-xe-bmw-328i-ha-noi/xe-dep-da-trang-bi-option-xin-gia-tot-aidxc23295205
23362780,BMW 330i M Sport 2019,1150000000.0,06/09/2025,2019,Máy xăng,Sedan,Xe cũ,47000,Số tự động,Nhập khẩu,An Giang,https://oto.com.vn/mua-ban-xe-bmw-330i-an-giang/3-series-2019-m-sport-47000-km-aidxc23362780
23364458,BMW 330i M Sport 2023,1699000000.0,11/09/2025,2023,Máy xăng,Sedan,Xe cũ,1,Số tự động,Nhập khẩu,Hà Nội,https://oto.com.vn/mua-ban-xe-bmw-330i-ha-noi/3-series-m-sport-2023-aidxc23364458
23371692,BMW 330i 2019,1000000000.0,30/09/2025,2019,Máy xăng,N/A,Xe cũ,72000,Số tự động,Nhập khẩu,Tp.HCM,https://oto.com.vn/mua-ban-xe-bmw-330i-hcm/2019-tai-tp-aidxc23371692
23364609,BMW 330i M Sport 2022,1399000000.0,12/09/2025,2022,Máy xăng,Sedan,Xe cũ,43200,Số tự động,Nhập khẩu,Tp.HCM,https://oto.com.vn/mua-ban-xe-bmw-330i-hcm/2022-so-tu-dong-tai-tp-aidxc23364609
23367766,BMW 330i M Sport 2020,1380000000.0,19/09/2025,2020,Máy xăng,Sedan,Xe cũ,70000,Số tự động,Nhập khẩu,Tp.HCM,https://oto.com.vn/mua-ban-xe-bmw-330i-hcm/3-series-2020-m-sport-70000-km-aidxc23367766
23334059,BMW 330i M Sport 2023,1779000000.0,19/06/2025,2023,Máy xăng,Sedan,Xe cũ,11000,Số tự động,Nhập khẩu,Quận 7 - Tp.HCM,https://oto.com.vn/mua-ban-xe-bmw-330i-hcm/33i-m-sport-2023-sieu-luot-11000km-cuc-dep-aidxc23334059
23322315,BMW 330i M Sport 2022,1439000000.0,16/06/2025,2022,Máy xăng,Sedan,Xe cũ,36666,Số tự động,Trong nước,Quận 7 - Tp.HCM,https://oto.com.vn/mua-ban-xe-bmw-330i-hcm/chat-xe-nhu-moi-bank-70-thuong-luong-thien-chi-aidxc23322315
23356342,BMW 330i M Sport 2024,1739000000.0,21/08/2025,2024,Máy xăng,Sedan,Xe cũ,4600,Số tự động,Nhập khẩu,Quận 7 - Tp.HCM,https://oto.com.vn/mua-ban-xe-bmw-330i-hcm/di-moi-4600km-like-new-aidxc23356342
23346145,BMW 330i M Sport 2021,1399000000.0,25/09/2025,2021,Máy xăng,Sedan,Xe cũ,26000,Số tự động,Nhập khẩu,Quận 7 - Tp.HCM,https://oto.com.vn/mua-ban-xe-bmw-330i-hcm/model-2022-mau-xanh-cuc-ben-aidxc23346145
23345786,BMW 330i 2023,1739000000.0,24/07/2025,2023,Máy xăng,Sedan,Xe cũ,4000,Số tự động,Trong nước,Quận 7 - Tp.HCM,https://oto.com.vn/mua-ban-xe-bmw-330i-hcm/model-2024-bh-hang-den-2028-aidxc23345786
23344541,BMW 330i M Sport 2023,1799000000.0,22/07/2025,2023,Máy xăng,Sedan,Xe cũ,5000,Số tự động,Trong nước,Quận 7 - Tp.HCM,https://oto.com.vn/mua-ban-xe-bmw-330i-hcm/option-chinh-hang-600-trieu-aidxc23344541
23353206,BMW 330i Sport Line 2015,685000000.0,11/08/2025,2015,Máy xăng,Sedan,Xe cũ,64000,Số tự động,Nhập khẩu,Quận 8 - Tp.HCM,https://oto.com.vn/mua-ban-xe-bmw-330i-hcm/sport-hang-hiem-may-b48-sieu-dep-aidxc23353206
23358952,BMW 330i M Sport 2023,1699000000.0,27/08/2025,2023,Máy xăng,Sedan,Xe cũ,4500,Số tự động,Nhập khẩu,Quận 7 - Tp.HCM,https://oto.com.vn/mua-ban-xe-bmw-330i-hcm/tiet-kiem-ngay-500tr-bank-65-aidxc23358952
23335530,BMW 330i M Sport 2022,1499000000.0,25/06/2025,2022,Máy xăng,Sedan,Xe cũ,38624,Số tự động,Nhập khẩu,Quận 7 - Tp.HCM,https://oto.com.vn/mua-ban-xe-bmw-330i-hcm/xe-luot-chat-luong-nhu-moi-voi-gia-hap-dan-aidxc23335530
23334553,BMW 330i M Sport 2024,1869000000.0,20/06/2025,2024,Máy xăng,Sedan,Xe cũ,5000,Số tự động,Nhập khẩu,Tp.HCM,https://oto.com.vn/mua-ban-xe-bmw-330i-hcm/xe-sedan-cao-cap-2024-sieu-luot-odo-5000km-aidxc23334553
23329408,BMW 335i 2007,500000000.0,07/07/2025,2007,Máy xăng,Convertible,Xe cũ,11000,Số tự động,Nhập khẩu,Hà Nội,https://oto.com.vn/mua-ban-xe-bmw-335i-ha-noi/mui-tran-phap-phoi-aidxc23329408
23349597,BMW 335i 2009,545000000.0,01/08/2025,2009,Máy xăng,Convertible,Xe cũ,89800,Số tự động,Nhập khẩu,Bình Thạnh - Tp.HCM,https://oto.com.vn/mua-ban-xe-bmw-335i-hcm/335-convertible-mui-sep-cung-full-do-choi-noi-that-niem-da-zin-rat-dep-am-thanh-hay-nha-aidxc23349597
23361642,BMW 335i 2009,525000000.0,04/09/2025,2009,Máy xăng,Convertible,Xe cũ,89800,Số tự động,Nhập khẩu,Bình Thạnh - Tp.HCM,https://oto.com.vn/mua-ban-xe-bmw-335i-hcm/335-convertible-mui-sep-cung-full-do-choi-noi-that-niem-da-zin-rat-dep-am-thanh-hay-nha-aidxc23361642
23371824,BMW 420i Convertible 2017,1339000000.0,30/09/2025,2017,Máy xăng,N/A,Xe cũ,32000,Số tự động,N/A,Tp.HCM,https://oto.com.vn/mua-ban-xe-bmw-420i-hcm/2017-tai-tp-aidxc23371824
23356311,BMW 420i Convertible 2015,1199000000.0,24/09/2025,2015,Máy xăng,Convertible,Xe cũ,49000,Số tự động,Nhập khẩu,Quận 7 - Tp.HCM,https://oto.com.vn/mua-ban-xe-bmw-420i-hcm/convertible-2015-mot-chu-tu-moi-aidxc23356311
23323286,BMW 420i Convertible 2015,1199000000.0,24/09/2025,2015,Máy xăng,Convertible,Xe cũ,30000,Số tự động,Nhập khẩu,Quận 7 - Tp.HCM,https://oto.com.vn/mua-ban-xe-bmw-420i-hcm/convertible-model-2016-aidxc23323286
23362651,BMW 420i Convertible 2019,1700000000.0,06/09/2025,2019,Máy xăng,Convertible,Xe cũ,62000,Số tự động,Nhập khẩu,Tp.HCM,https://oto.com.vn/mua-ban-xe-bmw-420i-hcm/convertible-model-2020-62000-km-aidxc23362651
23365468,BMW 420i Convertible 2019,1699000000.0,13/09/2025,2019,Máy xăng,Sedan,Xe cũ,62000,Số tự động,Nhập khẩu,Quận 7 - Tp.HCM,https://oto.com.vn/mua-ban-xe-bmw-420i-hcm/dinh-cao-phong-cach-trai-nghiem-mui-tran-dang-cap-aidxc23365468
23096464,BMW 428i 2013,699000000.0,15/05/2025,2013,Máy xăng,Sedan,Xe cũ,150000,Số tự động,Nhập khẩu,Thanh Xuân - Hà Nội,https://oto.com.vn/mua-ban-xe-bmw-428i-ha-noi/sieu-chat-odo-15-van-aidxc23096464
23349185,BMW 428i 2015,759000000.0,30/08/2025,2015,Máy xăng,Sedan,Xe cũ,98000,Số tự động,Nhập khẩu,Quận 7 - Tp.HCM,https://oto.com.vn/mua-ban-xe-bmw-428i-hcm/gran-coupe-2015-ban-do-m-sport-full-option-cuc-chat-aidxc23349185
23361294,BMW 430i M Sport 2023,2779000000.0,03/09/2025,2023,Máy xăng,N/A,Xe cũ,3200,Số tự động,Nhập khẩu,Hà Nội,https://oto.com.vn/mua-ban-xe-bmw-430i-ha-noi/2023-aidxc23361294
23371533,BMW 430i Convertible 2023,2998000000.0,29/09/2025,2023,Máy xăng,Convertible,Xe cũ,14000,Số tự động,Nhập khẩu,Long Biên - Hà Nội,https://oto.com.vn/mua-ban-xe-bmw-430i-ha-noi/xe-convertible-sang-trong-chay-it-aidxc23371533
23312035,BMW 430i Convertible 2023,2999000000.0,13/08/2025,2023,Máy xăng,Convertible,Xe cũ,4000,Số tự động,Nhập khẩu,Quận 7 - Tp.HCM,https://oto.com.vn/mua-ban-xe-bmw-430i-hcm/4000km-khong-khac-gi-xe-moi-aidxc23312035
23351179,BMW 430i Convertible 2022,2598000000.0,06/08/2025,2022,Máy xăng,N/A,Xe cũ,20000,Số tự động,Nhập khẩu,Quận 7 - Tp.HCM,https://oto.com.vn/mua-ban-xe-bmw-430i-hcm/bao-dau-bank-70-90-ib-zalo-tu-van-truc-tiep-247-aidxc23351179
23367105,BMW 430i 2023,2638000000.0,17/09/2025,2023,Máy xăng,N/A,Xe cũ,22222,Số tự động,Trong nước,Quận 7 - Tp.HCM,https://oto.com.vn/mua-ban-xe-bmw-430i-hcm/bao-dau-bank-70-90-ib-zalo-tu-van-truc-tiep-247-aidxc23367105
23367890,BMW 430i 2023,2638000000.0,19/09/2025,2023,Máy xăng,N/A,Xe cũ,22222,Số tự động,Trong nước,Quận 7 - Tp.HCM,https://oto.com.vn/mua-ban-xe-bmw-430i-hcm/bao-dau-bank-70-90-ib-zalo-tu-van-truc-tiep-247-aidxc23367890
23370609,BMW 430i 2023,2778000000.0,26/09/2025,2023,Máy xăng,N/A,Xe cũ,3000,Số tự động,Trong nước,Quận 7 - Tp.HCM,https://oto.com.vn/mua-ban-xe-bmw-430i-hcm/bao-dau-bank-70-90-ib-zalo-tu-van-truc-tiep-247-aidxc23370609
23371426,BMW 430i Convertible 2023,2638000000.0,29/09/2025,2023,Máy xăng,Convertible,Xe cũ,22000,Số tự động,Nhập khẩu,Quận 7 - Tp.HCM,https://oto.com.vn/mua-ban-xe-bmw-430i-hcm/convertible-m-sport-model-2024-mau-moi-option-them-100tr-aidxc23371426
23372521,BMW 430i Convertible 2023,2999000000.0,02/10/2025,2023,Máy xăng,Convertible,Xe cũ,14444,Số tự động,Nhập khẩu,Quận 7 - Tp.HCM,https://oto.com.vn/mua-ban-xe-bmw-430i-hcm/mau-xe-moi-nhat-2024-noi-that-do-hiem-co-aidxc23372521
23361357,BMW 430i Convertible 2023,2778000000.0,03/09/2025,2023,Máy xăng,Convertible,Xe cũ,3000,Số tự động,Nhập khẩu,Quận 7 - Tp.HCM,https://oto.com.vn/mua-ban-xe-bmw-430i-hcm/noi-that-da-cao-cap-cong-nghe-tien-tien-aidxc23361357
23312089,BMW 430i Convertible 2023,2999000000.0,14/06/2025,2023,Máy xăng,Sport Car,Xe cũ,3999,Số tự động,Nhập khẩu,Quận 7 - Tp.HCM,https://oto.com.vn/mua-ban-xe-bmw-430i-hcm/tiet-kiem-ngay-500tr-aidxc23312089
23317739,BMW 430i Convertible 2023,3098000000.0,05/06/2025,2023,Máy xăng,Sport Car,Xe cũ,4000,Số tự động,Nhập khẩu,Quận 7 - Tp.HCM,https://oto.com.vn/mua-ban-xe-bmw-430i-hcm/tiet-kiem-ngay-500tr-aidxc23317739
23371562,BMW 430i Convertible 2023,2999000000.0,29/09/2025,2023,Máy xăng,Convertible,Xe cũ,14500,Số tự động,Nhập khẩu,Quận 7 - Tp.HCM,https://oto.com.vn/mua-ban-xe-bmw-430i-hcm/tiet-kiem-ngay-500tr-bank-65-aidxc23371562
23335633,BMW 430i Convertible 2023,2999000000.0,30/07/2025,2023,Máy xăng,Convertible,Xe cũ,4000,Số tự động,Nhập khẩu,Quận 7 - Tp.HCM,https://oto.com.vn/mua-ban-xe-bmw-430i-hcm/tiet-kiem-ngay-600tr-bank-70-aidxc23335633
23328731,BMW 430i M Sport 2023,2199000000.0,31/05/2025,2023,Máy xăng,Sedan,Xe cũ,2600,Số tự động,Nhập khẩu,Quận 7 - Tp.HCM,https://oto.com.vn/mua-ban-xe-bmw-430i-hcm/xe-sieu-luot-2600km-xem-xe-tai-aidxc23328731
23364080,BMW 520i 2015,578000000.0,11/09/2025,2015,Máy xăng,Sedan,Xe cũ,95000,Số tự động,Nhập khẩu,Bà Rịa Vũng Tàu,https://oto.com.vn/mua-ban-xe-bmw-520i-ba-ria-vung-tau/5-series-2015-578-trieu-aidxc23364080
23362687,BMW 520i Luxury Line 2016,579000000.0,06/09/2025,2016,Máy xăng,Sedan,Xe cũ,116000,Số tự động,Nhập khẩu,Long Thành - Đồng Nai,https://oto.com.vn/mua-ban-xe-bmw-520i-dong-nai/f10-2016-lci-full-bao-duong-lon-aidxc23362687
23363598,BMW 520i 2012,499000000.0,09/09/2025,2012,Máy xăng,Sedan,Xe cũ,110000,Số tự động,Nhập khẩu,Hà Nội,https://oto.com.vn/mua-ban-xe-bmw-520i-ha-noi/2012-aidxc23363598
23362146,BMW 520i 2022,1729000000.0,05/09/2025,2022,Máy xăng,Sedan,Xe cũ,32,Số tự động,Nhập khẩu,Hà Nội,https://oto.com.vn/mua-ban-xe-bmw-520i-ha-noi/2022-aidxc23362146
23361541,BMW 520i 2023,1739000000.0,04/09/2025,2023,Máy xăng,N/A,Xe cũ,21000,Số tự động,N/A,Hà Nội,https://oto.com.vn/mua-ban-xe-bmw-520i-ha-noi/2023-aidxc23361541
23366538,BMW 520i 2015,575000000.0,16/09/2025,2015,Máy xăng,Sedan,Xe cũ,95000,Số tự động,Nhập khẩu,Hà Nội,https://oto.com.vn/mua-ban-xe-bmw-520i-ha-noi/5-series-2015-575-trieu-aidxc23366538
23371173,BMW 520i 2015,598000000.0,28/09/2025,2015,Máy xăng,Sedan,Xe cũ,92000,Số tự động,Nhập khẩu,Hà Nội,https://oto.com.vn/mua-ban-xe-bmw-520i-ha-noi/5-series-2015-92000-km-aidxc23371173
23369329,BMW 520i M Sport 2020,1189000000.0,23/09/2025,2020,Máy xăng,Sedan,Xe cũ,40000,Số tự động,Trong nước,Hà Nội,https://oto.com.vn/mua-ban-xe-bmw-520i-ha-noi/luxury-len-loa-harman-mam-msport-aidxc23369329
23365237,BMW 520i 2016,579000000.0,13/09/2025,2016,Máy xăng,Sedan,Xe cũ,65000,Số tự động,Nhập khẩu,Tp.HCM,https://oto.com.vn/mua-ban-xe-bmw-520i-hcm/5-series-2016-aidxc23365237
23349161,BMW 520i Luxury Line 2016,699000000.0,02/10/2025,2016,Máy xăng,Sedan,Xe cũ,41000,Số tự động,Nhập khẩu,Quận 7 - Tp.HCM,https://oto.com.vn/mua-ban-xe-bmw-520i-hcm/dang-cap-doanh-nhan-duc-lich-lam-va-ben-bi-theo-thoi-gian-aidxc23349161
23368044,BMW 520i M Sport 2019,1085000000.0,19/09/2025,2019,Máy xăng,Sedan,Xe cũ,60000,Số tự động,Nhập khẩu,Tp.HCM,https://oto.com.vn/mua-ban-xe-bmw-520i-hcm/g30-model-2019-aidxc23368044
23371495,BMW 520i 2016,679000000.0,29/09/2025,2016,Máy xăng,Sedan,Xe cũ,86000,Số tự động,Nhập khẩu,Quận 6 - Tp.HCM,https://oto.com.vn/mua-ban-xe-bmw-520i-hcm/lci-n20-chat-zindep-aidxc23371495
23365160,BMW 520i Luxury Line 2022,1579000000.0,13/09/2025,2022,Máy xăng,Sedan,Xe cũ,23000,Số tự động,Nhập khẩu,Tp.HCM,https://oto.com.vn/mua-ban-xe-bmw-520i-hcm/luxury-line-2022-1-ty-579-trieu-aidxc23365160
23336233,BMW 520i Luxury Line 2022,1330000000.0,03/09/2025,2022,Máy xăng,Sedan,Xe cũ,40000,Số tự động,Nhập khẩu,Quận 7 - Tp.HCM,https://oto.com.vn/mua-ban-xe-bmw-520i-hcm/luxury-line-2022-aidxc23336233
23364417,BMW 520i 2015,539000000.0,11/09/2025,2015,Máy xăng,Sedan,Xe cũ,60000,Số tự động,Nhập khẩu,Quận 8 - Tp.HCM,https://oto.com.vn/mua-ban-xe-bmw-520i-hcm/model-2016-aidxc23364417
23365145,BMW 523i 2011,395000000.0,13/09/2025,2011,Máy xăng,Sedan,Xe cũ,100000,Số tự động,Nhập khẩu,Bình Dương,https://oto.com.vn/mua-ban-xe-bmw-523i-binh-duong/5-series-2011-100000-km-aidxc23365145
23368376,BMW 523i 2010,356000000.0,20/09/2025,2010,Máy xăng,N/A,Xe cũ,140000,Số tự động,N/A,Đồng Nai,https://oto.com.vn/mua-ban-xe-bmw-523i-dong-nai/2010-tai-aidxc23368376
23367716,BMW 523i 2012,399000000.0,19/09/2025,2012,Máy xăng,N/A,Xe cũ,120000,Số tự động,N/A,Hà Nội,https://oto.com.vn/mua-ban-xe-bmw-523i-ha-noi/2012-aidxc23367716
23370879,BMW 523i 2009,279000000.0,27/09/2025,2009,Máy xăng,Sedan,Xe cũ,50000,Số tự động,Nhập khẩu,Hà Tĩnh,https://oto.com.vn/mua-ban-xe-bmw-523i-ha-tinh/25l-2009-nhap-duc-aidxc23370879
23367894,BMW 523i 2009,245000000.0,19/09/2025,2009,Máy xăng,Sedan,Xe cũ,150000,Số tự động,Nhập khẩu,Quận 12 - Tp.HCM,https://oto.com.vn/mua-ban-xe-bmw-523i-hcm/5-series-2000-km-aidxc23367894
23334651,BMW 525i 1991,300000000.0,21/06/2025,1991,Máy xăng,Sedan,Xe cũ,100000,Số tự động,Nhập khẩu,Đà Nẵng,https://oto.com.vn/mua-ban-xe-bmw-525i-da-nang/thanh-ly-em-ay-gap-aidxc23334651
23336083,BMW 525i 1991,180000000.0,28/06/2025,1991,Máy xăng,Sedan,Xe cũ,100000,Số tự động,Nhập khẩu,Cẩm Lệ - Đà Nẵng,https://oto.com.vn/mua-ban-xe-bmw-525i-da-nang/thanh-ly-em-ay-gap-aidxc23336083
23364148,BMW 528i GT 2013,500000000.0,11/09/2025,2013,Máy xăng,Sedan,Xe cũ,82000,Số tự động,Nhập khẩu,Đà Nẵng,https://oto.com.vn/mua-ban-xe-bmw-528i-da-nang/5-series-2013-82000-km-aidxc23364148
23369115,BMW 528i 2010,385000000.0,24/09/2025,2010,Máy xăng,Sedan,Xe cũ,N/A,Số tự động,Nhập khẩu,Hà Nội,https://oto.com.vn/mua-ban-xe-bmw-528i-ha-noi/385tr-aidxc23369115
23364470,BMW 528i GT 2011,395000000.0,11/09/2025,2011,Máy xăng,Sedan,Xe cũ,100000,Số tự động,Nhập khẩu,Tp.HCM,https://oto.com.vn/mua-ban-xe-bmw-528i-hcm/5-series-2017-100000-km-aidxc23364470
23370939,BMW 528i GT 2017,863000000.0,27/09/2025,2017,Máy xăng,Sedan,Xe cũ,60000,Số tự động,Nhập khẩu,Tp.HCM,https://oto.com.vn/mua-ban-xe-bmw-528i-hcm/5-series-gt-2017-863-trieu-aidxc23370939
23349186,BMW 528i 2013,679000000.0,31/07/2025,2013,Máy xăng,Sedan,Xe cũ,72000,Số tự động,Nhập khẩu,Quận 7 - Tp.HCM,https://oto.com.vn/mua-ban-xe-bmw-528i-hcm/sedan-hang-sang-dang-cap-duc-lich-lam-manh-me-option-day-du-aidxc23349186
23367977,BMW 530i 2004,130000000.0,19/09/2025,2004,Máy xăng,Sedan,Xe cũ,128856,Số tự động,Nhập khẩu,Hà Nội,https://oto.com.vn/mua-ban-xe-bmw-530i-ha-noi/2004-128856-km-aidxc23367977
23365174,BMW 530i 2019,1299000000.0,13/09/2025,2019,Máy xăng,Sedan,Xe cũ,80000,Số tự động,Nhập khẩu,Hà Nội,https://oto.com.vn/mua-ban-xe-bmw-530i-ha-noi/2019-aidxc23365174
23369218,BMW 530i Luxury Line 2019,1299000000.0,23/09/2025,2019,Máy xăng,Sedan,Xe cũ,1,Số tự động,Nhập khẩu,Hà Nội,https://oto.com.vn/mua-ban-xe-bmw-530i-ha-noi/5-series-luxury-line-2019-aidxc23369218
23362706,BMW 530i 2007,270000000.0,06/09/2025,2007,Máy xăng,Sedan,Xe cũ,21000,Số tự động,Nhập khẩu,Tây Hồ - Hà Nội,https://oto.com.vn/mua-ban-xe-bmw-530i-ha-noi/chinh-chu-can-ban-gap-aidxc23362706
23348655,BMW 530i M Sport 2022,2139000000.0,29/08/2025,2022,Máy xăng,Sedan,Xe cũ,38000,Số tự động,Nhập khẩu,Long Biên - Hà Nội,https://oto.com.vn/mua-ban-xe-bmw-530i-ha-noi/dang-ky-t82022-aidxc23348655
23330506,BMW 530i M Sport 2022,2199000000.0,09/06/2025,2022,Máy xăng,Sedan,Xe cũ,38000,Số tự động,Nhập khẩu,Long Biên - Hà Nội,https://oto.com.vn/mua-ban-xe-bmw-530i-ha-noi/giam-truc-tiep-them-ngay-60-tr-xe-1-chu-mua-moi-tu-dau-aidxc23330506
23330363,BMW 530i Luxury Line 2019,1500000000.0,08/06/2025,2019,Máy xăng,Sedan,Xe cũ,30,Số tự động,Nhập khẩu,Hoàng Mai - Hà Nội,https://oto.com.vn/mua-ban-xe-bmw-530i-ha-noi/luxury-line-2019-aidxc23330363
23364005,BMW 530i M Sport 2022,1999000000.0,10/09/2025,2022,Máy xăng,Sedan,Xe cũ,38000,Số tự động,Nhập khẩu,Cầu Giấy - Hà Nội,https://oto.com.vn/mua-ban-xe-bmw-530i-ha-noi/m-sport-2023-aidxc23364005
23324201,BMW 530i M Sport 2022,2139000000.0,23/06/2025,2022,Máy xăng,Sedan,Xe cũ,38000,Số tự động,Nhập khẩu,Long Biên - Hà Nội,https://oto.com.vn/mua-ban-xe-bmw-530i-ha-noi/mot-chu-mua-moi-tu-dau-bao-check-thaoir-mai-ve-chat-xe-aidxc23324201
23362023,BMW 530i 2007,285000000.0,05/09/2025,2007,Máy xăng,Sedan,Xe cũ,2100,Số tự động,Nhập khẩu,Hà Nội,https://oto.com.vn/mua-ban-xe-bmw-530i-ha-noi/xe-su-dung-di-tot-bao-duong-dinh-ki-day-du-aidxc23362023
23298451,BMW 530i M Sport 2021,2279000000.0,07/05/2025,2021,Máy xăng,Sedan,Xe cũ,19000,Số tự động,Nhập khẩu,Quận 7 - Tp.HCM,https://oto.com.vn/mua-ban-xe-bmw-530i-hcm/19000km-ban-msport-cao-cap-nhat-aidxc23298451
23367240,BMW 530i Luxury Line 2020,1179000000.0,17/09/2025,2020,Máy xăng,Sedan,Xe cũ,86400,Số tự động,Nhập khẩu,Tp.HCM,https://oto.com.vn/mua-ban-xe-bmw-530i-hcm/2020-tai-tp-aidxc23367240
23350333,BMW 530i 2022,2138000000.0,04/08/2025,2022,Máy xăng,N/A,Xe cũ,39000,Số tự động,Nhập khẩu,Quận 7 - Tp.HCM,https://oto.com.vn/mua-ban-xe-bmw-530i-hcm/bao-dau-bank-70-90-ib-zalo-tu-van-truc-tiep-247-aidxc23350333
23353757,BMW 530i Luxury Line 2019,1399000000.0,15/09/2025,2019,Máy xăng,Sedan,Xe cũ,28000,Số tự động,Nhập khẩu,Quận 7 - Tp.HCM,https://oto.com.vn/mua-ban-xe-bmw-530i-hcm/dang-cap-doanh-nhan-xe-dep-chat-luong-cao-aidxc23353757
23364197,BMW 530i Luxury Line 2019,1399000000.0,11/09/2025,2019,Máy xăng,Sedan,Xe cũ,46000,Số tự động,Nhập khẩu,Tp.HCM,https://oto.com.vn/mua-ban-xe-bmw-530i-hcm/nhu-xe-dap-thung-aidxc23364197
23094069,BMW 550i GT 2010,558000000.0,15/05/2025,2010,Máy xăng,SUV,Xe cũ,90000,Số tự động,Nhập khẩu,Thanh Xuân - Hà Nội,https://oto.com.vn/mua-ban-xe-bmw-550i-ha-noi/558-trieu-aidxc23094069
23329406,BMW 630i Convertible 2008,999000000.0,04/06/2025,2008,Máy xăng,Convertible,Xe cũ,66666,Số tự động,Nhập khẩu,Hà Nội,https://oto.com.vn/mua-ban-xe-bmw-630i-ha-noi/sieu-chat-cuc-doc-aidxc23329406
23349037,BMW 640i 2013,1090000000.0,30/07/2025,2013,Máy xăng,N/A,Xe cũ,50000,Số tự động,Nhập khẩu,Biên Hòa - Đồng Nai,https://oto.com.vn/mua-ban-xe-bmw-640i-dong-nai/gia-re-can-ban-gap-aidxc23349037
23292569,BMW 640i Gran Coupe 2012,888000000.0,15/09/2025,2012,Máy xăng,Sedan,Xe cũ,39000,Số tự động,Nhập khẩu,Quận 7 - Tp.HCM,https://oto.com.vn/mua-ban-xe-bmw-640i-hcm/dong-co-30-nhap-khau-aidxc23292569
23332122,BMW 640i 2012,888000000.0,27/08/2025,2012,Máy xăng,Sedan,Xe cũ,38000,Số tự động,Nhập khẩu,Quận 7 - Tp.HCM,https://oto.com.vn/mua-ban-xe-bmw-640i-hcm/gran-coupe-model-2013-nhap-duc-aidxc23332122
23202880,BMW 730Li 2011,565000000.0,30/09/2025,2011,Máy xăng,Sedan,Xe cũ,83000,Số tự động,Nhập khẩu,Hoàng Mai - Hà Nội,https://oto.com.vn/mua-ban-xe-bmw-730li-ha-noi/730-sx2011-den-noi-that-kem-chay-hon-8v-km-chay-cuc-suong-aidxc23202880
23110075,BMW 730Li 2014,986000000.0,15/05/2025,2014,Máy xăng,Sedan,Xe cũ,70000,Số tự động,Nhập khẩu,Thanh Xuân - Hà Nội,https://oto.com.vn/mua-ban-xe-bmw-730li-ha-noi/7v-km-zin-aidxc23110075
23342926,BMW 730Li M Sport 2020,2550000000.0,18/07/2025,2020,Máy xăng,Sedan,Xe cũ,51000,Số tự động,Nhập khẩu,Ba Đình - Hà Nội,https://oto.com.vn/mua-ban-xe-bmw-730li-ha-noi/m-sport-2020-aidxc23342926
23335682,BMW 730Li M Sport 2011,480000000.0,26/06/2025,2011,Máy xăng,Sedan,Xe cũ,100000,Số tự động,Nhập khẩu,Long Biên - Hà Nội,https://oto.com.vn/mua-ban-xe-bmw-730li-ha-noi/xe-dep-chay-chuan-10-van-km-aidxc23335682
23353815,BMW 730Li Pure Excellence 2016,1250000000.0,18/09/2025,2016,Máy xăng,Sedan,Xe cũ,65000,Số tự động,Nhập khẩu,Quận 7 - Tp.HCM,https://oto.com.vn/mua-ban-xe-bmw-730li-hcm/2016-aidxc23353815
23346059,BMW 730Li 2015,1559000000.0,25/07/2025,2015,Máy xăng,N/A,Xe cũ,19000,Số tự động,Trong nước,Quận 7 - Tp.HCM,https://oto.com.vn/mua-ban-xe-bmw-730li-hcm/can-ban-gap-xe-dep-nhu-moi-aidxc23346059
23348525,BMW 730Li 2015,1250000000.0,30/08/2025,2015,Máy xăng,Sedan,Xe cũ,69000,Số tự động,Nhập khẩu,Quận 7 - Tp.HCM,https://oto.com.vn/mua-ban-xe-bmw-730li-hcm/dang-cap-doanh-nhan-xe-dep-hiem-gap-aidxc23348525
23346149,BMW 730Li M Sport 2015,1559000000.0,25/07/2025,2015,Máy xăng,Sedan,Xe cũ,19000,Số tự động,Nhập khẩu,Quận 7 - Tp.HCM,https://oto.com.vn/mua-ban-xe-bmw-730li-hcm/dang-ki-2016-da-len-nhieu-options-luot-hon-1-van-aidxc23346149
23324533,BMW 730Li M Sport 2020,2479000000.0,19/05/2025,2020,Máy xăng,Sedan,Xe cũ,52000,Số tự động,Nhập khẩu,Gò Vấp - Tp.HCM,https://oto.com.vn/mua-ban-xe-bmw-730li-hcm/m-sport-2020-aidxc23324533
23363521,BMW 730Li M Sport 2018,1799000000.0,09/09/2025,2018,Máy xăng,Sedan,Xe cũ,78,Số tự động,Nhập khẩu,Bình Tân - Tp.HCM,https://oto.com.vn/mua-ban-xe-bmw-730li-hcm/model-2019-aidxc23363521
23353790,BMW 730Li Pure Excellence 2018,1600000000.0,18/09/2025,2018,Máy xăng,Sedan,Xe cũ,65000,Số tự động,Nhập khẩu,Quận 7 - Tp.HCM,https://oto.com.vn/mua-ban-xe-bmw-730li-hcm/sx-2018-aidxc23353790
23278197,BMW 730Li M Sport 2020,2550000000.0,08/03/2025,2020,Máy xăng,N/A,Xe cũ,38000,Số tự động,Trong nước,Quận 7 - Tp.HCM,https://oto.com.vn/mua-ban-xe-bmw-730li-hcm/xe-dep-full-lich-su-hang-aidxc23278197
23340775,BMW 735i Pure Excellence 2023,4599000000.0,13/07/2025,2023,Máy xăng,Sedan,Xe cũ,19000,Số tự động,Nhập khẩu,Cầu Giấy - Hà Nội,https://oto.com.vn/mua-ban-xe-bmw-735i-ha-noi/pure-excellence-2023-aidxc23340775
23371515,BMW 735i M Sport 2023,4150000000.0,29/09/2025,2023,Máy xăng,Sedan,Xe cũ,12000,Số tự động,Nhập khẩu,Quận 1 - Tp.HCM,https://oto.com.vn/mua-ban-xe-bmw-735i-hcm/ban-xe-aidxc23371515
23335882,BMW 735i Pure Excellence 2023,4598000000.0,27/06/2025,2023,Máy xăng,N/A,Xe cũ,19000,Số tự động,Nhập khẩu,Quận 7 - Tp.HCM,https://oto.com.vn/mua-ban-xe-bmw-735i-hcm/bao-dau-bank-70-90-ib-zalo-tu-van-truc-tiep-247-aidxc23335882
23367638,BMW 740Li Pure Excellence 2018,2350000000.0,18/09/2025,2018,Máy xăng,N/A,Xe cũ,64000,Số tự động,Nhập khẩu,Hà Nội,https://oto.com.vn/mua-ban-xe-bmw-740li-ha-noi/2018-aidxc23367638
23367843,BMW 740Li Pure Excellence 2018,2350000000.0,19/09/2025,2018,Máy xăng,SUV,Xe cũ,64000,Số tự động,Nhập khẩu,Hà Nội,https://oto.com.vn/mua-ban-xe-bmw-740li-ha-noi/nhap-duc-mau-trang-noi-that-kem-odo-6-van-4-km-aidxc23367843
23336864,BMW 740Li Pure Excellence 2019,3090000000.0,02/07/2025,2019,Máy xăng,Sedan,Xe cũ,11000,Số tự động,Nhập khẩu,Ba Đình - Hà Nội,https://oto.com.vn/mua-ban-xe-bmw-740li-ha-noi/pure-excellence-2019-aidxc23336864
23363249,BMW 740Li 2019,2680000000.0,09/09/2025,2019,Máy xăng,Sedan,Xe cũ,70000,Số tự động,Nhập khẩu,Nam Từ Liêm - Hà Nội,https://oto.com.vn/mua-ban-xe-bmw-740li-ha-noi/xe-1-chu-full-lich-su-hang-aidxc23363249
23337970,BMW 740Li M Sport 2020,3039000000.0,11/08/2025,2020,Máy xăng,Sedan,Xe cũ,39000,Số tự động,Nhập khẩu,Long Biên - Hà Nội,https://oto.com.vn/mua-ban-xe-bmw-740li-ha-noi/xem-xe-tai-long-bien-hn-aidxc23337970
23270355,BMW 740Li 2020,2700000000.0,09/07/2025,2020,Máy xăng,Sedan,Xe cũ,78000,Số tự động,Nhập khẩu,Bình Thạnh - Tp.HCM,https://oto.com.vn/mua-ban-xe-bmw-740li-hcm/2020-aidxc23270355
23300294,BMW 740Li 2016,1639000000.0,20/03/2025,2016,Máy xăng,N/A,Xe cũ,75000,Số tự động,Nhập khẩu,Quận 7 - Tp.HCM,https://oto.com.vn/mua-ban-xe-bmw-740li-hcm/ho-tro-tra-gop-lai-suat-uu-dai-gia-tot-xem-xe-tai-tp-aidxc23300294
23306581,BMW 750Li 2011,630000000.0,03/04/2025,2011,Máy xăng,Sedan,Xe cũ,10,Số tự động,Nhập khẩu,Hà Nội,https://oto.com.vn/mua-ban-xe-bmw-750li-ha-noi/full-options-aidxc23306581
23310453,BMW 750Li 2011,650000000.0,11/04/2025,2011,Máy xăng,Sedan,Xe cũ,16,Số tự động,Nhập khẩu,Hà Nội,https://oto.com.vn/mua-ban-xe-bmw-750li-ha-noi/model-2021-aidxc23310453
23364064,BMW 750Li 2010,579000000.0,11/09/2025,2010,Máy xăng,Sedan,Xe cũ,82000,Số tự động,Nhập khẩu,Tp.HCM,https://oto.com.vn/mua-ban-xe-bmw-750li-hcm/2010-aidxc23364064
23365469,BMW 750Li 2009,579000000.0,13/09/2025,2009,Máy xăng,Sedan,Xe cũ,82000,Số tự động,Nhập khẩu,Quận 7 - Tp.HCM,https://oto.com.vn/mua-ban-xe-bmw-750li-hcm/dinh-cao-dang-cap-lich-lam-uy-luc-aidxc23365469
23365141,BMW 750Li 2008,495000000.0,13/09/2025,2008,Máy xăng,Sedan,Xe cũ,1,Số tự động,Nhập khẩu,Tp.HCM,https://oto.com.vn/mua-ban-xe-bmw-750li-hcm/xe-7-series-2008-495-trieu-aidxc23365141
23369479,BMW 750Li 2005,292000000.0,23/09/2025,2005,Máy xăng,Sedan,Xe cũ,120000,Số tự động,Nhập khẩu,Khánh Hòa,https://oto.com.vn/mua-ban-xe-bmw-750li-khanh-hoa/7-series-2005-292-trieu-aidxc23369479
22961863,BMW 760Li 2013,1880000000.0,03/06/2025,2013,Máy xăng,Sedan,Xe cũ,73000,Số tự động,Nhập khẩu,Nam Từ Liêm - Hà Nội,https://oto.com.vn/mua-ban-xe-bmw-760li-ha-noi/hang-doc-duoc-suu-tam-aidxc22961863
23040053,BMW 760Li 2013,1750000000.0,03/06/2025,2013,Máy xăng,Sedan,Xe cũ,70000,Số tự động,Nhập khẩu,Nam Từ Liêm - Hà Nội,https://oto.com.vn/mua-ban-xe-bmw-760li-ha-noi/sieu-hiem-1-chu-tu-moi-aidxc23040053
23364457,BMW i8 2014,2290000000.0,11/09/2025,2014,Hybrid,Sport Car,Xe cũ,N/A,Số tự động,Nhập khẩu,Hà Nội,https://oto.com.vn/mua-ban-xe-bmw-i8-ha-noi/san-xuat-2014-zin-100-aidxc23364457
23363558,BMW M3 2019,435000000.0,09/09/2025,2019,Máy xăng,N/A,Xe cũ,N/A,Số tự động,N/A,Hà Nội,https://oto.com.vn/mua-ban-xe-bmw-m3-ha-noi/2019-aidxc23363558
23371098,BMW X1 2010,285000000.0,28/09/2025,2010,Máy xăng,SUV,Xe cũ,161000,Số tự động,Nhập khẩu,Bắc Giang,https://oto.com.vn/mua-ban-xe-bmw-x1-bac-giang/2010-160000-km-aidxc23371098
23298119,BMW X1 sDrive18i 2010,198000000.0,15/03/2025,2010,Máy xăng,SUV,Xe cũ,120000,Số tự động,Nhập khẩu,Hoàng Mai - Hà Nội,https://oto.com.vn/mua-ban-xe-bmw-x1-ha-noi/20-nhap-duc-2010-dk2012-chinh-chu-la-e-aidxc23298119
23364109,BMW X1 2016,570000000.0,11/09/2025,2016,Máy xăng,SUV,Xe cũ,N/A,Số tự động,Nhập khẩu,Hà Nội,https://oto.com.vn/mua-ban-xe-bmw-x1-ha-noi/2016-aidxc23364109
23329034,BMW X1 2017,599000000.0,03/06/2025,2017,Máy xăng,SUV,Xe cũ,160000,Số tự động,Nhập khẩu,Quận 7 - Tp.HCM,https://oto.com.vn/mua-ban-xe-bmw-x1-hcm/bao-kiem-tra-xe-toan-quoc-aidxc23329034
23258398,BMW X1 sDrive18i 2016,599000000.0,12/05/2025,2016,Máy xăng,SUV,Xe cũ,100,Số tự động,Nhập khẩu,Quận 7 - Tp.HCM,https://oto.com.vn/mua-ban-xe-bmw-x1-hcm/den-nt-kem-gia-cuc-tot-xuat-hdon-cty-aidxc23258398
23325055,BMW X1 sDrive18i 2017,550000000.0,25/08/2025,2017,Máy xăng,SUV,Xe cũ,120000,Số tự động,Nhập khẩu,Quận 7 - Tp.HCM,https://oto.com.vn/mua-ban-xe-bmw-x1-hcm/model-2017-nhap-nguyen-chiec-tu-duc-aidxc23325055
23296971,BMW X2 sDrive20i 2018,888000000.0,13/03/2025,2018,Máy xăng,SUV,Xe cũ,45000,Số tự động,Nhập khẩu,Quận 7 - Tp.HCM,https://oto.com.vn/mua-ban-xe-bmw-x2-hcm/nhap-khau-aidxc23296971
23363640,BMW X3 sDrive20i 2024,1950000000.0,10/09/2025,2024,Máy xăng,SUV,Xe cũ,7000,Số tự động,Trong nước,Dĩ An - Bình Dương,https://oto.com.vn/mua-ban-xe-bmw-x3-binh-duong/2024-sdrive20i-7000-km-aidxc23363640
23366390,BMW X3 sDrive20i 2024,1550000000.0,16/09/2025,2024,Máy xăng,SUV,Xe cũ,24000,Số tự động,Trong nước,Đà Nẵng,https://oto.com.vn/mua-ban-xe-bmw-x3-da-nang/2024-sdrive20i-24000-km-aidxc23366390
23326454,BMW X3 xDrive20i 2020,1380000000.0,22/09/2025,2020,Máy xăng,SUV,Xe cũ,96000,Số tự động,Nhập khẩu,Plei Ku - Gia Lai,https://oto.com.vn/mua-ban-xe-bmw-x3-gia-lai/di-6-van-miles-aidxc23326454
23365419,BMW X3 xDrive28i 2012,399000000.0,13/09/2025,2012,Máy xăng,SUV,Xe cũ,N/A,Số tự động,Nhập khẩu,Hà Nội,https://oto.com.vn/mua-ban-xe-bmw-x3-ha-noi/28i-30-san-xuat-2012-aidxc23365419
23366560,BMW X3 xDrive20i 2024,1639000000.0,17/09/2025,2024,Máy xăng,SUV,Xe cũ,2400,Số tự động,Nhập khẩu,Hà Nội,https://oto.com.vn/mua-ban-xe-bmw-x3-ha-noi/mau-xam-noi-that-nau-aidxc23366560
23363917,BMW X3 xDrive20i 2025,2179000000.0,10/09/2025,2025,Máy xăng,SUV,Xe cũ,2000,Số tự động,Trong nước,Hà Nội,https://oto.com.vn/mua-ban-xe-bmw-x3-ha-noi/sx-2025-xdrive20i-all-new-2000-km-aidxc23363917
23365195,BMW X3 xDrive30i Msport 2022,1900000000.0,13/09/2025,2022,Máy xăng,SUV,Xe cũ,20000,Số tự động,Nhập khẩu,Hà Nội,https://oto.com.vn/mua-ban-xe-bmw-x3-ha-noi/toi-ban-30i-msport-dk-72023-trang-di-2van-aidxc23365195
23368054,BMW X3 2024,1550000000.0,19/09/2025,2024,Máy xăng,N/A,Xe cũ,N/A,Số tự động,N/A,Hải Phòng,https://oto.com.vn/mua-ban-xe-bmw-x3-hai-phong/2024-tai-aidxc23368054
23368432,BMW X3 sDrive20i 2024,1550000000.0,20/09/2025,2024,Máy xăng,SUV,Xe cũ,18000,Số tự động,Nhập khẩu,Kiến An - Hải Phòng,https://oto.com.vn/mua-ban-xe-bmw-x3-hai-phong/xe-sieu-luot-18000-km-aidxc23368432
23369829,BMW X3 xDrive20i 2021,1379000000.0,24/09/2025,2021,Máy xăng,SUV,Xe cũ,30000,Số tự động,Nhập khẩu,Gò Vấp - Tp.HCM,https://oto.com.vn/mua-ban-xe-bmw-x3-hcm/2021-xdrive20i-30000-km-cuc-moi-xe-ca-nhan-aidxc23369829
23361799,BMW X3 2024,1939000000.0,04/09/2025,2024,Máy xăng,N/A,Xe cũ,17000,Số tự động,Nhập khẩu,Tp.HCM,https://oto.com.vn/mua-ban-xe-bmw-x3-hcm/2024-tai-tp-aidxc23361799
23370861,BMW X3 sDrive20i 2024,1658000000.0,27/09/2025,2024,Máy xăng,N/A,Xe cũ,5000,Số tự động,Trong nước,Quận 7 - Tp.HCM,https://oto.com.vn/mua-ban-xe-bmw-x3-hcm/bao-dau-bank-70-90-ib-zalo-tu-van-truc-tiep-247-aidxc23370861
23352560,BMW X3 sDrive20i Msport 2022,1698000000.0,09/09/2025,2022,Máy xăng,SUV,Xe cũ,40000,Số tự động,Trong nước,Quận 7 - Tp.HCM,https://oto.com.vn/mua-ban-xe-bmw-x3-hcm/model-2023-full-lich-su-hang-aidxc23352560
23367472,BMW X3 xDrive20i 2013,579000000.0,18/09/2025,2013,Máy xăng,SUV,Xe cũ,1,Số tự động,Nhập khẩu,Tp.HCM,https://oto.com.vn/mua-ban-xe-bmw-x3-hcm/xdrive20i-2013-aidxc23367472
23352720,BMW X3 sDrive20i 2022,1699000000.0,09/09/2025,2022,Máy xăng,SUV,Xe cũ,41000,Số tự động,Nhập khẩu,Bình Tân - Tp.HCM,https://oto.com.vn/mua-ban-xe-bmw-x3-hcm/xe-luot-chat-luong-cao-odo-chi-41000-km-aidxc23352720
23368377,BMW X4 xDrive20i 2020,1846000000.0,20/09/2025,2020,Máy xăng,SUV,Xe cũ,63000,Số tự động,Nhập khẩu,Hà Nội,https://oto.com.vn/mua-ban-xe-bmw-x4-ha-noi/2020-tai-aidxc23368377
23368984,BMW X4 xDrive20i 2020,1900000000.0,22/09/2025,2020,Máy xăng,SUV,Xe cũ,64000,Số tự động,Nhập khẩu,Hà Nội,https://oto.com.vn/mua-ban-xe-bmw-x4-ha-noi/2020-tai-aidxc23368984
23371618,BMW X4 2020,1790000000.0,30/09/2025,2020,Máy xăng,SUV,Xe cũ,80000,Số tự động,Nhập khẩu,Hà Nội,https://oto.com.vn/mua-ban-xe-bmw-x4-ha-noi/2020-tai-aidxc23371618
23371740,BMW X4 2020,1800000000.0,30/09/2025,2020,Máy xăng,SUV,Xe cũ,96000,Số tự động,Nhập khẩu,Hà Nội,https://oto.com.vn/mua-ban-xe-bmw-x4-ha-noi/2020-tai-aidxc23371740
23356768,BMW X4 xDrive20i Msport 2017,1040000000.0,02/10/2025,2017,Máy xăng,SUV,Xe cũ,70000,Số tự động,Nhập khẩu,Hà Đông - Hà Nội,https://oto.com.vn/mua-ban-xe-bmw-x4-ha-noi/mau-den-aidxc23356768
23364341,BMW X4 2018,1586000000.0,11/09/2025,2018,Máy xăng,SUV,Xe cũ,N/A,Số tự động,Nhập khẩu,Thanh Xuân - Hà Nội,https://oto.com.vn/mua-ban-xe-bmw-x4-ha-noi/sx2018-odo-36v-km-aidxc23364341
23371962,BMW X4 2020,1750000000.0,01/10/2025,2020,Máy xăng,SUV,Xe cũ,40000,Số tự động,Nhập khẩu,Hải Phòng,https://oto.com.vn/mua-ban-xe-bmw-x4-hai-phong/2020-tai-aidxc23371962
23370153,BMW X4 xDrive20i Msport 2020,1750000000.0,25/09/2025,2020,Máy xăng,SUV,Xe cũ,40000,Số tự động,Nhập khẩu,Kiến An - Hải Phòng,https://oto.com.vn/mua-ban-xe-bmw-x4-hai-phong/sieu-luot-4-van-km-chu-di-giu-gin-bao-duong-full-hang-aidxc23370153
23368675,BMW X4 xDrive20i 2018,1299000000.0,21/09/2025,2018,Máy xăng,SUV,Xe cũ,62000,Số tự động,Nhập khẩu,Tp.HCM,https://oto.com.vn/mua-ban-xe-bmw-x4-hcm/2018-62000-km-aidxc23368675
23363074,BMW X4 2018,1299000000.0,07/09/2025,2018,Máy xăng,SUV,Xe cũ,N/A,Số tự động,Nhập khẩu,Tp.HCM,https://oto.com.vn/mua-ban-xe-bmw-x4-hcm/2018-tai-tp-aidxc23363074
23357741,BMW X4 sDrive20i 2018,1299000000.0,29/09/2025,2018,Máy xăng,SUV,Xe cũ,110000,Số tự động,Nhập khẩu,Quận 7 - Tp.HCM,https://oto.com.vn/mua-ban-xe-bmw-x4-hcm/dang-ki-2019-aidxc23357741
23368989,BMW X4 2018,1298000000.0,22/09/2025,2018,Máy xăng,SUV,Xe cũ,60000,Số tự động,Nhập khẩu,Quận 7 - Tp.HCM,https://oto.com.vn/mua-ban-xe-bmw-x4-hcm/model-2019-1-chu-nhap-my-cty-xuat-hd-aidxc23368989
23358068,BMW X4 2018,1298000000.0,25/08/2025,2018,Máy xăng,SUV,Xe cũ,70000,Số tự động,Nhập khẩu,Quận 7 - Tp.HCM,https://oto.com.vn/mua-ban-xe-bmw-x4-hcm/model-2019-bien-so-full-lich-su-hang-aidxc23358068
23367768,BMW X4 xDrive20i 2018,1299000000.0,19/09/2025,2018,Máy xăng,Sedan,Xe cũ,58000,Số tự động,Nhập khẩu,Tp.HCM,https://oto.com.vn/mua-ban-xe-bmw-x4-hcm/xdrive20i-2018-1-ty-299-trieu-aidxc23367768
23364737,BMW X4 xDrive20i 2023,2450000000.0,12/09/2025,2023,Máy xăng,SUV,Xe cũ,4000,Số tự động,Nhập khẩu,Lâm Đồng,https://oto.com.vn/mua-ban-xe-bmw-x4-lam-dong/2023-dang-ky-lan-dau-62025-4000-km-aidxc23364737
23371550,BMW X5 xDrive40i 2020,2000000000.0,29/09/2025,2020,Máy xăng,SUV,Xe cũ,20000,Số tự động,Nhập khẩu,Hà Nội,https://oto.com.vn/mua-ban-xe-bmw-x5-ha-noi/2020-aidxc23371550
23368222,BMW X5 2022,2499000000.0,20/09/2025,2022,Máy xăng,N/A,Xe cũ,22000,Số tự động,Nhập khẩu,Hà Nội,https://oto.com.vn/mua-ban-xe-bmw-x5-ha-noi/2022-so-tu-dong-aidxc23368222
23344725,BMW X5 xDrive40i xLine 2019,2190000000.0,22/07/2025,2019,Máy xăng,SUV,Xe cũ,65000,Số tự động,Nhập khẩu,Long Biên - Hà Nội,https://oto.com.vn/mua-ban-xe-bmw-x5-ha-noi/can-ban-xline-sx-2019-nhap-my-nguyen-chiec-aidxc23344725
23359128,BMW X5 xDrive40i xLine 2019,2100000000.0,27/08/2025,2019,Máy xăng,SUV,Xe cũ,65000,Số tự động,Nhập khẩu,Long Biên - Hà Nội,https://oto.com.vn/mua-ban-xe-bmw-x5-ha-noi/can-ban-xline-sx-2019-nhap-my-nguyen-chiec-aidxc23359128
23370320,BMW X5 xDrive40i 2020,1950000000.0,26/09/2025,2020,Máy xăng,SUV,Xe cũ,40000,Số tự động,Nhập khẩu,Hà Đông - Hà Nội,https://oto.com.vn/mua-ban-xe-bmw-x5-ha-noi/mot-chu-mua-moi-tu-dau-mau-trang-noi-that-nau-aidxc23370320
23369884,BMW X5 xDrive40i xLine 2023,3900000000.0,24/09/2025,2023,Máy xăng,SUV,Xe cũ,3300,Số tự động,Nhập khẩu,Long Biên - Hà Nội,https://oto.com.vn/mua-ban-xe-bmw-x5-ha-noi/xe-luot-nhu-moi-da-chay-3300-km-aidxc23369884
23353890,BMW X5 xDrive30d 2023,567000000.0,17/08/2025,2023,Máy xăng,Sedan,Xe cũ,6500,Số tự động,Nhập khẩu,Phú Nhuận - Tp.HCM,https://oto.com.vn/mua-ban-xe-bmw-x5-hcm/-aidxc23353890
23369033,BMW X5 2006,200000000.0,22/09/2025,2006,Máy xăng,SUV,Xe cũ,65000,Số tự động,Nhập khẩu,Quận 12 - Tp.HCM,https://oto.com.vn/mua-ban-xe-bmw-x5-hcm/2006-chay-65-ngan-km-cuc-ki-dep-aidxc23369033
23368409,BMW X5 Msport 2023,3780000000.0,20/09/2025,2023,Máy xăng,SUV,Xe cũ,12000,Số tự động,Trong nước,Tp.HCM,https://oto.com.vn/mua-ban-xe-bmw-x5-hcm/2023-xdrive40i-m-sport-12000-km-aidxc23368409
23362139,BMW X5 xDrive 40i xLine Plus 2024,4099000000.0,05/09/2025,2024,Máy xăng,SUV,Xe cũ,4000,Số tự động,Nhập khẩu,Gò Vấp - Tp.HCM,https://oto.com.vn/mua-ban-xe-bmw-x5-hcm/ban-deiver-40i-xline-plus-2024-sieu-luot-4000km-aidxc23362139
23366631,BMW X5 xDrive40i xLine 2022,2559000000.0,17/09/2025,2022,Máy xăng,SUV,Xe cũ,70000,Số tự động,Nhập khẩu,Quận 7 - Tp.HCM,https://oto.com.vn/mua-ban-xe-bmw-x5-hcm/nhap-my-chay-7vkm-bao-duong-hang-aidxc23366631
23351875,BMW X5 xDrive 40i xLine Plus 2023,3999000000.0,07/09/2025,2023,Máy xăng,SUV,Xe cũ,3333,Số tự động,Nhập khẩu,Quận 7 - Tp.HCM,https://oto.com.vn/mua-ban-xe-bmw-x5-hcm/tiet-kiem-ngay-500tt-bank-65-aidxc23351875
23353668,BMW X5 xDrive 40i xLine Plus 2023,3989000000.0,18/09/2025,2023,Máy xăng,SUV,Xe cũ,3666,Số tự động,Nhập khẩu,Quận 7 - Tp.HCM,https://oto.com.vn/mua-ban-xe-bmw-x5-hcm/xe-luot-sieu-dep-lan-banh-chi-3666km-aidxc23353668
23321321,BMW X5 xDrive 40i xLine Plus 2021,3099000000.0,16/07/2025,2021,Máy xăng,SUV,Xe cũ,28888,Số tự động,Nhập khẩu,Quận 7 - Tp.HCM,https://oto.com.vn/mua-ban-xe-bmw-x5-hcm/xe-nhap-duc-duy-nhat-thi-truong-aidxc23321321
23260145,BMW X5 2007,550000000.0,18/08/2025,2007,Máy xăng,SUV,Xe cũ,110000,Số tự động,Nhập khẩu,Bảo Lộc - Lâm Đồng,https://oto.com.vn/mua-ban-xe-bmw-x5-lam-dong/ban-di-niem-dam-me-aidxc23260145
23370771,BMW X6 xDrive35i 2012,350000000.0,27/09/2025,2012,Máy xăng,SUV,Xe cũ,90000,Số tự động,Nhập khẩu,Đồng Nai,https://oto.com.vn/mua-ban-xe-bmw-x6-dong-nai/2012-xdrive35i-90000-km-aidxc23370771
23364490,BMW X6 xDrive35i 2009,330000000.0,11/09/2025,2009,Máy xăng,SUV,Xe cũ,120000,Số tự động,Nhập khẩu,Hà Nội,https://oto.com.vn/mua-ban-xe-bmw-x6-ha-noi/2009-xdrive35i-120000-km-aidxc23364490
23372201,BMW X6 xDrive40i Msport 2022,3499000000.0,01/10/2025,2022,Máy xăng,SUV,Xe cũ,17000,Số tự động,Nhập khẩu,Long Biên - Hà Nội,https://oto.com.vn/mua-ban-xe-bmw-x6-ha-noi/xe-sieu-luot-aidxc23372201
23372404,BMW X6 xDrive35i 2008,355000000.0,02/10/2025,2008,Máy xăng,SUV,Xe cũ,10500,Số tự động,Nhập khẩu,Tp.HCM,https://oto.com.vn/mua-ban-xe-bmw-x6-hcm/2008-xdrive35i-10500-km-aidxc23372404
23372294,BMW X6 2009,339000000.0,02/10/2025,2009,Máy xăng,SUV,Xe cũ,9,Số tự động,Nhập khẩu,Tp.HCM,https://oto.com.vn/mua-ban-xe-bmw-x6-hcm/2009-9-km-aidxc23372294
23371703,BMW X6 xDrive35i 2009,365000000.0,30/09/2025,2009,Máy xăng,SUV,Xe cũ,104000,Số tự động,Nhập khẩu,Tp.HCM,https://oto.com.vn/mua-ban-xe-bmw-x6-hcm/2009-xdrive35i-104000-km-aidxc23371703
23367662,BMW X6 xDrive30d 2009,535000000.0,18/09/2025,2009,Máy dầu,SUV,Xe cũ,89700,Số tự động,Nhập khẩu,Bình Thạnh - Tp.HCM,https://oto.com.vn/mua-ban-xe-bmw-x6-hcm/30-nhap-my-2009-mau-do-zin-hang-full-cop-dien-cua-so-troi-hai-cau-va-vao-rat-nh-aidxc23367662
23023782,BMW X6 2009,335000000.0,22/09/2025,2009,Máy xăng,SUV,Xe cũ,88700,Số tự động,Nhập khẩu,Bình Thạnh - Tp.HCM,https://oto.com.vn/mua-ban-xe-bmw-x6-hcm/30-nhap-my-2009-mau-do-zin-hang-full-cop-dien-cua-so-troi-hai-cau-va-vao-rat-nhieu-d-aidxc23023782
23323571,BMW X6 xDrive40i Msport 2021,3249000000.0,18/09/2025,2021,Máy xăng,SUV,Xe cũ,30000,Số tự động,Nhập khẩu,Quận 7 - Tp.HCM,https://oto.com.vn/mua-ban-xe-bmw-x6-hcm/ban-msport-xdrive-40i-aidxc23323571
23371429,BMW X6 xDrive40i Msport 2020,2638000000.0,29/09/2025,2020,Máy xăng,SUV,Xe cũ,54000,Số tự động,Nhập khẩu,Quận 7 - Tp.HCM,https://oto.com.vn/mua-ban-xe-bmw-x6-hcm/mot-chu-tu-dau-nhap-khau-aidxc23371429
23372135,BMW X6 xDrive40i Msport 2021,2638000000.0,01/10/2025,2021,Máy xăng,SUV,Xe cũ,50000,Số tự động,Nhập khẩu,Quận 7 - Tp.HCM,https://oto.com.vn/mua-ban-xe-bmw-x6-hcm/ngoai-that-den-noi-that-do-noi-bat-aidxc23372135
23363553,BMW X6 xDrive40i Msport 2022,3499000000.0,09/09/2025,2022,Máy xăng,SUV,Xe cũ,17777,Số tự động,Nhập khẩu,Quận 7 - Tp.HCM,https://oto.com.vn/mua-ban-xe-bmw-x6-hcm/tiet-kiem-ngay-1ti-bank-70-aidxc23363553
23367990,BMW X6 xDrive40i Msport 2021,2638000000.0,19/09/2025,2021,Máy xăng,SUV,Xe cũ,50000,Số tự động,Nhập khẩu,Quận 7 - Tp.HCM,https://oto.com.vn/mua-ban-xe-bmw-x6-hcm/xe-luot-dep-voi-thiet-ke-ca-tinh-va-dang-cap-aidxc23367990
23120073,BMW X6 xDrive35i 2008,330000000.0,07/09/2025,2008,Máy xăng,SUV,Xe cũ,150000,Số tự động,Nhập khẩu,Đoan Hùng - Phú Thọ,https://oto.com.vn/mua-ban-xe-bmw-x6-phu-tho/dong-xe-dang-cap-nhieu-tien-nghi-cao-cap-gia-binh-dan-aidxc23120073
23333494,BMW X6 xDrive30d 2014,990000000.0,19/09/2025,2014,Máy dầu,SUV,Xe cũ,100000,Số tự động,Nhập khẩu,Đoan Hùng - Phú Thọ,https://oto.com.vn/mua-ban-xe-bmw-x6-phu-tho/may-dau-nhap-khau-my-nguyen-chiec-suv-the-thao-aidxc23333494
23338220,BMW X7 xDrive40i Pure Excellence 2020,3550000000.0,06/07/2025,2020,Máy xăng,SUV,Xe cũ,69000,Số tự động,Nhập khẩu,Cái Răng - Cần Thơ,https://oto.com.vn/mua-ban-xe-bmw-x7-can-tho/-aidxc23338220
23371047,BMW X7 xDrive40i Pure Excellence 2020,3450000000.0,27/09/2025,2020,Máy xăng,SUV,Xe cũ,65000,Số tự động,Nhập khẩu,Cái Răng - Cần Thơ,https://oto.com.vn/mua-ban-xe-bmw-x7-can-tho/xe-luot-dep-nhu-moi-day-du-lich-su-bao-duong-hang-aidxc23371047
23358498,BMW X7 xDrive40i Pure Excellence 2020,3500000000.0,26/08/2025,2020,Máy xăng,SUV,Xe cũ,65000,Số tự động,Nhập khẩu,Cái Răng - Cần Thơ,https://oto.com.vn/mua-ban-xe-bmw-x7-can-tho/xe-nhap-my-chat-luong-cao-kiem-tra-toan-quoc-aidxc23358498
23313187,BMW X7 xDrive40i Msport 2022,4399000000.0,25/09/2025,2022,Máy xăng,SUV,Xe cũ,32000,Số tự động,Nhập khẩu,Bắc Từ Liêm - Hà Nội,https://oto.com.vn/mua-ban-xe-bmw-x7-ha-noi/mau-den-chay-it-sieu-moi-aidxc23313187
23362720,BMW X7 xDrive40i Msport 2022,4390000000.0,06/09/2025,2022,Máy xăng,SUV,Xe cũ,30000,Số tự động,Nhập khẩu,Hà Nội,https://oto.com.vn/mua-ban-xe-bmw-x7-ha-noi/msport-2022-nhap-my-aidxc23362720
23342470,BMW X7 xDrive40i Pure Excellence 2022,5189000000.0,17/07/2025,2022,Máy xăng,SUV,Xe cũ,44444,Số tự động,Nhập khẩu,Quận 7 - Tp.HCM,https://oto.com.vn/mua-ban-xe-bmw-x7-hcm/co-hoi-so-huu-suv-hang-sang-voi-gia-tri-vuot-troi-aidxc23342470
23297420,BMW X7 xDrive40i Msport 2022,4950000000.0,14/03/2025,2022,Máy xăng,SUV,Xe cũ,23333,Số tự động,Nhập khẩu,Quận 7 - Tp.HCM,https://oto.com.vn/mua-ban-xe-bmw-x7-hcm/tiet-kiem-hon-1-ti-aidxc23297420
23312961,BMW X7 xDrive40i Msport 2020,3569000000.0,16/04/2025,2020,Máy xăng,SUV,Xe cũ,71000,Số tự động,Nhập khẩu,Quận 7 - Tp.HCM,https://oto.com.vn/mua-ban-xe-bmw-x7-hcm/xe-nhap-khau-nhieu-option-aidxc23312961
23366079,BMW Z4 2014,1100000000.0,16/09/2025,2014,Máy xăng,Convertible,Xe cũ,80000,Số tự động,Nhập khẩu,Hà Nội,https://oto.com.vn/mua-ban-xe-bmw-z4-ha-noi/odo-8-van-km-aidxc23366079
23367969,BMW Z4 sDrive20i 2011,850000000.0,19/09/2025,2011,Máy xăng,Convertible,Xe cũ,70000,Số tự động,Nhập khẩu,Long Biên - Hà Nội,https://oto.com.vn/mua-ban-xe-bmw-z4-ha-noi/sieu-hot-xe-net-cang-son-zin-aidxc23367969
23338795,BMW Z4 sDrive30i 2021,1298000000.0,07/07/2025,2021,Máy xăng,Convertible,Xe cũ,11000,Số tự động,Nhập khẩu,Quận 7 - Tp.HCM,https://oto.com.vn/mua-ban-xe-bmw-z4-hcm/bao-bank-90-aidxc23338795
23341115,BMW Z4 2020,2238000000.0,14/07/2025,2020,Máy xăng,N/A,Xe cũ,22000,Số tự động,Trong nước,Quận 7 - Tp.HCM,https://oto.com.vn/mua-ban-xe-bmw-z4-hcm/bao-dau-bank-70-90-ib-zalo-tu-van-truc-tiep-247-aidxc23341115
23307250,BMW Z4 sDrive30i 2023,2359000000.0,04/04/2025,2023,Máy xăng,Convertible,Xe cũ,19900,Số tự động,Nhập khẩu,Quận 7 - Tp.HCM,https://oto.com.vn/mua-ban-xe-bmw-z4-hcm/full-lich-su-hang-zin-dep-99-aidxc23307250
23335183,BMW Z4 sDrive30i 2022,2299000000.0,24/06/2025,2022,Máy xăng,Convertible,Xe cũ,11800,Số tự động,Nhập khẩu,Quận 7 - Tp.HCM,https://oto.com.vn/mua-ban-xe-bmw-z4-hcm/nguyen-ban-1-chu-tu-moi-bao-hanh-hang-dai-aidxc23335183
23338711,BMW Z4 sDrive30i 2020,2279000000.0,07/07/2025,2020,Máy xăng,Convertible,Xe cũ,11700,Số tự động,Nhập khẩu,Quận 7 - Tp.HCM,https://oto.com.vn/mua-ban-xe-bmw-z4-hcm/sdrive30i-2020-sieu-luot-11700km-cuc-dep-aidxc23338711
23335367,BMW Z4 sDrive30i 2021,2359000000.0,25/06/2025,2021,Máy xăng,Convertible,Xe cũ,19700,Số tự động,Nhập khẩu,Quận 7 - Tp.HCM,https://oto.com.vn/mua-ban-xe-bmw-z4-hcm/sdrive30i-m-sport-2021-sieu-luot-cuc-dep-aidxc23335367
23335346,BMW Z4 sDrive30i 2021,2359000000.0,25/06/2025,2021,Máy xăng,Convertible,Xe cũ,19700,Số tự động,Nhập khẩu,Quận 7 - Tp.HCM,https://oto.com.vn/mua-ban-xe-bmw-z4-hcm/sdrive30i-sieu-luot-19700km-cuc-dep-aidxc23335346
23335465,BMW Z4 sDrive30i 2021,2359000000.0,25/06/2025,2021,Máy xăng,Convertible,Xe cũ,19000,Số tự động,Nhập khẩu,Quận 7 - Tp.HCM,https://oto.com.vn/mua-ban-xe-bmw-z4-hcm/xe-sang-phong-cach-choi-chat-luong-cao-aidxc23335465
23307225,BMW Z4 sDrive30i 2022,2359000000.0,04/04/2025,2022,Máy xăng,Convertible,Xe cũ,19900,Số tự động,Nhập khẩu,Quận 7 - Tp.HCM,https://oto.com.vn/mua-ban-xe-bmw-z4-hcm/zin-99-1-chu-tu-moi-aidxc23307225
23332310,BYD Atto 3 Premium 2024,680000000.0,14/06/2025,2024,Điện,Crossover,Xe cũ,20000,Số tự động,Nhập khẩu,Bắc Ninh - Bắc Ninh,https://oto.com.vn/mua-ban-xe-byd-atto3-bac-ninh/xe-dien-hien-dai-voi-thiet-ke-nang-dong-aidxc23332310
23356795,BYD Dolphin 2024,480000000.0,22/08/2025,2024,Điện,Hatchback,Xe cũ,12784,Số tự động,Nhập khẩu,Hải Dương - Hải Dương,https://oto.com.vn/mua-ban-xe-byd-dolphin-hai-duong/xe-demo-480-trieu-aidxc23356795
23361121,BYD Dolphin GLX 2024,490000000.0,03/09/2025,2024,Điện,Hatchback,Xe cũ,5000,Số tự động,Nhập khẩu,Tp.HCM,https://oto.com.vn/mua-ban-xe-byd-dolphin-hcm/ban-xe-nam-2024-mau-tim-xe-di-it-aidxc23361121
23358336,BYD M6 2024,755000000.0,25/08/2025,2024,Máy xăng,MPV,Xe cũ,12000,Số tự động,Nhập khẩu,Tây Hồ - Hà Nội,https://oto.com.vn/mua-ban-xe-byd-m6-ha-noi/sieu-luot-aidxc23358336
23364090,BYD M6 2025,756000000.0,11/09/2025,2025,Điện,Van/Minivan,Xe cũ,N/A,Số tự động,Trong nước,Tp.HCM,https://oto.com.vn/mua-ban-xe-byd-m6-hcm/gia-756000000-dua-truoc-150tr-nhan-xe-aidxc23364090
23335886,BYD Seal 2024,825000000.0,27/06/2025,2024,Điện,Sedan,Xe cũ,34000,Số tự động,Nhập khẩu,Bà Rịa Vũng Tàu,https://oto.com.vn/mua-ban-xe-byd-seal-ba-ria-vung-tau/xe-dien-sieu-luot-gia-tot-nhat-thi-truong-aidxc23335886
23336602,BYD Seal Advanced 2024,805000000.0,01/07/2025,2024,Điện,Sedan,Xe cũ,25000,Số tự động,Nhập khẩu,Long Biên - Hà Nội,https://oto.com.vn/mua-ban-xe-byd-seal-ha-noi/mau-xe-dien-the-thao-voi-cong-nghe-cell-to-body-vo-cung-chac-chan-day-du-adas-odo-25000km-aidxc23336602
23361573,BYD Seal Advanced 2024,789000000.0,04/09/2025,2024,Điện,Sedan,Xe cũ,40,Số tự động,Trong nước,Tp.HCM,https://oto.com.vn/mua-ban-xe-byd-seal-hcm/2024-advanced-4v-km-aidxc23361573
23340976,BYD Seal Performance 2024,999000000.0,14/07/2025,2024,Điện,Sedan,Xe cũ,3000,Số tự động,Nhập khẩu,Quận 7 - Tp.HCM,https://oto.com.vn/mua-ban-xe-byd-seal-hcm/sieu-pham-mau-xanh-lam-aidxc23340976
23336338,Cadillac Escalade PREMIUM 2021,10900000000.0,25/09/2025,2021,Máy xăng,SUV,Xe cũ,30000,Số tự động,Nhập khẩu,Bắc Từ Liêm - Hà Nội,https://oto.com.vn/mua-ban-xe-cadillac-escalade-ha-noi/esv-mau-den-noi-that-kem-aidxc23336338
23353795,Cadillac Escalade ESV Platinum 2015,2750000000.0,14/08/2025,2015,Máy xăng,SUV,Xe cũ,70000,Số tự động,Nhập khẩu,Nam Từ Liêm - Hà Nội,https://oto.com.vn/mua-ban-xe-cadillac-escalade-ha-noi/suv-7-cho-sang-trong-ban-platinum-2015-aidxc23353795
23305523,Cadillac Escalade ESV Platinum 2008,390000000.0,12/09/2025,2008,Máy xăng,SUV,Xe cũ,89700,Số tự động,Nhập khẩu,Bình Thạnh - Tp.HCM,https://oto.com.vn/mua-ban-xe-cadillac-escalade-hcm/2008-7cho-xe-cty-dung-ten-mot-chu-sg-trum-men-it-di-full-do-choi-cua-so-troi-hai-aidxc23305523
23324079,Cadillac Escalade ESV Platinum 2005,370000000.0,18/06/2025,2005,Máy xăng,SUV,Xe cũ,98980,Số tự động,Nhập khẩu,Bình Thạnh - Tp.HCM,https://oto.com.vn/mua-ban-xe-cadillac-escalade-hcm/7cho-nhap-my-full-do-choi-cua-so-troi-hai-cau-noi-that-kem-niem-da-zin-hai-aidxc23324079
23325421,Cadillac Escalade ESV Platinum 2015,2040000000.0,22/09/2025,2015,Máy xăng,SUV,Xe cũ,2430,Số tự động,Nhập khẩu,Bình Thạnh - Tp.HCM,https://oto.com.vn/mua-ban-xe-cadillac-escalade-hcm/nhap-my-2015-xe-mot-chu-sg-trum-men-it-di-chay-dung-58-ngan-bao-tes-aidxc23325421
23341758,Cadillac SRX 2009,500000000.0,16/07/2025,2009,Máy xăng,SUV,Xe cũ,110000,Số tự động,Nhập khẩu,Quận 3 - Tp.HCM,https://oto.com.vn/mua-ban-xe-cadillac-srx-hcm/chay-tot-son-moi-aidxc23341758
23332965,Changan CS35 2016,50000000.0,16/06/2025,2016,Máy xăng,Xe tải,Xe cũ,10000,Số sàn,Nhập khẩu,Thủ Đức - Tp.HCM,https://oto.com.vn/mua-ban-xe-changan-cs35-hcm/jupiter-phat-mai-xe-aidxc23332965
23324941,Changan CX20 2016,20000000.0,23/06/2025,2016,Máy xăng,Xe tải,Xe cũ,1111,Số sàn,Trong nước,Thủ Đức - Tp.HCM,https://oto.com.vn/mua-ban-xe-changan-cx20-hcm/jupiter-phat-mai-aidxc23324941
23371110,Chevrolet Aveo LT 1.5 MT 2014,159000000.0,28/09/2025,2014,Máy xăng,Sedan,Xe cũ,N/A,Số sàn,Trong nước,Cần Thơ,https://oto.com.vn/mua-ban-xe-chevrolet-aveo-can-tho/2014-lt-15-aidxc23371110
23369597,Chevrolet Aveo LTZ 1.5 AT 2015,165000000.0,24/09/2025,2015,Máy xăng,Sedan,Xe cũ,120000,Số tự động,Trong nước,Cần Thơ,https://oto.com.vn/mua-ban-xe-chevrolet-aveo-can-tho/ket-tien-can-ban-2015-ltz-15-at-xe-gd-aidxc23369597
23371850,Chevrolet Aveo LTZ 1.5 AT 2018,202000000.0,30/09/2025,2018,Máy xăng,Sedan,Xe cũ,93000,Số tự động,Trong nước,Đắk Lắk,https://oto.com.vn/mua-ban-xe-chevrolet-aveo-dak-lak/2018-ltz-15-93000-km-aidxc23371850
23370962,Chevrolet Aveo LT 1.5 MT 2016,143000000.0,27/09/2025,2016,Máy xăng,Sedan,Xe cũ,10000,Số sàn,Trong nước,Biên Hòa - Đồng Nai,https://oto.com.vn/mua-ban-xe-chevrolet-aveo-dong-nai/2016-lt-15-may-so-keo-chi-zin-aidxc23370962
23370742,Chevrolet Aveo LT 1.5 MT 2016,165000000.0,27/09/2025,2016,Máy xăng,Sedan,Xe cũ,180000,Số sàn,Trong nước,Trảng Bom - Đồng Nai,https://oto.com.vn/mua-ban-xe-chevrolet-aveo-dong-nai/2016-lt-15-mt-180000-km-aidxc23370742
23370743,Chevrolet Aveo LT 1.5 MT 2016,160000000.0,27/09/2025,2016,Máy xăng,Sedan,Xe cũ,180000,Số sàn,Trong nước,Trảng Bom - Đồng Nai,https://oto.com.vn/mua-ban-xe-chevrolet-aveo-dong-nai/2016-lt-15-mt-180000-km-aidxc23370743
23371626,Chevrolet Aveo lt 2016,160000000.0,30/09/2025,2016,Máy xăng,Sedan,Xe cũ,50000,Số tự động,Trong nước,Biên Hòa - Đồng Nai,https://oto.com.vn/mua-ban-xe-chevrolet-aveo-dong-nai/lt-2016-50000-kmbao-test-hang-aidxc23371626
23351099,Chevrolet Aveo LTZ 1.4 AT 2013,169000000.0,11/09/2025,2013,Máy xăng,Sedan,Xe cũ,120000,Số tự động,Trong nước,Hà Tĩnh - Hà Tĩnh,https://oto.com.vn/mua-ban-xe-chevrolet-aveo-ha-tinh/xe-dep-khong-loi-aidxc23351099
23372441,Chevrolet Aveo 2011,123000000.0,02/10/2025,2011,Máy xăng,Sedan,Xe cũ,123,Số sàn,Nhập khẩu,Tp.HCM,https://oto.com.vn/mua-ban-xe-chevrolet-aveo-hcm/2011-chinh-chu-gia-dinh-dung-aidxc23372441
23371269,Chevrolet Aveo LTZ 1.5 AT 2015,185000000.0,28/09/2025,2015,Máy xăng,Sedan,Xe cũ,42000,Số tự động,Trong nước,Tp.HCM,https://oto.com.vn/mua-ban-xe-chevrolet-aveo-hcm/2015-ltz-15-at-42000-km-aidxc23371269
23371577,Chevrolet Aveo LT 1.4 MT 2017,165000000.0,30/09/2025,2017,Máy xăng,Sedan,Xe cũ,146000,Số sàn,Trong nước,Tp.HCM,https://oto.com.vn/mua-ban-xe-chevrolet-aveo-hcm/2017-lt-14-mt-146000-km-aidxc23371577
23371949,Chevrolet Aveo LT 1.5 MT 2018,140000000.0,01/10/2025,2018,Máy xăng,Sedan,Xe cũ,123000,Số tự động,Trong nước,Tp.HCM,https://oto.com.vn/mua-ban-xe-chevrolet-aveo-hcm/2018-lt-15-123000-km-aidxc23371949
23371889,Chevrolet Aveo MT 2016,136000000.0,30/09/2025,2016,Máy xăng,Sedan,Xe cũ,138000,Số sàn,Trong nước,Tp.HCM,https://oto.com.vn/mua-ban-xe-chevrolet-aveo-hcm/chinh-chu-ban-5-cho-2016-aidxc23371889
23351078,Chevrolet Aveo LTZ 1.4 AT 2013,169000000.0,11/09/2025,2013,Máy xăng,Sedan,Xe cũ,120000,Số tự động,Trong nước,Vinh - Nghệ An,https://oto.com.vn/mua-ban-xe-chevrolet-aveo-nghe-an/chinh-chu-sieu-dep-aidxc23351078
23351103,Chevrolet Aveo LTZ 1.4 AT 2013,169000000.0,11/09/2025,2013,Máy xăng,Sedan,Xe cũ,80000,Số tự động,Trong nước,Đồng Hới - Quảng Bình,https://oto.com.vn/mua-ban-xe-chevrolet-aveo-quang-binh/dep-leng-keng-aidxc23351103
23299814,Chevrolet Blazer 2018,599000000.0,19/03/2025,2018,Máy dầu,SUV,Xe cũ,80000,Số tự động,Nhập khẩu,Hà Đông - Hà Nội,https://oto.com.vn/mua-ban-xe-chevrolet-blazer-ha-noi/ban-xe-aidxc23299814
23372480,Chevrolet Captiva LT 2.4 2013,215000000.0,02/10/2025,2013,Máy xăng,SUV,Xe cũ,10000,Số tự động,Trong nước,Bắc Ninh,https://oto.com.vn/mua-ban-xe-chevrolet-captiva-bac-ninh/gia-dinh-can-ban-hoac-doi-so-tu-dong-aidxc23372480
23372027,Chevrolet Captiva 2017,375000000.0,01/10/2025,2017,Máy xăng,SUV,Xe cũ,70000,Số tự động,Trong nước,Ngũ Hành Sơn - Đà Nẵng,https://oto.com.vn/mua-ban-xe-chevrolet-captiva-da-nang/2017-so-tu-dong-cuc-moi-aidxc23372027
23370823,Chevrolet Captiva Revv LTZ 2.4 AT 2008,149000000.0,27/09/2025,2008,Máy xăng,SUV,Xe cũ,137000,Số tự động,Trong nước,Plei Ku - Gia Lai,https://oto.com.vn/mua-ban-xe-chevrolet-captiva-gia-lai/2008-ltz-24-at-aidxc23370823
23371067,Chevrolet Captiva 2008,112000000.0,28/09/2025,2008,Máy xăng,N/A,Xe cũ,N/A,Số sàn,Nhập khẩu,Hà Nội,https://oto.com.vn/mua-ban-xe-chevrolet-captiva-ha-noi/2008-so-san-tai-aidxc23371067
23363146,Chevrolet Captiva LS 2.4 2007,148000000.0,08/09/2025,2007,Máy xăng,SUV,Xe cũ,195000,Số sàn,Trong nước,Hà Nội,https://oto.com.vn/mua-ban-xe-chevrolet-captiva-ha-noi/xe-chinh-chu-len-day-du-option-can-thiet-gia-tot-aidxc23363146
23372199,Chevrolet Captiva LT 2.4 2007,165000000.0,01/10/2025,2007,Máy xăng,SUV,Xe cũ,80000,Số sàn,Trong nước,Tp.HCM,https://oto.com.vn/mua-ban-xe-chevrolet-captiva-hcm/2008-lt-24-80000-km-aidxc23372199
23368095,Chevrolet Captiva LT 2.4 MT 2008,150000000.0,19/09/2025,2008,Máy xăng,SUV,Xe cũ,97000,Số sàn,Nhập khẩu,Tp.HCM,https://oto.com.vn/mua-ban-xe-chevrolet-captiva-hcm/2008-lt-24-mt-97000-km-aidxc23368095
23367489,Chevrolet Captiva LT 2.4 2009,190000000.0,18/09/2025,2009,Máy xăng,SUV,Xe cũ,100000,Số tự động,Nhập khẩu,Tp.HCM,https://oto.com.vn/mua-ban-xe-chevrolet-captiva-hcm/2009-lt-24-xe-nha-100000-km-aidxc23367489
23372149,Chevrolet Captiva ltz 2.4 at 2015,315000000.0,01/10/2025,2015,Máy xăng,SUV,Xe cũ,90000,Số tự động,Trong nước,Tp.HCM,https://oto.com.vn/mua-ban-xe-chevrolet-captiva-hcm/2015-ltz-24-90000-km-bstp-aidxc23372149
23353818,Chevrolet Captiva LTZ 2.0 2013,288000000.0,15/09/2025,2013,Máy xăng,SUV,Xe cũ,85000,Số tự động,Trong nước,Quận 10 - Tp.HCM,https://oto.com.vn/mua-ban-xe-chevrolet-captiva-hcm/can-ban-ltz-doi-2013-so-tu-dong-mau-trang-xe-zin-dep-aidxc23353818
23368645,Chevrolet Captiva LTZ 2015,358000000.0,21/09/2025,2015,Máy xăng,SUV,Xe cũ,55000,Số tự động,Trong nước,Tân Phú - Tp.HCM,https://oto.com.vn/mua-ban-xe-chevrolet-captiva-hcm/can-ban-ltz-doi-2015-auto-odo-55000km-mau-trang-gd-su-dung-moi-98-aidxc23368645
23371649,Chevrolet Captiva 2015,315000000.0,30/09/2025,2015,Máy xăng,SUV,Xe cũ,90000,Số tự động,Trong nước,Tp.HCM,https://oto.com.vn/mua-ban-xe-chevrolet-captiva-hcm/gia-dinh-doi-xe-4-cho-ban-7-cho-aidxc23371649
23370828,Chevrolet Captiva LTZ 2009,176000000.0,27/09/2025,2009,Máy xăng,SUV,Xe cũ,120000,Số tự động,Trong nước,Tp.HCM,https://oto.com.vn/mua-ban-xe-chevrolet-captiva-hcm/ltz-maxx-24-at-model-2010-aidxc23370828
23301992,Chevrolet Captiva LTZ AT 2015,365000000.0,12/09/2025,2015,Máy xăng,SUV,Xe cũ,67000,Số tự động,Trong nước,Quận 10 - Tp.HCM,https://oto.com.vn/mua-ban-xe-chevrolet-captiva-hcm/so-tu-dong-moi-90-aidxc23301992
23371847,Chevrolet Captiva LS 2.4 2009,135000000.0,30/09/2025,2009,Máy xăng,SUV,Xe cũ,115000,Số tự động,Nhập khẩu,Lâm Đồng,https://oto.com.vn/mua-ban-xe-chevrolet-captiva-lam-dong/2009-ls-24-115000-km-aidxc23371847
23370847,Chevrolet Colorado High Country 2017,420000000.0,27/09/2025,2017,Máy xăng,Bán tải,Xe cũ,N/A,Số tự động,Nhập khẩu,Đắk Lắk,https://oto.com.vn/mua-ban-xe-chevrolet-colorado-dak-lak/2017-so-tu-dong-tai-aidxc23370847
23370344,Chevrolet Colorado LT 2.5L 4×2 MT 2015,250000000.0,26/09/2025,2015,Máy dầu,Bán tải,Xe cũ,40000,Số sàn,Nhập khẩu,Hà Nội,https://oto.com.vn/mua-ban-xe-chevrolet-colorado-ha-noi/2015-lt-25l-4x2-mt-40000-km-aidxc23370344
23368830,Chevrolet Colorado LTZ 2.8 AT 4x4 2015,300000000.0,22/09/2025,2015,Máy dầu,Bán tải,Xe cũ,100000,Số tự động,Nhập khẩu,Hà Nội,https://oto.com.vn/mua-ban-xe-chevrolet-colorado-ha-noi/2015-ltz-28l-4x4-at-aidxc23368830
23370457,Chevrolet Colorado High Country 2017,400000000.0,26/09/2025,2017,Máy dầu,Bán tải,Xe cũ,200000,Số tự động,Nhập khẩu,Hà Nội,https://oto.com.vn/mua-ban-xe-chevrolet-colorado-ha-noi/2017-high-country-28l-4x4-at-200000-km-aidxc23370457
23371217,Chevrolet Colorado LTZ 2.8 AT 4x4 2017,410000000.0,28/09/2025,2017,Máy dầu,Bán tải,Xe cũ,14,Số tự động,Nhập khẩu,Hà Nội,https://oto.com.vn/mua-ban-xe-chevrolet-colorado-ha-noi/2017-ltz-28l-4x4-at-14-km-aidxc23371217
23369084,Chevrolet Colorado LT 2.5 MT 4x2 2018,300000000.0,22/09/2025,2018,Máy dầu,Bán tải,Xe cũ,250000,Số sàn,Nhập khẩu,Thanh Trì - Hà Nội,https://oto.com.vn/mua-ban-xe-chevrolet-colorado-ha-noi/2018-lt-25-mt-2wd-250000-km-aidxc23369084
23369566,Chevrolet Colorado ltz 2.8l at 4x4 2017,382000000.0,24/09/2025,2017,Máy dầu,Bán tải,Xe cũ,1,Số tự động,Nhập khẩu,Hà Nội,https://oto.com.vn/mua-ban-xe-chevrolet-colorado-ha-noi/ban-o-to-ltz-28l-4x4-at-2017-aidxc23369566
23364178,Chevrolet Colorado LTZ 2.8 AT 4x4 2017,390000000.0,11/09/2025,2017,Máy dầu,Bán tải,Xe cũ,130000,Số tự động,Nhập khẩu,Hoàng Mai - Hà Nội,https://oto.com.vn/mua-ban-xe-chevrolet-colorado-ha-noi/full-option-dinh-noc-kich-tran-aidxc23364178
23371881,Chevrolet Colorado LT 2.5L 4×2 MT 2017,280000000.0,30/09/2025,2017,Máy dầu,Bán tải,Xe cũ,150000,Số sàn,Nhập khẩu,Tp.HCM,https://oto.com.vn/mua-ban-xe-chevrolet-colorado-hcm/2017-lt-25l-4x2-mt-aidxc23371881
23369907,Chevrolet Colorado ltz 2.8l at 4x4 2017,459000000.0,24/09/2025,2017,Máy dầu,Bán tải,Xe cũ,90000,Số tự động,Nhập khẩu,Tp.HCM,https://oto.com.vn/mua-ban-xe-chevrolet-colorado-hcm/2017-ltz-28l-4x4-at-aidxc23369907
23372350,Chevrolet Colorado 2018,460000000.0,02/10/2025,2018,Máy dầu,Bán tải,Xe cũ,36000,Số tự động,Nhập khẩu,Tp.HCM,https://oto.com.vn/mua-ban-xe-chevrolet-colorado-hcm/2018-36000-km-aidxc23372350
23372097,Chevrolet Colorado 2017,298000000.0,01/10/2025,2017,Máy dầu,Bán tải,Xe cũ,113000,Số sàn,Nhập khẩu,Tp.HCM,https://oto.com.vn/mua-ban-xe-chevrolet-colorado-hcm/ban-2017-may-dau-so-san-aidxc23372097
23372254,Chevrolet Colorado LTZ 2.5L 4×4 AT 2019,485000000.0,02/10/2025,2019,Máy dầu,Bán tải,Xe cũ,49079,Số tự động,Nhập khẩu,Khánh Hòa,https://oto.com.vn/mua-ban-xe-chevrolet-colorado-khanh-hoa/ltz-25l-4x4-at-2019-cuc-moi-aidxc23372254
23367101,Chevrolet Colorado 2018,420000000.0,17/09/2025,2018,Máy dầu,Bán tải,Xe cũ,110000,Số tự động,Nhập khẩu,Bến Lức - Long An,https://oto.com.vn/mua-ban-xe-chevrolet-colorado-long-an/2018-110000-km-aidxc23367101
23371951,Chevrolet Colorado 2015,298000000.0,01/10/2025,2015,Máy xăng,Bán tải,Xe cũ,120000,Số sàn,N/A,Quảng Ninh,https://oto.com.vn/mua-ban-xe-chevrolet-colorado-quang-ninh/2015-so-san-tai-aidxc23371951
23319244,Chevrolet Corvette 2014,3700000000.0,09/09/2025,2014,Máy xăng,Convertible,Xe cũ,36000,Số tự động,Nhập khẩu,Thuận An - Bình Dương,https://oto.com.vn/mua-ban-xe-chevrolet-corvette-binh-duong/dang-ki-lan-dau-2016-aidxc23319244
23371779,Chevrolet Cruze LS 1.6 2011,145000000.0,30/09/2025,2011,Máy xăng,Sedan,Xe cũ,200000,Số tự động,Trong nước,Bình Dương,https://oto.com.vn/mua-ban-xe-chevrolet-cruze-binh-duong/2011-ls-16-200000-km-aidxc23371779
23370329,Chevrolet Cruze 1.6 MT 2017,229000000.0,25/09/2025,2017,Máy xăng,N/A,Xe cũ,108888,Số sàn,Trong nước,Dĩ An - Bình Dương,https://oto.com.vn/mua-ban-xe-chevrolet-cruze-binh-duong/ban-so-san-may-dam-cuc-chat-chi-229tr-aidxc23370329
23347486,Chevrolet Cruze LTZ 2017,289000000.0,16/09/2025,2017,Máy xăng,Sedan,Xe cũ,58000,Số tự động,Trong nước,Dĩ An - Bình Dương,https://oto.com.vn/mua-ban-xe-chevrolet-cruze-binh-duong/ban-xe-cu-chat-luong-cao-ho-tro-toan-quoc-aidxc23347486
23168945,Chevrolet Cruze LT 1.6 2017,255000000.0,25/09/2025,2017,Máy xăng,Sedan,Xe cũ,130000,Số tự động,Trong nước,Thuận An - Bình Dương,https://oto.com.vn/mua-ban-xe-chevrolet-cruze-binh-duong/bao-duong-5000-km-thay-nhot-mot-lan-mien-phi-aidxc23168945
23371940,Chevrolet Cruze LT 2017,235000000.0,01/10/2025,2017,Máy xăng,Sedan,Xe cũ,65000,Số tự động,Nhập khẩu,Đồng Nai,https://oto.com.vn/mua-ban-xe-chevrolet-cruze-dong-nai/2017-lt-65000-km-aidxc23371940
23369645,Chevrolet Cruze 2010,150000000.0,24/09/2025,2010,Máy xăng,Sedan,Xe cũ,91000,Số sàn,Trong nước,Đồng Tháp,https://oto.com.vn/mua-ban-xe-chevrolet-cruze-dong-thap/2010-91000-km-aidxc23369645
23372399,Chevrolet Cruze LS 1.6 2011,159000000.0,02/10/2025,2011,Máy xăng,Sedan,Xe cũ,92000,Số sàn,Nhập khẩu,Hóc Môn - Tp.HCM,https://oto.com.vn/mua-ban-xe-chevrolet-cruze-hcm/2011-ls-16-92000-km-xe-tai-sai-gon-aidxc23372399
23372443,Chevrolet Cruze 2012,155000000.0,02/10/2025,2012,Máy xăng,Sedan,Xe cũ,90000,Số sàn,Nhập khẩu,Tp.HCM,https://oto.com.vn/mua-ban-xe-chevrolet-cruze-hcm/2012-xe-zin-dep-chinh-chu-odo-9v-aidxc23372443
23372345,Chevrolet Cruze LTZ 1.8 2016,259000000.0,02/10/2025,2016,Máy xăng,Sedan,Xe cũ,95000,Số tự động,Nhập khẩu,Tp.HCM,https://oto.com.vn/mua-ban-xe-chevrolet-cruze-hcm/2016-ltz-18-at-95000-km-bstp-aidxc23372345
23368543,Chevrolet Cruze LT 1.6 2017,235000000.0,21/09/2025,2017,Máy xăng,Sedan,Xe cũ,80000,Số sàn,Nhập khẩu,Gò Vấp - Tp.HCM,https://oto.com.vn/mua-ban-xe-chevrolet-cruze-hcm/2017-lt-16l-80000-km-aidxc23368543
23362222,Chevrolet Cruze LTZ 1.8 2016,260000000.0,05/09/2025,2016,Máy xăng,Sedan,Xe cũ,50000,Số tự động,Trong nước,Tân Bình - Tp.HCM,https://oto.com.vn/mua-ban-xe-chevrolet-cruze-hcm/ltz-trang-2016-di-it-bao-duong-tot-aidxc23362222
23368396,Chevrolet Cruze LS 1.6 2013,170000000.0,20/09/2025,2013,Máy xăng,Sedan,Xe cũ,117000,Số sàn,Nhập khẩu,Tp.HCM,https://oto.com.vn/mua-ban-xe-chevrolet-cruze-hcm/xe-crure-doi-2013-xe-ca-nhan-di-aidxc23368396
23371673,Chevrolet Cruze LT 2016,198000000.0,30/09/2025,2016,Máy xăng,Sedan,Xe cũ,N/A,Số tự động,N/A,Ninh Bình,https://oto.com.vn/mua-ban-xe-chevrolet-cruze-ninh-binh/2016-tai-aidxc23371673
23371750,Chevrolet Cruze LT 1.8 2011,148000000.0,30/09/2025,2011,Máy xăng,Sedan,Xe cũ,200000,Số tự động,Trong nước,Đông Giang - Quảng Nam,https://oto.com.vn/mua-ban-xe-chevrolet-cruze-quang-nam/2011-lt-18-aidxc23371750
23369204,Chevrolet Cruze 2017,190000000.0,23/09/2025,2017,Máy xăng,Sedan,Xe cũ,190000,Số sàn,Nhập khẩu,Quảng Nam,https://oto.com.vn/mua-ban-xe-chevrolet-cruze-quang-nam/can-ra-di-em-chervolet-mau-do-dk-122017-aidxc23369204
23364391,Chevrolet Lacetti EX 1.6 MT 2011,119000000.0,11/09/2025,2011,Máy xăng,Sedan,Xe cũ,12000,Số sàn,Nhập khẩu,Đắk Nông,https://oto.com.vn/mua-ban-xe-chevrolet-lacetti-dak-nong/16mt-sx-2011-119-trieu-aidxc23364391
23371900,Chevrolet Lacetti CDX 2010,168000000.0,01/10/2025,2010,Máy xăng,Sedan,Xe cũ,150000,Số tự động,Nhập khẩu,Đồng Nai,https://oto.com.vn/mua-ban-xe-chevrolet-lacetti-dong-nai/cdx-2010-tu-dong-cua-noc-aidxc23371900
23361822,Chevrolet Lacetti EX 1.6 MT 2011,126000000.0,04/09/2025,2011,Máy xăng,Sedan,Xe cũ,122000,Số sàn,Nhập khẩu,Hà Nội,https://oto.com.vn/mua-ban-xe-chevrolet-lacetti-ha-noi/16-2011-aidxc23361822
23370688,Chevrolet Lacetti EX 1.6 MT 2011,110000000.0,26/09/2025,2011,Máy xăng,Sedan,Xe cũ,195000,Số tự động,Trong nước,Hà Nội,https://oto.com.vn/mua-ban-xe-chevrolet-lacetti-ha-noi/can-ban-2011-ex-16-mt-aidxc23370688
23365853,Chevrolet Lacetti 2009,126000000.0,17/09/2025,2009,Máy xăng,Sedan,Xe cũ,N/A,Số sàn,Nhập khẩu,Hà Nội,https://oto.com.vn/mua-ban-xe-chevrolet-lacetti-ha-noi/nhap-khau-aidxc23365853
23003420,Chevrolet Lacetti EX 1.6 MT 2013,165000000.0,07/09/2025,2013,Máy xăng,Sedan,Xe cũ,150000,Số sàn,Trong nước,Đoan Hùng - Phú Thọ,https://oto.com.vn/mua-ban-xe-chevrolet-lacetti-phu-tho/sedan-5-cho-gia-re-may-so-ngon-than-vo-chac-chan-aidxc23003420
23368797,Chevrolet Matiz 2009,128000000.0,22/09/2025,2009,Máy xăng,Hatchback,Xe cũ,N/A,Số tự động,Trong nước,Hà Nội,https://oto.com.vn/mua-ban-xe-chevrolet-matiz-ha-noi/so-tu-dong-aidxc23368797
23365766,Chevrolet Matiz 2009,125000000.0,16/09/2025,2009,Máy xăng,Hatchback,Xe cũ,N/A,Số tự động,Nhập khẩu,Hải Phòng,https://oto.com.vn/mua-ban-xe-chevrolet-matiz-hai-phong/so-tu-dong-tai-aidxc23365766
23365366,Chevrolet Matiz se 2009,128000000.0,13/09/2025,2009,Máy xăng,Hatchback,Xe cũ,82000,Số sàn,Nhập khẩu,Nghệ An,https://oto.com.vn/mua-ban-xe-chevrolet-matiz-nghe-an/2009-groove-chu-di-giu-aidxc23365366
23364871,Chevrolet Matiz 2009,128000000.0,12/09/2025,2009,Máy xăng,N/A,Xe cũ,N/A,Số tự động,N/A,Nghệ An,https://oto.com.vn/mua-ban-xe-chevrolet-matiz-nghe-an/2009-so-tu-dong-tai-aidxc23364871
23366005,Chevrolet Orlando LTZ 1.8 2016,340000000.0,15/09/2025,2016,Máy xăng,MPV,Xe cũ,106000,Số tự động,Nhập khẩu,Bình Định,https://oto.com.vn/mua-ban-xe-chevrolet-orlando-binh-dinh/2016-ltz-18-106000-km-aidxc23366005
23364058,Chevrolet Orlando LT 1.8 2017,235000000.0,11/09/2025,2017,Máy xăng,SUV,Xe cũ,140000,Số tự động,Nhập khẩu,Tân Uyên - Bình Dương,https://oto.com.vn/mua-ban-xe-chevrolet-orlando-binh-duong/2017-lt-18-140000-km-aidxc23364058
23367344,Chevrolet Orlando LTZ 1.8 2012,250000000.0,18/09/2025,2012,Máy xăng,MPV,Xe cũ,100,Số tự động,Nhập khẩu,Đà Nẵng,https://oto.com.vn/mua-ban-xe-chevrolet-orlando-da-nang/2012-ltz-18-100-km-aidxc23367344
23366683,Chevrolet Orlando LT 1.8 2017,299000000.0,16/09/2025,2017,Máy xăng,MPV,Xe cũ,96000,Số tự động,Nhập khẩu,Đồng Nai,https://oto.com.vn/mua-ban-xe-chevrolet-orlando-dong-nai/2017-lt-18-96000-km-aidxc23366683
23333387,Chevrolet Orlando LT 1.8 2017,295000000.0,17/06/2025,2017,Máy xăng,MPV,Xe cũ,85213,Số sàn,Trong nước,Hải Dương,https://oto.com.vn/mua-ban-xe-chevrolet-orlando-hai-duong/7-cho-rong-rai-aidxc23333387
23333538,Chevrolet Orlando LT 1.8 2017,295000000.0,18/06/2025,2017,Máy xăng,MPV,Xe cũ,86124,Số sàn,Trong nước,Hải Dương,https://oto.com.vn/mua-ban-xe-chevrolet-orlando-hai-duong/xe-7-cho-gia-re-aidxc23333538
23369275,Chevrolet Orlando LT 2011,183000000.0,23/09/2025,2011,Máy xăng,MPV,Xe cũ,100000,Số sàn,Nhập khẩu,Tp.HCM,https://oto.com.vn/mua-ban-xe-chevrolet-orlando-hcm/2011-100000-km-aidxc23369275
23367942,Chevrolet Orlando LT 1.8 2017,275000000.0,19/09/2025,2017,Máy xăng,SUV,Xe cũ,80000,Số tự động,Nhập khẩu,Khánh Hòa,https://oto.com.vn/mua-ban-xe-chevrolet-orlando-khanh-hoa/2017-lt-18-80000-km-aidxc23367942
23370267,Chevrolet Spark 2013,150000000.0,25/09/2025,2013,Máy xăng,Hatchback,Xe cũ,178000,Số tự động,Nhập khẩu,Bình Dương,https://oto.com.vn/mua-ban-xe-chevrolet-spark-binh-duong/2013-178000-km-aidxc23370267
23371539,Chevrolet Spark LTZ 1.0 AT 2014,150000000.0,29/09/2025,2014,Máy xăng,Hatchback,Xe cũ,217000,Số tự động,Trong nước,Bình Dương,https://oto.com.vn/mua-ban-xe-chevrolet-spark-binh-duong/2014-ltz-10-217000-km-aidxc23371539
23372507,Chevrolet Spark LT 2017,145000000.0,02/10/2025,2017,Máy xăng,Hatchback,Xe cũ,123,Số tự động,Trong nước,Cần Thơ,https://oto.com.vn/mua-ban-xe-chevrolet-spark-can-tho/2017-12-lt-aidxc23372507
23371614,Chevrolet Spark LT 1.0 MT 2012,130000000.0,30/09/2025,2012,Máy xăng,Hatchback,Xe cũ,155000,Số sàn,Trong nước,Thanh Khê - Đà Nẵng,https://oto.com.vn/mua-ban-xe-chevrolet-spark-da-nang/2012-lt-10-mt-155000-km-aidxc23371614
23370006,Chevrolet Spark LS 2014,155000000.0,25/09/2025,2014,Máy xăng,Hatchback,Xe cũ,78000,Số tự động,Trong nước,Đắk Lắk,https://oto.com.vn/mua-ban-xe-chevrolet-spark-dak-lak/2014-ls-10-78000-km-aidxc23370006
23372299,Chevrolet Spark LS 2016,136000000.0,02/10/2025,2016,Máy xăng,Hatchback,Xe cũ,13000,Số sàn,Trong nước,Đắk Lắk,https://oto.com.vn/mua-ban-xe-chevrolet-spark-dak-lak/2016-12-ls-13000-km-aidxc23372299
23369591,Chevrolet Spark LT 1.0 MT 2016,138000000.0,24/09/2025,2016,Máy xăng,Hatchback,Xe cũ,150000,Số sàn,Nhập khẩu,Đắk Lắk,https://oto.com.vn/mua-ban-xe-chevrolet-spark-dak-lak/2016-lt-10-mt-150000-km-aidxc23369591
23350347,Chevrolet Spark LTZ 2013,175000000.0,11/09/2025,2013,Máy xăng,Hatchback,Xe cũ,80000,Số tự động,Trong nước,Hoàng Mai - Hà Nội,https://oto.com.vn/mua-ban-xe-chevrolet-spark-ha-noi/chinh-chu-su-dung-aidxc23350347
23372450,Chevrolet Spark 2014,122000000.0,02/10/2025,2014,Máy xăng,Hatchback,Xe cũ,N/A,Số sàn,Nhập khẩu,Hà Nội,https://oto.com.vn/mua-ban-xe-chevrolet-spark-ha-noi/so-san-aidxc23372450
23371870,Chevrolet Spark 1.2 mt 2011,118000000.0,30/09/2025,2011,Máy xăng,Hatchback,Xe cũ,99000,Số sàn,Nhập khẩu,Tp.HCM,https://oto.com.vn/mua-ban-xe-chevrolet-spark-hcm/2011-lt-12-mt-99000-km-aidxc23371870
23371442,Chevrolet Spark 2016,147000000.0,29/09/2025,2016,Máy xăng,Hatchback,Xe cũ,20000,Số sàn,Nhập khẩu,Tp.HCM,https://oto.com.vn/mua-ban-xe-chevrolet-spark-hcm/2016-20000-km-aidxc23371442
23371856,Chevrolet Spark LT 2016,135000000.0,30/09/2025,2016,Máy xăng,Hatchback,Xe cũ,120000,Số sàn,Trong nước,Tp.HCM,https://oto.com.vn/mua-ban-xe-chevrolet-spark-hcm/2016-lt-12-120000-km-aidxc23371856
23371257,Chevrolet Spark 1.2 mt 2017,130000000.0,28/09/2025,2017,Máy xăng,Hatchback,Xe cũ,12000,Số sàn,Nhập khẩu,Long An,https://oto.com.vn/mua-ban-xe-chevrolet-spark-long-an/2017-lt-12-mt-12000-km-aidxc23371257
23372453,Chevrolet Spark 2017,115000000.0,02/10/2025,2017,Máy xăng,Hatchback,Xe cũ,80000,Số sàn,Trong nước,Nghệ An,https://oto.com.vn/mua-ban-xe-chevrolet-spark-nghe-an/2017-tinh-trang-tot-aidxc23372453
23372054,Chevrolet Spark LTZ 1.0 AT 2013,158000000.0,01/10/2025,2013,Máy xăng,Hatchback,Xe cũ,12,Số tự động,Nhập khẩu,Tương Dương - Ninh Bình,https://oto.com.vn/mua-ban-xe-chevrolet-spark-ninh-binh/2013-ltz-10-at-12-km-aidxc23372054
23361258,Chevrolet Trailblazer 2.5L VGT LT 4x2 AT 2018,515000000.0,03/09/2025,2018,Máy dầu,SUV,Xe cũ,105000,Số tự động,Nhập khẩu,Bình Dương,https://oto.com.vn/mua-ban-xe-chevrolet-trailblazer-binh-duong/2018-lt-25l-vgt-4x2-at-aidxc23361258
23365982,Chevrolet Trailblazer 2.5L VGT 4x4 AT LTZ 2018,580000000.0,15/09/2025,2018,Máy dầu,SUV,Xe cũ,80000,Số tự động,Nhập khẩu,Bình Dương,https://oto.com.vn/mua-ban-xe-chevrolet-trailblazer-binh-duong/2018-ltz-25l-vgt-4x4-at-8-aidxc23365982
23339763,Chevrolet Trailblazer 2.5L 4×2 MT LT 2018,485000000.0,15/08/2025,2018,Máy dầu,SUV,Xe cũ,93000,Số sàn,Nhập khẩu,Đồng Phú - Bình Phước,https://oto.com.vn/mua-ban-xe-chevrolet-trailblazer-binh-phuoc/phu-hop-chay-gia-dinh-sieu-tinh-te-aidxc23339763
23372474,Chevrolet Trailblazer 2018,490000000.0,02/10/2025,2018,Máy dầu,SUV,Xe cũ,97000,Số tự động,Nhập khẩu,Đồng Nai,https://oto.com.vn/mua-ban-xe-chevrolet-trailblazer-dong-nai/2018-aidxc23372474
23363544,Chevrolet Trailblazer 2.5L VGT 4x4 AT LTZ 2018,580000000.0,09/09/2025,2018,Máy dầu,SUV,Xe cũ,90000,Số tự động,Nhập khẩu,Hà Nội,https://oto.com.vn/mua-ban-xe-chevrolet-trailblazer-ha-noi/2018-ltz-25l-vgt-4x4-at-aidxc23363544
23317710,Chevrolet Trailblazer 2.5L VGT 4x4 AT LTZ 2018,620000000.0,05/05/2025,2018,Máy dầu,SUV,Xe cũ,80000,Số tự động,Nhập khẩu,Thanh Xuân - Hà Nội,https://oto.com.vn/mua-ban-xe-chevrolet-trailblazer-ha-noi/tralblazer-at-ltz-2018-aidxc23317710
23310450,Chevrolet Trailblazer 2018,590000000.0,11/04/2025,2018,Máy xăng,N/A,Xe cũ,80000,Số tự động,Nhập khẩu,Cầu Giấy - Hà Nội,https://oto.com.vn/mua-ban-xe-chevrolet-trailblazer-ha-noi/xe-cam-ket-may-zin-bao-check-aidxc23310450
23368725,Chevrolet Trailblazer 2.5L 4x4 AT LTZ 2018,550000000.0,21/09/2025,2018,Máy dầu,SUV,Xe cũ,85000,Số tự động,Nhập khẩu,Tp.HCM,https://oto.com.vn/mua-ban-xe-chevrolet-trailblazer-hcm/2018-ltz-25l-vgt-4x4-at-85000-km-aidxc23368725
23357027,Chevrolet Trailblazer 2.5L VGT 4x4 AT LTZ 2019,570000000.0,22/08/2025,2019,Máy dầu,SUV,Xe cũ,86000,Số tự động,Nhập khẩu,Thủ Đức - Tp.HCM,https://oto.com.vn/mua-ban-xe-chevrolet-trailblazer-hcm/ngon-bo-re-aidxc23357027
23331664,Chevrolet Trailblazer VGT 4×4 AT LTZ 2018,645000000.0,11/06/2025,2018,Máy dầu,SUV,Xe cũ,22000,Số tự động,Nhập khẩu,Thủ Đức - Tp.HCM,https://oto.com.vn/mua-ban-xe-chevrolet-trailblazer-hcm/sieu-moi-di-luot-chi-22000km-chua-roda-xong-aidxc23331664
23338702,Chevrolet Trailblazer 2.5L 4×2 MT LT 2018,395000000.0,07/07/2025,2018,Máy dầu,SUV,Xe cũ,94000,Số sàn,Trong nước,Quận 12 - Tp.HCM,https://oto.com.vn/mua-ban-xe-chevrolet-trailblazer-hcm/trailbazer-2018-so-san-1-cau-aidxc23338702
23330619,Chevrolet Trailblazer LTZ 2.8 AT 4x4 2018,625000000.0,09/06/2025,2018,Máy dầu,SUV,Xe cũ,57000,Số tự động,Nhập khẩu,Thủ Đức - Tp.HCM,https://oto.com.vn/mua-ban-xe-chevrolet-trailblazer-hcm/xe-ban-aidxc23330619
23367215,Chevrolet Vivant CDX-AT 2008,116000000.0,17/09/2025,2008,Máy xăng,Hatchback,Xe cũ,12500,Số tự động,Nhập khẩu,Bình Định,https://oto.com.vn/mua-ban-xe-chevrolet-vivant-binh-dinh/cdx-at-2008-116-trieu-aidxc23367215
23336230,Chevrolet Vivant 2008,88000000.0,30/06/2025,2008,Máy xăng,MPV,Xe cũ,178,Số tự động,Trong nước,Đắk Lắk,https://oto.com.vn/mua-ban-xe-chevrolet-vivant-dak-lak/2008-ban-du-aidxc23336230
23371383,Chevrolet Vivant 2 2010,115000000.0,29/09/2025,2010,Máy xăng,MPV,Xe cũ,128000,Số sàn,Trong nước,Hòa Thành - Đắk Lắk,https://oto.com.vn/mua-ban-xe-chevrolet-vivant-dak-lak/gd-can-ban-2008-zin-chuan-aidxc23371383
23369861,Chevrolet Vivant CDX-AT 2011,110000000.0,24/09/2025,2011,Máy xăng,MPV,Xe cũ,74500,Số tự động,Trong nước,Biên Hòa - Đồng Nai,https://oto.com.vn/mua-ban-xe-chevrolet-vivant-dong-nai/2011-cdx-20-at-74500-km-aidxc23369861
22796733,Chevrolet Vivant 2.0 2009,85000000.0,15/09/2025,2009,Máy xăng,Crossover,Xe cũ,150000,Số sàn,Trong nước,Đoan Hùng - Phú Thọ,https://oto.com.vn/mua-ban-xe-chevrolet-vivant-phu-tho/1-chu-tu-dau-chat-xe-lanh-ben-may-so-ngon-than-vo-chac-chan-aidxc22796733
23363195,Chiến Thắng Kenbo 2021,155000000.0,08/09/2025,2021,Máy xăng,Xe tải,Xe cũ,50000,Số sàn,Trong nước,Hưng Yên - Hưng Yên,https://oto.com.vn/mua-ban-xe-chien-thang-kenbo-hung-yen/ban-xe-da-qua-su-dung-doi-2021-lien-he-de-biet-them-ve-gia-aidxc23363195
23313204,Chiến Thắng Xe Ben 2022,250000000.0,17/04/2025,2022,Máy dầu,Xe tải,Xe cũ,77777,Số sàn,Trong nước,Cầu Giấy - Hà Nội,https://oto.com.vn/mua-ban-xe-chien-thang-xe-ben-ha-noi/phat-mai-xe-tai-ben-loai-5-tan-sx-2022-aidxc23313204
23342122,Chrysler 300C 2010,480000000.0,16/07/2025,2010,Máy xăng,Sedan,Xe cũ,10,Số tự động,Nhập khẩu,Hà Nội,https://oto.com.vn/mua-ban-xe-chrysler-300c-ha-noi/phien-ban-limited-35l-v6-aidxc23342122
23188776,Chrysler 300C 2008,390000000.0,18/09/2025,2008,Máy xăng,Sedan,Xe cũ,88950,Số tự động,Nhập khẩu,Bình Thạnh - Tp.HCM,https://oto.com.vn/mua-ban-xe-chrysler-300c-hcm/nhap-my-2008-loai-may-35-full-do-mot-doi-sg-trum-men-it-di-rat-moi-cua-so-tro-aidxc23188776
23340960,Chrysler 300C 2010,3600000000.0,14/07/2025,2010,Máy xăng,Sedan,Xe cũ,29536,Số tự động,Nhập khẩu,Quận 10 - Tp.HCM,https://oto.com.vn/mua-ban-xe-chrysler-300c-hcm/xe-limousine-noi-that-vip-phu-hop-chay-cuoi-hoi-don-khach-vip-showbiz-hoac-dich-vu-cao-cap-aidxc23340960
22928824,Citroen DS3 2011,299000000.0,25/09/2025,2011,Máy xăng,Coupe,Xe cũ,110000,Số tự động,Nhập khẩu,Thuận An - Bình Dương,https://oto.com.vn/mua-ban-xe-citroen-ds3-binh-duong/xe-sieu-dep-sieu-luot-aidxc22928824
23367820,Citroen DS3 2011,275000000.0,19/09/2025,2011,Máy xăng,N/A,Xe cũ,77000,Số tự động,Nhập khẩu,Đắk Lắk,https://oto.com.vn/mua-ban-xe-citroen-ds3-dak-lak/s-16-2-cua-nhap-phap-aidxc23367820
23371677,CMC Z7 2015,80000000.0,30/09/2025,2015,Máy dầu,Xe tải,Xe cũ,1,Số sàn,Nhập khẩu,Cầu Giấy - Hà Nội,https://oto.com.vn/mua-ban-xe-cmc-z7-ha-noi/jupiter-phat-mai-so-mi-ro-mooc-cimc-aidxc23371677
23369995,Daehan Tera V 2023,245000000.0,25/09/2025,2023,Máy dầu,Van/Minivan,Xe cũ,33000,Số sàn,Nhập khẩu,Tp.HCM,https://oto.com.vn/mua-ban-xe-daehan-tera-v-hcm/tai-van-2023-aidxc23369995
23335542,Daewoo Chairman 1999,170000000.0,25/06/2025,1999,Máy xăng,Sedan,Xe cũ,110,Số tự động,Nhập khẩu,Hương Thủy - Thừa Thiên Huế,https://oto.com.vn/mua-ban-xe-daewoo-chairman-thua-thien-hue/limousine-1999-han-quoc-aidxc23335542
23361123,Daewoo Gentra 1.5 AT 2010,109000000.0,03/09/2025,2010,Máy xăng,Sedan,Xe cũ,123456,Số tự động,Nhập khẩu,An Giang,https://oto.com.vn/mua-ban-xe-daewoo-gentra-an-giang/2010-123456-km-aidxc23361123
23369717,Daewoo Gentra 2010,70000000.0,24/09/2025,2010,Máy xăng,Sedan,Xe cũ,45,Số sàn,Trong nước,Tân Yên - Bắc Giang,https://oto.com.vn/mua-ban-xe-daewoo-gentra-bac-giang/2010-gia-70trieu-aidxc23369717
23365175,Daewoo Gentra SX 2009,115000000.0,13/09/2025,2009,Máy xăng,Sedan,Xe cũ,108000,Số sàn,Trong nước,Bình Dương,https://oto.com.vn/mua-ban-xe-daewoo-gentra-binh-duong/2009-sx-15-mt-108000-km-aidxc23365175
23369707,Daewoo Gentra SX 2011,115000000.0,24/09/2025,2011,Máy xăng,Sedan,Xe cũ,100000,Số tự động,Nhập khẩu,Bến Cát - Bình Dương,https://oto.com.vn/mua-ban-xe-daewoo-gentra-binh-duong/dawoo-gentea2011-10-aidxc23369707
23366197,Daewoo Gentra 2011,115000000.0,16/09/2025,2011,Máy xăng,Sedan,Xe cũ,N/A,Số tự động,Nhập khẩu,Hà Nội,https://oto.com.vn/mua-ban-xe-daewoo-gentra-ha-noi/khong-loi-gia-115-trieu-aidxc23366197
23357490,Daewoo Gentra SX 2009,85000000.0,23/08/2025,2009,Máy xăng,Sedan,Xe cũ,100000,Số sàn,Trong nước,Bình Tân - Tp.HCM,https://oto.com.vn/mua-ban-xe-daewoo-gentra-hcm/chinh-chu-can-ban-2009-sx-15-mt-100000-km-aidxc23357490
23298611,Daewoo Gentra SX 2010,89000000.0,16/03/2025,2010,Máy xăng,Sedan,Xe cũ,78000,Số sàn,Trong nước,Vinh - Nghệ An,https://oto.com.vn/mua-ban-xe-daewoo-gentra-nghe-an/mot-chu-tu-moi-aidxc23298611
23298616,Daewoo Gentra SX 2010,89000000.0,16/03/2025,2010,Máy xăng,Sedan,Xe cũ,102000,Số sàn,Trong nước,Lệ Thủy - Quảng Bình,https://oto.com.vn/mua-ban-xe-daewoo-gentra-quang-binh/chinh-chu-tu-moi-aidxc23298616
23370100,Daewoo GentraX 1.5at 2010,185000000.0,25/09/2025,2010,Máy xăng,Hatchback,Xe cũ,100000,Số tự động,Trong nước,Biên Hòa - Đồng Nai,https://oto.com.vn/mua-ban-xe-daewoo-gentrax-dong-nai/gentra-x-2010-nhap-han-qua-cop-ho-tro-gop-aidxc23370100
23369648,Daewoo GentraX 2009,115000000.0,24/09/2025,2009,Máy xăng,Sedan,Xe cũ,12,Số tự động,Nhập khẩu,Hà Nội,https://oto.com.vn/mua-ban-xe-daewoo-gentrax-ha-noi/2009-sx-12-at-12-km-aidxc23369648
23371183,Daewoo Lacetti CDX 1.6 AT 2010,155000000.0,28/09/2025,2010,Máy xăng,Sedan,Xe cũ,170000,Số tự động,Nhập khẩu,An Giang,https://oto.com.vn/mua-ban-xe-daewoo-lacetti-an-giang/2010-cdx-16-at-nhap-han-aidxc23371183
23369719,Daewoo Lacetti 2009,65000000.0,24/09/2025,2009,Máy xăng,Sedan,Xe cũ,40,Số sàn,Trong nước,Tân Yên - Bắc Giang,https://oto.com.vn/mua-ban-xe-daewoo-lacetti-bac-giang/ban-2009-gia-65trieu-aidxc23369719
23366185,Daewoo Lacetti CDX 1.6 AT 2009,135000000.0,15/09/2025,2009,Máy xăng,Sedan,Xe cũ,40,Số tự động,Nhập khẩu,Tân Yên - Bắc Giang,https://oto.com.vn/mua-ban-xe-daewoo-lacetti-bac-giang/laceti-cdx-2009-at-nhap-han-135trieu-aidxc23366185
23364010,Daewoo Lacetti CDX 1.6 AT 2009,135000000.0,10/09/2025,2009,Máy xăng,Sedan,Xe cũ,30,Số tự động,Nhập khẩu,Tân Yên - Bắc Giang,https://oto.com.vn/mua-ban-xe-daewoo-lacetti-bac-giang/laceti-cdx-2009-nhap-han-so-tu-dong-aidxc23364010
23367535,Daewoo Lacetti EX 1.6 MT 2010,120000000.0,18/09/2025,2010,Máy xăng,Sedan,Xe cũ,130000,Số sàn,Trong nước,Bến Tre,https://oto.com.vn/mua-ban-xe-daewoo-lacetti-ben-tre/2010-ex-16-mt-130000-km-aidxc23367535
23372225,Daewoo Lacetti 2005,75000000.0,01/10/2025,2005,Máy xăng,Sedan,Xe cũ,156000,Số tự động,Trong nước,Phú Giáo - Bình Dương,https://oto.com.vn/mua-ban-xe-daewoo-lacetti-binh-duong/vua-moidang-kiem-moi-may-lanh-khung-gam-cac-thu-con-rat-ok-nuoc-son-con-dep-aidxc23372225
23369652,Daewoo Lacetti SE 2010,120000000.0,24/09/2025,2010,Máy xăng,Sedan,Xe cũ,190000,Số sàn,Nhập khẩu,Đắk Lắk,https://oto.com.vn/mua-ban-xe-daewoo-lacetti-dak-lak/2010-se-190000-km-aidxc23369652
23367587,Daewoo Lacetti SE 2010,150000000.0,18/09/2025,2010,Máy xăng,Sedan,Xe cũ,200000,Số sàn,Nhập khẩu,Hà Nội,https://oto.com.vn/mua-ban-xe-daewoo-lacetti-ha-noi/10-356-2010-se-200000-km-aidxc23367587
23366196,Daewoo Lacetti Max 1.8 2010,118000000.0,16/09/2025,2010,Máy xăng,Sedan,Xe cũ,26570,Số sàn,Nhập khẩu,Hà Nội,https://oto.com.vn/mua-ban-xe-daewoo-lacetti-ha-noi/2010-max-18-mt-aidxc23366196
23363919,Daewoo Lacetti EX 1.6 MT 2011,110000000.0,10/09/2025,2011,Máy xăng,Sedan,Xe cũ,110000,Số tự động,Nhập khẩu,Hà Nội,https://oto.com.vn/mua-ban-xe-daewoo-lacetti-ha-noi/2011-ex-16-mt-110000-km-aidxc23363919
23367207,Daewoo Lacetti SE 2010,125000000.0,17/09/2025,2010,Máy xăng,Sedan,Xe cũ,110000,Số tự động,Nhập khẩu,Hà Tĩnh,https://oto.com.vn/mua-ban-xe-daewoo-lacetti-ha-tinh/2010-se-110000-km-aidxc23367207
23372186,Daewoo Lacetti CDX 1.6 AT 2010,165000000.0,01/10/2025,2010,Máy xăng,Sedan,Xe cũ,90000,Số tự động,Nhập khẩu,Tp.HCM,https://oto.com.vn/mua-ban-xe-daewoo-lacetti-hcm/2010-cdx-16-at-90000-km-aidxc23372186
23369317,Daewoo Lacetti EX 1.6 MT 2011,115000000.0,23/09/2025,2011,Máy xăng,Sedan,Xe cũ,N/A,Số sàn,Trong nước,Tp.HCM,https://oto.com.vn/mua-ban-xe-daewoo-lacetti-hcm/2011-ex-16-mt-gam-may-so-emchay-boc-ko-loi-aidxc23369317
23363657,Daewoo Lacetti SE 2010,125000000.0,10/09/2025,2010,Máy xăng,Sedan,Xe cũ,200000,Số sàn,Nhập khẩu,Lâm Đồng,https://oto.com.vn/mua-ban-xe-daewoo-lacetti-lam-dong/2010-se-200000-km-aidxc23363657
23364546,Daewoo Lacetti SE 2009,120000000.0,11/09/2025,2009,Máy xăng,Sedan,Xe cũ,202250,Số tự động,Nhập khẩu,Quảng Nam,https://oto.com.vn/mua-ban-xe-daewoo-lacetti-quang-nam/2009-se-202250-km-aidxc23364546
23336035,Daewoo Lanos SX 2003,55000000.0,28/06/2025,2003,Máy xăng,Sedan,Xe cũ,99999,Số sàn,Trong nước,Quận 12 - Tp.HCM,https://oto.com.vn/mua-ban-xe-daewoo-lanos-hcm/moi-dang-kiem-chinh-chu-ban-sang-ten-thoai-mai-aidxc23336035
23345326,Daewoo Lanos MT 2003,39000000.0,23/07/2025,2003,Máy xăng,Sedan,Xe cũ,12345,Số sàn,Trong nước,Đăk Hà - Kon Tum,https://oto.com.vn/mua-ban-xe-daewoo-lanos-kon-tum/xe-may-rat-em-ban-du-chay-ngon-co-giao-luu-aidxc23345326
23337266,Daewoo Leganza CDX 2002,39000000.0,03/07/2025,2002,Máy xăng,Sedan,Xe cũ,12340,Số sàn,Nhập khẩu,Đăk Hà - Kon Tum,https://oto.com.vn/mua-ban-xe-daewoo-leganza-kon-tum/39-trieu-bao-chay-ca-viet-nam-dang-kiem-dai-may-em-dieu-hoa-mat-aidxc23337266
23369718,Daewoo Matiz SE 2008,36000000.0,24/09/2025,2008,Máy xăng,Van/Minivan,Xe cũ,40,Số sàn,Trong nước,Tân Yên - Bắc Giang,https://oto.com.vn/mua-ban-xe-daewoo-matiz-bac-giang/ban-xe-2008-gia-36trieu-aidxc23369718
23351271,Daewoo Matiz SE 2006,37000000.0,06/08/2025,2006,Máy xăng,Hatchback,Xe cũ,123456,Số tự động,Nhập khẩu,Hòa Vang - Đà Nẵng,https://oto.com.vn/mua-ban-xe-daewoo-matiz-da-nang/o-to-ban-du-gia-dinh-can-ban-aidxc23351271
23313357,Daewoo Matiz SE 2005,33000000.0,18/04/2025,2005,Máy xăng,Hatchback,Xe cũ,500000,Số sàn,Trong nước,Hà Nội,https://oto.com.vn/mua-ban-xe-daewoo-matiz-ha-noi/bao-chay-bac-nam-aidxc23313357
23313616,Daewoo Matiz 2000,27000000.0,19/04/2025,2000,Máy xăng,Hatchback,Xe cũ,100000,Số sàn,Trong nước,Hà Nội,https://oto.com.vn/mua-ban-xe-daewoo-matiz-ha-noi/bao-chay-ban-nam-aidxc23313616
23370488,Daewoo Matiz SE 2004,58000000.0,26/09/2025,2004,Máy xăng,Hatchback,Xe cũ,11000,Số sàn,Trong nước,Hoàng Mai - Hà Nội,https://oto.com.vn/mua-ban-xe-daewoo-matiz-ha-noi/chinh-chu-su-dung-ki-tinh-aidxc23370488
23337859,Daewoo Matiz 2009,130000000.0,05/07/2025,2009,Máy xăng,Hatchback,Xe cũ,12000,Số sàn,Nhập khẩu,Hoàng Mai - Hà Nội,https://oto.com.vn/mua-ban-xe-daewoo-matiz-ha-noi/xe-supper-2009-dang-ky-2011-nguyen-ban-mau-do-nu-sd-it-aidxc23337859
23368428,Daewoo Matiz 2009,138000000.0,20/09/2025,2009,Máy xăng,Hatchback,Xe cũ,200000,Số tự động,Nhập khẩu,An Lão - Hải Phòng,https://oto.com.vn/mua-ban-xe-daewoo-matiz-hai-phong/xe-dep-chu-giu-gin-aidxc23368428
23366920,Daewoo Matiz 2010,125000000.0,17/09/2025,2010,Máy xăng,Hatchback,Xe cũ,150000,Số tự động,Nhập khẩu,Đoan Hùng - Phú Thọ,https://oto.com.vn/mua-ban-xe-daewoo-matiz-phu-tho/so-tu-dong-gia-re-aidxc23366920
23368584,Daihatsu Terios 2005,108000000.0,21/09/2025,2005,Máy xăng,SUV,Xe cũ,100000,Số sàn,Nhập khẩu,Hà Nội,https://oto.com.vn/mua-ban-xe-daihatsu-terios-ha-noi/2005-100000-km-aidxc23368584
23331779,Daihatsu Terios 2004,95000000.0,12/06/2025,2004,Máy xăng,SUV,Xe cũ,170000,Số sàn,Trong nước,Chương Mỹ - Hà Nội,https://oto.com.vn/mua-ban-xe-daihatsu-terios-ha-noi/mau-do-aidxc23331779
23339752,Daihatsu Terios 2005,110000000.0,10/07/2025,2005,Máy xăng,SUV,Xe cũ,220000,Số sàn,Trong nước,Hải Dương,https://oto.com.vn/mua-ban-xe-daihatsu-terios-hai-duong/so-san-zin-dep-aidxc23339752
23346913,Dongben T30 2019,135000000.0,26/07/2025,2019,Máy xăng,Xe tải,Xe cũ,60000,Số sàn,Trong nước,Đông Anh - Hà Nội,https://oto.com.vn/mua-ban-xe-dongben-t30-ha-noi/xe-ban-hang-luu-dong-2-cho-aidxc23346913
23320995,Dongben X30 2017,110000000.0,11/09/2025,2017,Máy xăng,Van/Minivan,Xe cũ,12000,Số sàn,Trong nước,Đông Anh - Hà Nội,https://oto.com.vn/mua-ban-xe-dongben-x30-ha-noi/ban-tai-van-2-cho-san-xuat-nam-2017-aidxc23320995
23330326,Dongben X30 2019,150000000.0,22/09/2025,2019,Máy xăng,Van/Minivan,Xe cũ,10000,Số sàn,Trong nước,Đông Anh - Hà Nội,https://oto.com.vn/mua-ban-xe-dongben-x30-ha-noi/ban-tai-van-2-cho-san-xuat-nam-2019-aidxc23330326
23238279,Dongben X30 2021,250000000.0,19/03/2025,2021,Máy xăng,Van/Minivan,Xe cũ,10000,Số sàn,Trong nước,Đông Anh - Hà Nội,https://oto.com.vn/mua-ban-xe-dongben-x30-ha-noi/ban-tmt-c35-tai-van-2-cho-doi-2021-aidxc23238279
23366136,Dongben X30 2017,110000000.0,15/09/2025,2017,Máy xăng,Van/Minivan,Xe cũ,120000,Số sàn,Trong nước,Hà Đông - Hà Nội,https://oto.com.vn/mua-ban-xe-dongben-x30-ha-noi/bao-hanh-dong-co-khi-mua-ve-su-dung-aidxc23366136
23346912,Dongben X30 2020,150000000.0,26/07/2025,2020,Máy xăng,Van/Minivan,Xe cũ,30000,Số sàn,Trong nước,Đông Anh - Hà Nội,https://oto.com.vn/mua-ban-xe-dongben-x30-ha-noi/tai-van-2-cho-aidxc23346912
23349753,Dongben X30 2021,200000000.0,02/08/2025,2021,Máy xăng,Van/Minivan,Xe cũ,34000,Số sàn,Trong nước,Thủ Đức - Tp.HCM,https://oto.com.vn/mua-ban-xe-dongben-x30-hcm/can-ban-xe-van-srm-5-cho-sx-2021-aidxc23349753
23358653,Dongfeng (DFM) 8T 2007,39000000.0,29/09/2025,2007,Máy xăng,Van/Minivan,Xe cũ,80000,Số sàn,Nhập khẩu,Việt Trì - Phú Thọ,https://oto.com.vn/mua-ban-xe-dongfeng-8t-phu-tho/xe-gia-dinh-can-ban-aidxc23358653
23327177,FAW Xe đầu kéo 2021,538000000.0,12/09/2025,2021,Máy dầu,Xe tải,Xe cũ,205258,Số sàn,Nhập khẩu,Cầu Giấy - Hà Nội,https://oto.com.vn/mua-ban-xe-faw-xe-dau-keo-ha-noi/thanh-ly-xe-ngan-hang-aidxc23327177
23336567,FAW Xe tải thùng 2021,390000000.0,01/07/2025,2021,Máy dầu,Xe tải,Xe cũ,103691,Số sàn,Nhập khẩu,Cầu Giấy - Hà Nội,https://oto.com.vn/mua-ban-xe-faw-xe-tai-thung-ha-noi/jupiter-ban-tai-san-aidxc23336567
23336589,FAW Xe tải thùng 2021,390000000.0,01/07/2025,2021,Máy dầu,Xe tải,Xe cũ,33302,Số sàn,Nhập khẩu,Cầu Giấy - Hà Nội,https://oto.com.vn/mua-ban-xe-faw-xe-tai-thung-ha-noi/jupiter-ban-tai-san-aidxc23336589
23343142,FAW Xe tải thùng 2021,351000000.0,18/07/2025,2021,Máy dầu,Xe tải,Xe cũ,103691,Số sàn,Trong nước,Cầu Giấy - Hà Nội,https://oto.com.vn/mua-ban-xe-faw-xe-tai-thung-ha-noi/jupiter-ban-tai-san-aidxc23343142
23343364,FAW Xe tải thùng 2021,351000000.0,19/07/2025,2021,Máy dầu,Xe tải,Xe cũ,33302,Số sàn,Nhập khẩu,Cầu Giấy - Hà Nội,https://oto.com.vn/mua-ban-xe-faw-xe-tai-thung-ha-noi/jupiter-ban-tai-san-aidxc23343364
22828117,Ferrari 488 GTB 2015,13000000000.0,14/04/2025,2015,Máy xăng,Sport Car,Xe cũ,46000,Số tự động,Nhập khẩu,Thuận An - Bình Dương,https://oto.com.vn/mua-ban-xe-ferrari-488-binh-duong/dang-ki-2017-do-misha-design-aidxc22828117
23316730,Ferrari 488 GTB 2015,13000000000.0,03/09/2025,2015,Máy xăng,Sport Car,Xe cũ,46000,Số tự động,Nhập khẩu,Thuận An - Bình Dương,https://oto.com.vn/mua-ban-xe-ferrari-488-binh-duong/dang-ki-2017-do-misha-design-aidxc23316730
23301649,Ferrari F8 Spider 2021,26789000000.0,18/09/2025,2021,Máy xăng,Sport Car,Xe cũ,7777,Số tự động,Nhập khẩu,Quận 7 - Tp.HCM,https://oto.com.vn/mua-ban-xe-ferrari-f8-spider-hcm/7777km-gia-ca-con-thuong-luong-aidxc23301649
23078622,Ferrari F8 Spider 2022,26999000000.0,09/09/2025,2022,Máy xăng,N/A,Xe cũ,7000,Số tự động,Nhập khẩu,Quận 7 - Tp.HCM,https://oto.com.vn/mua-ban-xe-ferrari-f8-spider-hcm/xe-di-co-7000-doc-nhat-viet-nam-aidxc23078622
23363174,Fiat 500 2009,299000000.0,08/09/2025,2009,Máy xăng,N/A,Xe cũ,61000,Số tự động,N/A,Hà Nội,https://oto.com.vn/mua-ban-xe-fiat-500-ha-noi/2009-tai-aidxc23363174
23302605,Fiat Albea 1.6 MT 2007,40000000.0,25/03/2025,2007,Máy xăng,Sedan,Xe cũ,200000,Số sàn,Trong nước,Đống Đa - Hà Nội,https://oto.com.vn/mua-ban-xe-fiat-albea-ha-noi/xe-chinh-chu-dang-su-dung-con-han-dang-kiem-gia-40tr-aidxc23302605
23338466,Fiat Siena 2000,34000000.0,07/07/2025,2000,Máy xăng,Sedan,Xe cũ,90000,Số sàn,Nhập khẩu,Tân Uyên - Bình Dương,https://oto.com.vn/mua-ban-xe-fiat-siena-binh-duong/2000-90000-km-34-trieu-aidxc23338466
23338663,Fiat Siena 2001,29000000.0,07/07/2025,2001,Máy xăng,Sedan,Xe cũ,111111,Số sàn,Nhập khẩu,Đăk Hà - Kon Tum,https://oto.com.vn/mua-ban-xe-fiat-siena-kon-tum/xe-gd-can-ban-aidxc23338663
23027825,Ford EcoSport Titanium 1.5L AT 2017,365000000.0,25/09/2025,2017,Máy xăng,N/A,Xe cũ,80000,Số tự động,Nhập khẩu,Thuận An - Bình Dương,https://oto.com.vn/mua-ban-xe-ford-ecosport-binh-duong/xe-dep-nhu-moi-aidxc23027825
23363135,Ford EcoSport Trend 2018,350000000.0,08/09/2025,2018,Máy xăng,SUV,Xe cũ,120000,Số tự động,Nhập khẩu,Ngũ Hành Sơn - Đà Nẵng,https://oto.com.vn/mua-ban-xe-ford-ecosport-da-nang/can-ban-xe-aidxc23363135
23369869,Ford EcoSport Titanium 1.5L AT 2020,430000000.0,24/09/2025,2020,Máy xăng,SUV,Xe cũ,40800,Số tự động,Trong nước,Hà Nội,https://oto.com.vn/mua-ban-xe-ford-ecosport-ha-noi/2020-titanium-15l-at-40800-km-aidxc23369869
23333102,Ford EcoSport Titanium 1.5L AT 2016,310000000.0,11/09/2025,2016,Máy xăng,SUV,Xe cũ,120000,Số tự động,Trong nước,Hà Đông - Hà Nội,https://oto.com.vn/mua-ban-xe-ford-ecosport-ha-noi/gia-tot-sang-ten-ngay-du-ho-so-aidxc23333102
23104129,Ford EcoSport Titanium 1.5L AT 2016,315000000.0,23/09/2025,2016,Máy xăng,SUV,Xe cũ,84000,Số tự động,Trong nước,Nam Từ Liêm - Hà Nội,https://oto.com.vn/mua-ban-xe-ford-ecosport-ha-noi/mau-trang-ho-tro-bank-aidxc23104129
23350351,Ford EcoSport Titanium 1.5L AT 2021,445000000.0,11/09/2025,2021,Máy xăng,SUV,Xe cũ,55000,Số tự động,Trong nước,Hoàng Mai - Hà Nội,https://oto.com.vn/mua-ban-xe-ford-ecosport-ha-noi/mot-chu-tu-moi-aidxc23350351
23335361,Ford EcoSport Titanium 1.5L AT 2021,445000000.0,11/09/2025,2021,Máy xăng,SUV,Xe cũ,55000,Số tự động,Trong nước,Hoàng Mai - Hà Nội,https://oto.com.vn/mua-ban-xe-ford-ecosport-ha-noi/tu-nhan-chinh-chu-aidxc23335361
23349252,Ford EcoSport 2016,309000000.0,03/09/2025,2016,Máy xăng,SUV,Xe cũ,82000,Số tự động,Trong nước,Cầu Giấy - Hà Nội,https://oto.com.vn/mua-ban-xe-ford-ecosport-ha-noi/xe-dep-aidxc23349252
23369300,Ford EcoSport Ambiente 1.5L AT 2017,310000000.0,23/09/2025,2017,Máy xăng,SUV,Xe cũ,100000,Số tự động,Trong nước,Hải An - Hải Phòng,https://oto.com.vn/mua-ban-xe-ford-ecosport-hai-phong/2017-15-titanium-at-aidxc23369300
23367017,Ford EcoSport Titanium 1.5L AT 2021,475000000.0,17/09/2025,2021,Máy xăng,SUV,Xe cũ,72000,Số tự động,Trong nước,Tân Phú - Tp.HCM,https://oto.com.vn/mua-ban-xe-ford-ecosport-hcm/titanium-2021xe-di-kyho-tro-vay-70-aidxc23367017
23366692,Ford EcoSport Titanium 1.5L AT 2019,417000000.0,16/09/2025,2019,Máy xăng,SUV,Xe cũ,59000,Số tự động,Trong nước,Quận 7 - Tp.HCM,https://oto.com.vn/mua-ban-xe-ford-ecosport-hcm/titannium-aidxc23366692
23336254,Ford EcoSport Titanium 1.5L AT 2021,475000000.0,05/09/2025,2021,Máy xăng,SUV,Xe cũ,72000,Số tự động,Trong nước,Tân Phú - Tp.HCM,https://oto.com.vn/mua-ban-xe-ford-ecosport-hcm/xe-dep-chinh-hang-5-chobao-hanh-1-nam-aidxc23336254
23360164,Ford EcoSport Titanium 1.5L AT 2017,350000000.0,30/09/2025,2017,Máy xăng,SUV,Xe cũ,87000,Số tự động,Trong nước,Tân Phú - Tp.HCM,https://oto.com.vn/mua-ban-xe-ford-ecosport-hcm/xe-di-do-thichat-xe-dep-emgia-tot-aidxc23360164
23284539,Ford EcoSport Titanium 1.0L AT 2016,325000000.0,06/09/2025,2016,Máy xăng,N/A,Xe cũ,40000,Số tự động,Trong nước,Hóc Môn - Tp.HCM,https://oto.com.vn/mua-ban-xe-ford-ecosport-hcm/xem-xe-tai-tp-xe-dep-chu-giu-gin-gia-thuong-luong-aidxc23284539
23370250,Ford EcoSport Titanium 1.5L AT 2019,420000000.0,25/09/2025,2019,Máy xăng,SUV,Xe cũ,27000,Số tự động,Trong nước,Khánh Hòa,https://oto.com.vn/mua-ban-xe-ford-ecosport-khanh-hoa/xe-gia-dinh-aidxc23370250
23370995,Ford EcoSport Trend 1.5 MT 2017,275000000.0,27/09/2025,2017,Máy xăng,SUV,Xe cũ,100000,Số sàn,Trong nước,Đoan Hùng - Phú Thọ,https://oto.com.vn/mua-ban-xe-ford-ecosport-phu-tho/xe-gia-dinh-su-dung-ky-bao-duong-day-du-aidxc23370995
23368921,Ford Escape 2008,205000000.0,22/09/2025,2008,Máy xăng,SUV,Xe cũ,11700,Số tự động,Nhập khẩu,Bà Rịa Vũng Tàu,https://oto.com.vn/mua-ban-xe-ford-escape-ba-ria-vung-tau/2008-aidxc23368921
23371697,Ford Escape 2004,155000000.0,30/09/2025,2004,Máy xăng,SUV,Xe cũ,105000,Số sàn,Nhập khẩu,Hải Châu - Đà Nẵng,https://oto.com.vn/mua-ban-xe-ford-escape-da-nang/2004-20l-4x4-mt-105000-km-aidxc23371697
23370977,Ford Escape 3.0 v6 2004,110000000.0,27/09/2025,2004,Máy xăng,SUV,Xe cũ,182000,Số tự động,Nhập khẩu,Đồng Nai,https://oto.com.vn/mua-ban-xe-ford-escape-dong-nai/2004-30-v6-182000-km-aidxc23370977
23368895,Ford Escape XLS 2009,185000000.0,22/09/2025,2009,Máy xăng,SUV,Xe cũ,N/A,Số tự động,N/A,Hà Nội,https://oto.com.vn/mua-ban-xe-ford-escape-ha-noi/2009-so-tu-dong-tai-aidxc23368895
23304588,Ford Escape XLT 2.3 AT 4x4 2004,135000000.0,11/09/2025,2004,Máy xăng,SUV,Xe cũ,190000,Số tự động,Trong nước,Bắc Từ Liêm - Hà Nội,https://oto.com.vn/mua-ban-xe-ford-escape-ha-noi/23-xlt-2004-aidxc23304588
23313885,Ford Escape XLT 2.3 AT 4x4 2004,135000000.0,29/09/2025,2004,Máy xăng,SUV,Xe cũ,190000,Số tự động,Trong nước,Bắc Từ Liêm - Hà Nội,https://oto.com.vn/mua-ban-xe-ford-escape-ha-noi/23-xlt-2004-aidxc23313885
23343329,Ford Escape XLT 3.0L 2004,98000000.0,29/09/2025,2004,Máy xăng,SUV,Xe cũ,140000,Số tự động,Nhập khẩu,Bắc Từ Liêm - Hà Nội,https://oto.com.vn/mua-ban-xe-ford-escape-ha-noi/ban-xe-suv-5-cho-so-tu-dong-doi-2004-aidxc23343329
23371736,Ford Escape XLS 2.3 AT 4x2 2004,110000000.0,30/09/2025,2004,Máy xăng,SUV,Xe cũ,365000,Số tự động,Nhập khẩu,Tp.HCM,https://oto.com.vn/mua-ban-xe-ford-escape-hcm/2004-23-at-365000-km-aidxc23371736
23371418,Ford Escape XLT 3.0 AT 4X4 2005,155000000.0,29/09/2025,2005,Máy xăng,SUV,Xe cũ,109000,Số tự động,Trong nước,Tp.HCM,https://oto.com.vn/mua-ban-xe-ford-escape-hcm/2005-xlt-30-at-4x4-109000-km-aidxc23371418
23371930,Ford Escape XLT 2.3 AT 4x4 2013,226000000.0,01/10/2025,2013,Máy xăng,SUV,Xe cũ,11000,Số tự động,Trong nước,Tp.HCM,https://oto.com.vn/mua-ban-xe-ford-escape-hcm/2013-std-ban-23-xlt-aidxc23371930
23367514,Ford Escape 3.0 v6 2004,110000000.0,18/09/2025,2004,Máy xăng,SUV,Xe cũ,140000,Số tự động,Nhập khẩu,Tp.HCM,https://oto.com.vn/mua-ban-xe-ford-escape-hcm/ban-gia-tot-2004-30-v6-140000-km-aidxc23367514
23367955,Ford Escape XLT 2.3 AT 4x4 2010,179000000.0,19/09/2025,2010,Máy xăng,SUV,Xe cũ,18000,Số tự động,Nhập khẩu,Tp.HCM,https://oto.com.vn/mua-ban-xe-ford-escape-hcm/ban-xe-de-di-dinh-cu-my-gap-2010-aidxc23367955
23372535,Ford Escape 2004,107000000.0,02/10/2025,2004,Máy xăng,SUV,Xe cũ,159000,Số sàn,Nhập khẩu,Long An,https://oto.com.vn/mua-ban-xe-ford-escape-long-an/20-mt-odo-159000km-aidxc23372535
23367856,Ford Escape 2010,200000000.0,19/09/2025,2010,Máy xăng,SUV,Xe cũ,170000,Số tự động,Trong nước,Quảng Ngãi,https://oto.com.vn/mua-ban-xe-ford-escape-quang-ngai/2010-170000-km-aidxc23367856
23372482,Ford Escape XLT 2009,175000000.0,02/10/2025,2009,Máy xăng,SUV,Xe cũ,N/A,Số tự động,Trong nước,Hàm Yên - Tuyên Quang,https://oto.com.vn/mua-ban-xe-ford-escape-tuyen-quang/gia-175-trieu-aidxc23372482
23363978,Ford Everest 2.5 MT 2005,122000000.0,10/09/2025,2005,Máy dầu,SUV,Xe cũ,30,Số sàn,Trong nước,Tân Yên - Bắc Giang,https://oto.com.vn/mua-ban-xe-ford-everest-bac-giang/ban-2005-may-dau-122trieu-aidxc23363978
23319236,Ford Everest Trend 2.0 AT 4x2 2019,750000000.0,12/09/2025,2019,Máy xăng,SUV,Xe cũ,79000,Số tự động,Trong nước,Thuận An - Bình Dương,https://oto.com.vn/mua-ban-xe-ford-everest-binh-duong/750tr-aidxc23319236
23371416,Ford Everest XLT 4x2 MT 2008,220000000.0,29/09/2025,2008,Máy xăng,SUV,Xe cũ,224000,Số sàn,Trong nước,Đồng Nai,https://oto.com.vn/mua-ban-xe-ford-everest-dong-nai/2008-25l-4x2-mt-224000-km-aidxc23371416
23372493,Ford Everest Platinum 2.0L 4x4 AT 2018,739000000.0,02/10/2025,2018,Máy dầu,SUV,Xe cũ,89000,Số tự động,Nhập khẩu,Đồng Nai,https://oto.com.vn/mua-ban-xe-ford-everest-dong-nai/2018-titanium-20l-4x4-at-89000-km-aidxc23372493
23369974,Ford Everest Trend 2.0 AT 4x2 2019,740000000.0,25/09/2025,2019,Máy dầu,SUV,Xe cũ,145675,Số tự động,Nhập khẩu,Đồng Nai,https://oto.com.vn/mua-ban-xe-ford-everest-dong-nai/2019-trend-20l-at-4x2-145675-km-aidxc23369974
23362213,Ford Everest Titanium 2.0 AT 4x2 2023,1215000000.0,05/09/2025,2023,Máy dầu,SUV,Xe cũ,29000,Số tự động,Nhập khẩu,Thanh Xuân - Hà Nội,https://oto.com.vn/mua-ban-xe-ford-everest-ha-noi/chay-2v9km-zin-son-zin-ca-xe-aidxc23362213
23335972,Ford Everest 2020,860000000.0,03/09/2025,2020,Máy xăng,N/A,Xe cũ,8200,Số tự động,Trong nước,Hà Nội,https://oto.com.vn/mua-ban-xe-ford-everest-ha-noi/du-ho-so-sang-ten-xe-sieu-luot-8200-km-aidxc23335972
23355085,Ford Everest Titanium 2.0 AT 4x2 2022,1129000000.0,26/09/2025,2022,Máy dầu,SUV,Xe cũ,32000,Số tự động,Trong nước,Bắc Từ Liêm - Hà Nội,https://oto.com.vn/mua-ban-xe-ford-everest-ha-noi/gia-cuc-hop-ly-aidxc23355085
23364965,Ford Everest Titanium 2.0L AT 4WD 2022,1265000000.0,12/09/2025,2022,Máy dầu,SUV,Xe cũ,70000,Số tự động,Nhập khẩu,Cầu Giấy - Hà Nội,https://oto.com.vn/mua-ban-xe-ford-everest-ha-noi/may-dau-aidxc23364965
23368554,Ford Everest Titanium 2.0 AT 4x2 2023,1225000000.0,21/09/2025,2023,Máy dầu,SUV,Xe cũ,22000,Số tự động,Nhập khẩu,Hoàng Mai - Hà Nội,https://oto.com.vn/mua-ban-xe-ford-everest-ha-noi/may-nguyen-ban-cua-nha-san-xuat-aidxc23368554
23334039,Ford Everest 2022,1150000000.0,19/09/2025,2022,Máy dầu,SUV,Xe cũ,67899,Số tự động,Nhập khẩu,Hoàng Mai - Hà Nội,https://oto.com.vn/mua-ban-xe-ford-everest-ha-noi/mot-chu-tu-moi-bien-full-lich-su-hang-aidxc23334039
23368671,Ford Everest Titanium 2.0L AT 4WD 2024,1415000000.0,21/09/2025,2024,Máy dầu,SUV,Xe cũ,9000,Số tự động,Trong nước,Hà Nội,https://oto.com.vn/mua-ban-xe-ford-everest-ha-noi/net-cang-aidxc23368671
23366256,Ford Everest Titanium 2.0 AT 4x2 2023,1219000000.0,16/09/2025,2023,Máy dầu,SUV,Xe cũ,29000,Số tự động,Nhập khẩu,Hoàng Mai - Hà Nội,https://oto.com.vn/mua-ban-xe-ford-everest-ha-noi/salon-xin-duoc-chao-ban-chiec-xe-aidxc23366256
23370091,Ford Everest Titanium 2.0L AT 4WD 2021,920000000.0,25/09/2025,2021,Máy dầu,SUV,Xe cũ,70000,Số tự động,Nhập khẩu,Cầu Giấy - Hà Nội,https://oto.com.vn/mua-ban-xe-ford-everest-ha-noi/sieu-dep-aidxc23370091
23371567,Ford Everest Titanium 2.0 AT 4x2 2023,1195000000.0,29/09/2025,2023,Máy dầu,SUV,Xe cũ,50000,Số tự động,Trong nước,Hà Nội,https://oto.com.vn/mua-ban-xe-ford-everest-ha-noi/sieu-luot-aidxc23371567
23372028,Ford Everest Titanium 2.0 AT 4x2 2025,1285000000.0,01/10/2025,2025,Máy dầu,Sedan,Xe cũ,3000,Số tự động,Nhập khẩu,Bắc Từ Liêm - Hà Nội,https://oto.com.vn/mua-ban-xe-ford-everest-ha-noi/sieu-luot-aidxc23372028
23372026,Ford Everest Titanium 2.0 AT 4x2 2025,1295000000.0,01/10/2025,2025,Máy xăng,SUV,Xe cũ,900,Số tự động,Nhập khẩu,Bắc Từ Liêm - Hà Nội,https://oto.com.vn/mua-ban-xe-ford-everest-ha-noi/sieu-moi-aidxc23372026
23353348,Ford Everest Titanium 2.0 AT 4x2 2019,810000000.0,11/09/2025,2019,Máy dầu,SUV,Xe cũ,1,Số tự động,Nhập khẩu,Thanh Xuân - Hà Nội,https://oto.com.vn/mua-ban-xe-ford-everest-ha-noi/titanium-20l-4x2-at-2019-aidxc23353348
23368971,Ford Everest 2.5 AT 2011,265000000.0,22/09/2025,2011,Máy dầu,SUV,Xe cũ,150000,Số tự động,Trong nước,Tây Hồ - Hà Nội,https://oto.com.vn/mua-ban-xe-ford-everest-ha-noi/xe-2010-aidxc23368971
23369120,Ford Everest Sport 2.0 AT 4x2 2021,860000000.0,22/09/2025,2021,Máy dầu,SUV,Xe cũ,58000,Số tự động,Trong nước,Nam Từ Liêm - Hà Nội,https://oto.com.vn/mua-ban-xe-ford-everest-ha-noi/xe-dep-aidxc23369120
23327207,Ford Everest Titanium 2.0 AT 4x2 2020,860000000.0,03/09/2025,2020,Máy dầu,SUV,Xe cũ,80000,Số tự động,Nhập khẩu,Nam Từ Liêm - Hà Nội,https://oto.com.vn/mua-ban-xe-ford-everest-ha-noi/xe-dep-tai-aidxc23327207
23371390,Ford Everest Titanium 2.0 AT 4x2 2023,1215000000.0,29/09/2025,2023,Máy dầu,SUV,Xe cũ,29000,Số tự động,Nhập khẩu,Cầu Giấy - Hà Nội,https://oto.com.vn/mua-ban-xe-ford-everest-ha-noi/xe-di-it-chu-giu-xe-chat-xe-con-dep-son-zin-nguyen-aidxc23371390
23368005,Ford Everest Titanium 2.0 AT 4x2 2023,1190000000.0,19/09/2025,2023,Máy dầu,SUV,Xe cũ,40000,Số tự động,Nhập khẩu,Cầu Giấy - Hà Nội,https://oto.com.vn/mua-ban-xe-ford-everest-ha-noi/xe-tu-nhan-mot-chu-tu-dau-aidxc23368005
23372500,Ford Everest 2009,225000000.0,02/10/2025,2009,Máy dầu,SUV,Xe cũ,10023,Số sàn,Trong nước,Bình Chánh - Tp.HCM,https://oto.com.vn/mua-ban-xe-ford-everest-hcm/2009-10023-km-aidxc23372500
23371689,Ford Everest 2.5 AT 2009,300000000.0,30/09/2025,2009,Máy xăng,SUV,Xe cũ,75200,Số tự động,Nhập khẩu,Tp.HCM,https://oto.com.vn/mua-ban-xe-ford-everest-hcm/2009-25l-4x2-at-75200-km-aidxc23371689
23372519,Ford Everest Titanium 2.2L 4x2 AT 2023,1165000000.0,02/10/2025,2023,Máy xăng,SUV,Xe cũ,51000,Số tự động,Nhập khẩu,Tp.HCM,https://oto.com.vn/mua-ban-xe-ford-everest-hcm/2023-titanium-20l-4x2-at-51000-km-aidxc23372519
23353798,Ford Everest 2.5 AT 2009,245000000.0,17/09/2025,2009,Máy dầu,SUV,Xe cũ,154,Số tự động,Nhập khẩu,Quận 12 - Tp.HCM,https://oto.com.vn/mua-ban-xe-ford-everest-hcm/ban-chiec-xe-8-cho-may-dau-hop-so-tu-dong-aidxc23353798
23372472,Ford Everest Sport 2.0 AT 4x2 2023,1095000000.0,02/10/2025,2023,Máy xăng,SUV,Xe cũ,21000,Số tự động,Nhập khẩu,Tp.HCM,https://oto.com.vn/mua-ban-xe-ford-everest-hcm/hang-ban-2023-sport-21000-km-aidxc23372472
23367967,Ford Everest 2.5 AT 2009,280000000.0,19/09/2025,2009,Máy dầu,SUV,Xe cũ,170000,Số tự động,Trong nước,Thủ Đức - Tp.HCM,https://oto.com.vn/mua-ban-xe-ford-everest-hcm/len-doi-can-ban-xe-aidxc23367967
23268577,Ford Everest Titanium 2.0 AT 4x2 2019,755000000.0,03/09/2025,2019,Máy dầu,SUV,Xe cũ,90000,Số tự động,Nhập khẩu,Quận 12 - Tp.HCM,https://oto.com.vn/mua-ban-xe-ford-everest-hcm/titanium-20-4x2at-2019-aidxc23268577
23371491,Ford Everest Titanium 2.0 AT 4x2 2022,945000000.0,29/09/2025,2022,Máy xăng,SUV,Xe cũ,30000,Số tự động,Trong nước,Thủ Đức - Tp.HCM,https://oto.com.vn/mua-ban-xe-ford-everest-hcm/xe-luot-chat-luong-cao-gia-tot-nhat-thi-truong-aidxc23371491
23340609,Ford Everest Platinum 2.0L 4x4 AT 2020,900000000.0,11/09/2025,2020,Máy dầu,SUV,Xe cũ,85000,Số tự động,Nhập khẩu,Bảo Lộc - Lâm Đồng,https://oto.com.vn/mua-ban-xe-ford-everest-lam-dong/xe-dep-nhu-mot-chiec-xe-moi-aidxc23340609
23370691,Ford Explorer Limited 2022,1800000000.0,26/09/2025,2022,Máy xăng,SUV,Xe cũ,20400,Số tự động,Nhập khẩu,Hà Nội,https://oto.com.vn/mua-ban-xe-ford-explorer-ha-noi/2022-aidxc23370691
23370842,Ford Explorer 2022,1800000000.0,27/09/2025,2022,Máy xăng,SUV,Xe cũ,20400,Số tự động,Nhập khẩu,Hà Nội,https://oto.com.vn/mua-ban-xe-ford-explorer-ha-noi/2022-aidxc23370842
23353677,Ford Explorer Limited 2017,830000000.0,17/09/2025,2017,Máy xăng,SUV,Xe cũ,80000,Số tự động,Nhập khẩu,Long Biên - Hà Nội,https://oto.com.vn/mua-ban-xe-ford-explorer-ha-noi/bien-hn-ten-tu-nhan-chinh-chu-xe-nguyen-ban-tuyet-doi-aidxc23353677
23363274,Ford Explorer 2.3L Ecoboost 2016,695000000.0,09/09/2025,2016,Máy xăng,N/A,Xe cũ,100000,Số tự động,Nhập khẩu,Cầu Giấy - Hà Nội,https://oto.com.vn/mua-ban-xe-ford-explorer-ha-noi/xe-nhap-my-mua-moi-tu-dau-1-chu-aidxc23363274
23364961,Ford Explorer 2.3L Ecoboost 2023,1780000000.0,12/09/2025,2023,Máy xăng,SUV,Xe cũ,10000,Số tự động,Nhập khẩu,Cầu Giấy - Hà Nội,https://oto.com.vn/mua-ban-xe-ford-explorer-ha-noi/xe-suv-7-cho-sang-trong-mau-trang-tinh-khoi-aidxc23364961
23371260,Ford Explorer 2.3L Ecoboost 2017,930000000.0,28/09/2025,2017,Máy xăng,SUV,Xe cũ,45000,Số tự động,Nhập khẩu,Tp.HCM,https://oto.com.vn/mua-ban-xe-ford-explorer-hcm/2017-23l-ecoboost-45000-km-aidxc23371260
23370844,Ford Explorer 2017,920000000.0,27/09/2025,2017,Máy xăng,SUV,Xe cũ,81000,Số tự động,N/A,Tp.HCM,https://oto.com.vn/mua-ban-xe-ford-explorer-hcm/2017-tai-tp-aidxc23370844
23369741,Ford Explorer Limited 2022,1789000000.0,24/09/2025,2022,Máy xăng,SUV,Xe cũ,23600,Số tự động,Nhập khẩu,Tp.HCM,https://oto.com.vn/mua-ban-xe-ford-explorer-hcm/2022-limited-4wd-dk-2024-aidxc23369741
23370745,Ford Explorer 2022,1800000000.0,27/09/2025,2022,Máy xăng,SUV,Xe cũ,20400,Số tự động,Nhập khẩu,Tp.HCM,https://oto.com.vn/mua-ban-xe-ford-explorer-hcm/2022-tai-tp-aidxc23370745
23370757,Ford Explorer 2022,1800000000.0,27/09/2025,2022,Máy xăng,SUV,Xe cũ,20400,Số tự động,Nhập khẩu,Tp.HCM,https://oto.com.vn/mua-ban-xe-ford-explorer-hcm/2022-tai-tp-aidxc23370757
23370858,Ford Explorer Limited 2022,1800000000.0,27/09/2025,2022,Máy xăng,SUV,Xe cũ,20000,Số tự động,Nhập khẩu,Tp.HCM,https://oto.com.vn/mua-ban-xe-ford-explorer-hcm/2022-tai-tp-aidxc23370858
23371701,Ford Explorer 2022,1800000000.0,30/09/2025,2022,Máy xăng,SUV,Xe cũ,20400,Số tự động,Nhập khẩu,Tp.HCM,https://oto.com.vn/mua-ban-xe-ford-explorer-hcm/2022-tai-tp-aidxc23371701
23371877,Ford Explorer 2018,995000000.0,30/09/2025,2018,Máy xăng,SUV,Xe cũ,95000,Số tự động,Nhập khẩu,Gò Vấp - Tp.HCM,https://oto.com.vn/mua-ban-xe-ford-explorer-hcm/ca-nhan-2018-95000km-aidxc23371877
23371320,Ford Explorer Limited 2022,1800000000.0,29/09/2025,2022,Máy xăng,SUV,Xe cũ,20000,Số tự động,Nhập khẩu,Tp.HCM,https://oto.com.vn/mua-ban-xe-ford-explorer-hcm/xe-co-xuat-hoa-don-full-lich-su-aidxc23371320
23370791,Ford Explorer 2022,1800000000.0,27/09/2025,2022,Máy xăng,SUV,Xe cũ,20000,Số tự động,Nhập khẩu,Tp.HCM,https://oto.com.vn/mua-ban-xe-ford-explorer-hcm/xe-dep-ban-tai-hang-bh-den-cuoi-2027-aidxc23370791
23363783,Ford F-150 Raptor 2019,2980000000.0,10/09/2025,2019,Máy xăng,Bán tải,Xe cũ,N/A,Số tự động,Nhập khẩu,Hà Nội,https://oto.com.vn/mua-ban-xe-ford-f-150-ha-noi/f150-raptor-performance-aidxc23363783
23361468,Ford F-150 2019,3000000000.0,04/09/2025,2019,Máy xăng,N/A,Xe cũ,N/A,Số tự động,N/A,Quảng Ninh,https://oto.com.vn/mua-ban-xe-ford-f-150-quang-ninh/2019-tai-aidxc23361468
23362490,Ford F-350 Super Duty Limited 2017,4199000000.0,05/09/2025,2017,Máy xăng,Xe tải,Xe cũ,10000,Số tự động,Nhập khẩu,Cái Răng - Cần Thơ,https://oto.com.vn/mua-ban-xe-ford-f350-can-tho/superduty-aidxc23362490
23371185,Ford Fiesta S 1.6 AT 2011,197000000.0,28/09/2025,2011,Máy xăng,Hatchback,Xe cũ,66000,Số tự động,Trong nước,Quy Nhơn - Bình Định,https://oto.com.vn/mua-ban-xe-ford-fiesta-binh-dinh/ban-xe-hatchback-2011-gia-tot-tai-quy-nhon-aidxc23371185
23153454,Ford Fiesta 1.5AT Titanium 2016,290000000.0,25/09/2025,2016,Máy xăng,Sedan,Xe cũ,110000,Số tự động,Trong nước,Thuận An - Bình Dương,https://oto.com.vn/mua-ban-xe-ford-fiesta-binh-duong/bao-quay-dau-1-nam-10-theo-gia-thi-truong-aidxc23153454
23333000,Ford Fiesta Sport 1.5L AT 2014,265000000.0,16/09/2025,2014,Máy xăng,Hatchback,Xe cũ,110000,Số tự động,Nhập khẩu,Thuận An - Bình Dương,https://oto.com.vn/mua-ban-xe-ford-fiesta-binh-duong/ho-tro-vay-ngan-hang-lai-suat-uu-dai-aidxc23333000
23370415,Ford Fiesta 1.6 AT 2011,168000000.0,26/09/2025,2011,Máy xăng,Hatchback,Xe cũ,95000,Số tự động,Trong nước,Cần Thơ,https://oto.com.vn/mua-ban-xe-ford-fiesta-can-tho/2011-16-at-hatchback-95000-km-aidxc23370415
23372414,Ford Fiesta Sport 1.5L AT 2017,260000000.0,02/10/2025,2017,Máy xăng,Hatchback,Xe cũ,160000,Số tự động,Trong nước,Đà Nẵng,https://oto.com.vn/mua-ban-xe-ford-fiesta-da-nang/2017-15-at-sport-160000-km-aidxc23372414
23370403,Ford Fiesta Sport 1.5L AT 2014,189000000.0,26/09/2025,2014,Máy xăng,Hatchback,Xe cũ,8,Số tự động,Nhập khẩu,Hà Nội,https://oto.com.vn/mua-ban-xe-ford-fiesta-ha-noi/2014-15-at-sport-8-km-aidxc23370403
23370813,Ford Fiesta 2016,299000000.0,27/09/2025,2016,Máy xăng,Hatchback,Xe cũ,1,Số tự động,Nhập khẩu,Hà Nội,https://oto.com.vn/mua-ban-xe-ford-fiesta-ha-noi/sx-2016-keo-chi-may-so-zin-aidxc23370813
23329249,Ford Fiesta 1.5AT Titanium 2017,265000000.0,13/09/2025,2017,Máy xăng,N/A,Xe cũ,120000,Số tự động,Trong nước,Thanh Xuân - Hà Nội,https://oto.com.vn/mua-ban-xe-ford-fiesta-ha-noi/trang-bi-du-option-bao-duong-day-du-aidxc23329249
23372365,Ford Fiesta 1.5AT Titanium 2014,250000000.0,02/10/2025,2014,Máy xăng,Sedan,Xe cũ,52000,Số tự động,Trong nước,Quận 12 - Tp.HCM,https://oto.com.vn/mua-ban-xe-ford-fiesta-hcm/2014-titanium-15-at-52000-km-aidxc23372365
23369716,Ford Fiesta 2015,290000000.0,24/09/2025,2015,Máy xăng,Hatchback,Xe cũ,42000,Số tự động,Nhập khẩu,Tp.HCM,https://oto.com.vn/mua-ban-xe-ford-fiesta-hcm/2015-s-10-at-ecoboost-42000-km-aidxc23369716
23368858,Ford Fiesta 2017,290000000.0,22/09/2025,2017,Máy xăng,Hatchback,Xe cũ,80000,Số tự động,Nhập khẩu,Tp.HCM,https://oto.com.vn/mua-ban-xe-ford-fiesta-hcm/2017-80000-km-xe-nha-chinh-chu-aidxc23368858
23371662,Ford Fiesta Titanium 1.0 AT EcoBoost 2014,230000000.0,30/09/2025,2014,Máy xăng,Hatchback,Xe cũ,160000,Số tự động,Nhập khẩu,Bảo Lộc - Lâm Đồng,https://oto.com.vn/mua-ban-xe-ford-fiesta-lam-dong/10-turbo-aidxc23371662
23371663,Ford Fiesta Titanium 1.0 AT EcoBoost 2014,230000000.0,30/09/2025,2014,Máy xăng,Hatchback,Xe cũ,160000,Số tự động,Nhập khẩu,Bảo Lộc - Lâm Đồng,https://oto.com.vn/mua-ban-xe-ford-fiesta-lam-dong/10-turbo-aidxc23371663
23371672,Ford Fiesta Sport 1.5L AT 2014,230000000.0,30/09/2025,2014,Máy xăng,Hatchback,Xe cũ,160000,Số tự động,Trong nước,Lâm Đồng,https://oto.com.vn/mua-ban-xe-ford-fiesta-lam-dong/2014-10-at-sport-160000-km-aidxc23371672
23371927,Ford Fiesta Titanium 1.0 AT EcoBoost 2016,280000000.0,01/10/2025,2016,Máy xăng,Hatchback,Xe cũ,102000,Số tự động,Nhập khẩu,Phú Thọ,https://oto.com.vn/mua-ban-xe-ford-fiesta-phu-tho/2016-s-10at-ecoboost-102000-km-aidxc23371927
23365183,Ford Focus S 2.0AT 2011,190000000.0,13/09/2025,2011,Máy xăng,Sedan,Xe cũ,118000,Số tự động,Trong nước,Bà Rịa Vũng Tàu,https://oto.com.vn/mua-ban-xe-ford-focus-ba-ria-vung-tau/can-ban-gap-aidxc23365183
23368898,Ford Focus Trend 1.6 AT Hatchback 2014,240000000.0,22/09/2025,2014,Máy xăng,Hatchback,Xe cũ,130000,Số tự động,Nhập khẩu,Gia Lai,https://oto.com.vn/mua-ban-xe-ford-focus-gia-lai/xe-hatchback-16-at-2014-240-trieu-aidxc23368898
23369694,Ford Focus 1.8L 2010,140000000.0,24/09/2025,2010,Máy xăng,Sedan,Xe cũ,15000,Số tự động,Nhập khẩu,Hà Nội,https://oto.com.vn/mua-ban-xe-ford-focus-ha-noi/2010-18-at-15000-km-aidxc23369694
23364171,Ford Focus 1.8L 2011,220000000.0,11/09/2025,2011,Máy xăng,Hatchback,Xe cũ,125000,Số tự động,Trong nước,Hoàng Mai - Hà Nội,https://oto.com.vn/mua-ban-xe-ford-focus-ha-noi/chinh-chu-su-dung-aidxc23364171
23358332,Ford Focus 1.5L Ecoboost Titanium 2018,359000000.0,25/09/2025,2018,Máy xăng,Sedan,Xe cũ,80000,Số tự động,Trong nước,Tây Hồ - Hà Nội,https://oto.com.vn/mua-ban-xe-ford-focus-ha-noi/sieu-chat-aidxc23358332
23371466,Ford Focus 1.5L EcoBoost Sport 2018,465000000.0,29/09/2025,2018,Máy xăng,Hatchback,Xe cũ,76000,Số tự động,Nhập khẩu,Tân Phú - Tp.HCM,https://oto.com.vn/mua-ban-xe-ford-focus-hcm/12019-sport-15ecoboost1-chu-xe-zin-aidxc23371466
23372529,Ford Focus S 2.0AT 2014,299000000.0,02/10/2025,2014,Máy xăng,Hatchback,Xe cũ,81000,Số tự động,Trong nước,Tp.HCM,https://oto.com.vn/mua-ban-xe-ford-focus-hcm/20-s-2014-ban-full-sport-rat-dep-aidxc23372529
23371922,Ford Focus 1.5L EcoBoost Trend Sedan 2019,375000000.0,01/10/2025,2019,Máy xăng,Sedan,Xe cũ,470000,Số tự động,Nhập khẩu,Tp.HCM,https://oto.com.vn/mua-ban-xe-ford-focus-hcm/2019-15l-ecoboost-trend-sedan-470000-km-aidxc23371922
23362694,Ford Focus 1.5L EcoBoost Sport 2018,465000000.0,06/09/2025,2018,Máy xăng,Hatchback,Xe cũ,76000,Số tự động,Trong nước,Tân Phú - Tp.HCM,https://oto.com.vn/mua-ban-xe-ford-focus-hcm/xe-5c-di-gia-dinhxe-chinh-hangbao-hanh-1-nam-aidxc23362694
23360161,Ford Focus 1.8L 2009,185000000.0,30/09/2025,2009,Máy xăng,Sedan,Xe cũ,98000,Số sàn,Trong nước,Tân Phú - Tp.HCM,https://oto.com.vn/mua-ban-xe-ford-focus-hcm/xe-chat-5-cho-may-em-gia-mem-aidxc23360161
23310127,Ford Focus S 2.0AT 2013,338000000.0,30/09/2025,2013,Máy xăng,Hatchback,Xe cũ,89000,Số tự động,Trong nước,Tân Phú - Tp.HCM,https://oto.com.vn/mua-ban-xe-ford-focus-hcm/xe-hangmay-embao-duong-day-du-aidxc23310127
23366671,Ford Focus Sport+ 2015,335000000.0,16/09/2025,2015,Máy xăng,Hatchback,Xe cũ,58000,Số tự động,Nhập khẩu,Tân Phú - Tp.HCM,https://oto.com.vn/mua-ban-xe-ford-focus-hcm/xe-nho-gontien-nghidi-do-thi-aidxc23366671
23372409,Ford Focus Titanium 2014,320000000.0,02/10/2025,2014,Máy xăng,Sedan,Xe cũ,38600,Số tự động,Nhập khẩu,Lâm Đồng,https://oto.com.vn/mua-ban-xe-ford-focus-lam-dong/3-133-2014-titanium-20-at-38600-km-aidxc23372409
23359921,Ford Focus S 2.0AT 2014,310000000.0,02/10/2025,2014,Máy xăng,Hatchback,Xe cũ,95000,Số tự động,Trong nước,Bảo Lộc - Lâm Đồng,https://oto.com.vn/mua-ban-xe-ford-focus-lam-dong/xe-mot-chu-aidxc23359921
23370985,Ford Focus 1.6L 2015,295000000.0,27/09/2025,2015,Máy xăng,Sedan,Xe cũ,140000,Số tự động,Trong nước,Đoan Hùng - Phú Thọ,https://oto.com.vn/mua-ban-xe-ford-focus-phu-tho/xe-tu-nhan-1-chu-ngoai-that-mau-do-dep-aidxc23370985
23351980,Ford Laser 2002,100000000.0,08/08/2025,2002,Máy xăng,Sedan,Xe cũ,190000,Số sàn,Trong nước,Dĩ An - Bình Dương,https://oto.com.vn/mua-ban-xe-ford-laser-binh-duong/deluxe-16-so-san-dep-hiem-co-aidxc23351980
23353876,Ford Laser 2002,100000000.0,16/08/2025,2002,Máy xăng,Sedan,Xe cũ,200000,Số sàn,Trong nước,Dĩ An - Bình Dương,https://oto.com.vn/mua-ban-xe-ford-laser-binh-duong/deluxe-full-co-tui-khi-abs-dep-hiem-co-aidxc23353876
23369212,Ford Laser 1.6 AT 2004,135000000.0,23/09/2025,2004,Máy xăng,Sedan,Xe cũ,100000,Số tự động,Trong nước,Cần Thơ,https://oto.com.vn/mua-ban-xe-ford-laser-can-tho/2004-ghia-18-at-100000-km-aidxc23369212
23371117,Ford Laser 1.6 AT 2004,105000000.0,28/09/2025,2004,Máy xăng,Sedan,Xe cũ,19000,Số sàn,Trong nước,Đồng Nai,https://oto.com.vn/mua-ban-xe-ford-laser-dong-nai/2004-lxi-16-mt-19000-km-aidxc23371117
23299806,Ford Laser 2002,115000000.0,20/09/2025,2002,Máy xăng,Sedan,Xe cũ,30000,Số sàn,Trong nước,Sa Đéc - Đồng Tháp,https://oto.com.vn/mua-ban-xe-ford-laser-dong-thap/cam-do-thanh-ly-larser-aidxc23299806
23362246,Ford Laser 1.6 AT 2003,123500000.0,05/09/2025,2003,Máy xăng,Sedan,Xe cũ,123456,Số tự động,Nhập khẩu,Hà Nội,https://oto.com.vn/mua-ban-xe-ford-laser-ha-noi/2003-aidxc23362246
23370410,Ford Laser 2005,110000000.0,26/09/2025,2005,Máy xăng,Sedan,Xe cũ,170000,Số tự động,Trong nước,Hà Đông - Hà Nội,https://oto.com.vn/mua-ban-xe-ford-laser-ha-noi/2005-ghia-18-at-170000-km-aidxc23370410
23365433,Ford Laser 2004,127000000.0,13/09/2025,2004,Máy xăng,Sedan,Xe cũ,N/A,Số tự động,Nhập khẩu,Hải Dương,https://oto.com.vn/mua-ban-xe-ford-laser-hai-duong/ghia-18at-aidxc23365433
23365899,Ford Laser 2004,120000000.0,15/09/2025,2004,Máy xăng,Sedan,Xe cũ,170,Số tự động,Trong nước,Hòa Bình,https://oto.com.vn/mua-ban-xe-ford-laser-hoa-binh/2004-ghia-18-at-170-km-aidxc23365899
23304812,Ford Laser 2001,65000000.0,31/03/2025,2001,Máy xăng,Sedan,Xe cũ,2000,Số sàn,Trong nước,Đăk Hà - Kon Tum,https://oto.com.vn/mua-ban-xe-ford-laser-kon-tum/xe-may-em-ngon-chay-manh-loi-xang-lop-moi-aidxc23304812
22765272,Ford Laser 2005,85000000.0,15/09/2025,2005,Máy xăng,Sedan,Xe cũ,210000,Số sàn,Trong nước,Đoan Hùng - Phú Thọ,https://oto.com.vn/mua-ban-xe-ford-laser-phu-tho/chat-xe-lanh-ben-it-hong-vat-than-vo-chac-nich-aidxc22765272
23371064,Ford Mondeo 2005,110000000.0,28/09/2025,2005,Máy xăng,Sedan,Xe cũ,155000,Số tự động,Nhập khẩu,Hà Nội,https://oto.com.vn/mua-ban-xe-ford-mondeo-ha-noi/2005-25-at-155000-km-aidxc23371064
23361675,Ford Mondeo 2004,109000000.0,04/09/2025,2004,Máy xăng,Sedan,Xe cũ,102000,Số tự động,Nhập khẩu,Tp.HCM,https://oto.com.vn/mua-ban-xe-ford-mondeo-hcm/2004-102000-km-aidxc23361675
23346799,Ford Mondeo 2004,75000000.0,26/07/2025,2004,Máy xăng,Sedan,Xe cũ,128000,Số tự động,Trong nước,Cần Đước - Long An,https://oto.com.vn/mua-ban-xe-ford-mondeo-long-an/xe-phien-ban-25-at-san-xuat-nam-2004-aidxc23346799
23368740,Ford Mondeo 2.3L AT 2009,215000000.0,22/09/2025,2009,Máy xăng,Sedan,Xe cũ,95000,Số tự động,Trong nước,Tiền Giang,https://oto.com.vn/mua-ban-xe-ford-mondeo-tien-giang/2009-95000-km-aidxc23368740
23173795,Ford Mustang 2018,1990000000.0,19/09/2025,2018,Máy xăng,Sport Car,Xe cũ,38000,Số tự động,Nhập khẩu,Thuận An - Bình Dương,https://oto.com.vn/mua-ban-xe-ford-mustang-binh-duong/xe-sieu-moi-3v-ban-cao-cap-nhat-gia-thien-chi-bao-gia-tot-bao-chat-luong-bao-thu-tuc-a-z-aidxc23173795
23360621,Ford Mustang EcoBoost 2019,1750000000.0,31/08/2025,2019,Máy xăng,Sport Car,Xe cũ,30000,Số tự động,Nhập khẩu,Tp.HCM,https://oto.com.vn/mua-ban-xe-ford-mustang-hcm/bieu-tuong-cua-su-tu-do-va-ca-tinh-manh-me-aidxc23360621
23340274,Ford Mustang EcoBoost 2019,1750000000.0,15/09/2025,2019,Máy xăng,Sport Car,Xe cũ,29000,Số tự động,Nhập khẩu,Quận 7 - Tp.HCM,https://oto.com.vn/mua-ban-xe-ford-mustang-hcm/chat-xe-dep-bank-70-aidxc23340274
23342468,Ford Mustang EcoBoost 2019,1750000000.0,18/09/2025,2019,Máy xăng,Sedan,Xe cũ,29000,Số tự động,Nhập khẩu,Quận 7 - Tp.HCM,https://oto.com.vn/mua-ban-xe-ford-mustang-hcm/xe-the-thao-nhap-my-thiet-ke-dang-cap-aidxc23342468
23369725,Ford Ranger XL 2.5 4x4 MT 2014,279000000.0,24/09/2025,2014,Máy dầu,Bán tải,Xe cũ,130000,Số sàn,Trong nước,Từ Sơn - Bắc Ninh,https://oto.com.vn/mua-ban-xe-ford-ranger-bac-ninh/lan-banh-130000km-aidxc23369725
23371646,Ford Ranger XLS 2.0L 4x2 MT 2016,379000000.0,30/09/2025,2016,Máy dầu,Bán tải,Xe cũ,98764,Số sàn,Nhập khẩu,Bình Dương,https://oto.com.vn/mua-ban-xe-ford-ranger-binh-duong/2016-xls-xe-gia-dinh-nhieu-do-choi-aidxc23371646
23372405,Ford Ranger XLT 2.2 4X4 MT 2014,325000000.0,02/10/2025,2014,Máy dầu,Bán tải,Xe cũ,99000,Số sàn,Nhập khẩu,Đắk Lắk,https://oto.com.vn/mua-ban-xe-ford-ranger-dak-lak/2014-xlt-22l-4x4-mt-aidxc23372405
23372501,Ford Ranger Wildtrak 2.0L 4x4 AT 2022,715000000.0,02/10/2025,2022,Máy dầu,Bán tải,Xe cũ,70000,Số tự động,Trong nước,Đắk Lắk,https://oto.com.vn/mua-ban-xe-ford-ranger-dak-lak/2022-wildtrak-20l-4x4-at-70000-km-aidxc23372501
23372440,Ford Ranger XL 2.2 4x4 MT 2008,125000000.0,02/10/2025,2008,Máy dầu,Bán tải,Xe cũ,123546,Số sàn,Nhập khẩu,Gia Lai,https://oto.com.vn/mua-ban-xe-ford-ranger-gia-lai/2008-xl-4x4-mt-123546-km-aidxc23372440
23370997,Ford Ranger XL 2.2 4x4 MT 2010,200000000.0,27/09/2025,2010,Máy dầu,Bán tải,Xe cũ,199999,Số sàn,Nhập khẩu,Gia Lai,https://oto.com.vn/mua-ban-xe-ford-ranger-gia-lai/2010-999999-aidxc23370997
23367972,Ford Ranger Wildtrak 3.2 4x4 AT 2015,530000000.0,19/09/2025,2015,Máy dầu,Bán tải,Xe cũ,180000,Số tự động,Nhập khẩu,Nam Từ Liêm - Hà Nội,https://oto.com.vn/mua-ban-xe-ford-ranger-ha-noi/180000km-aidxc23367972
23372413,Ford Ranger XL 2.2 4x4 MT 2017,450000000.0,02/10/2025,2017,Máy dầu,Bán tải,Xe cũ,80000,Số sàn,Nhập khẩu,Hà Nội,https://oto.com.vn/mua-ban-xe-ford-ranger-ha-noi/2017-xl-22-4x4-mt-80000-km-aidxc23372413
23372115,Ford Ranger Wildtrak 2.0L 4x4 AT 2021,630000000.0,01/10/2025,2021,Máy dầu,Bán tải,Xe cũ,98000,Số tự động,Nhập khẩu,Hà Đông - Hà Nội,https://oto.com.vn/mua-ban-xe-ford-ranger-ha-noi/2021-wildtrak-20l-4x4-at-98000-km-aidxc23372115
23371563,Ford Ranger 2023,625000000.0,29/09/2025,2023,Máy xăng,N/A,Xe cũ,60000,Số tự động,N/A,Hà Nội,https://oto.com.vn/mua-ban-xe-ford-ranger-ha-noi/2023-aidxc23371563
23365958,Ford Ranger XLS 2.2 4x2 AT 2019,499000000.0,15/09/2025,2019,Máy dầu,Bán tải,Xe cũ,92000,Số tự động,Nhập khẩu,Thanh Xuân - Hà Nội,https://oto.com.vn/mua-ban-xe-ford-ranger-ha-noi/ban-tai-so-1-thi-truong-aidxc23365958
23370718,Ford Ranger XLS 2.2 4x2 AT 2020,529000000.0,26/09/2025,2020,Máy dầu,Bán tải,Xe cũ,55000,Số tự động,Trong nước,Hoàng Mai - Hà Nội,https://oto.com.vn/mua-ban-xe-ford-ranger-ha-noi/ban-xe-22-xls-san-xuat-2020-so-tu-dong-dang-ky-ten-tu-nhan-bien-aidxc23370718
23362196,Ford Ranger XLS 2.2 4x2 AT 2016,380000000.0,05/09/2025,2016,Máy dầu,Bán tải,Xe cũ,80000,Số tự động,Trong nước,Hà Đông - Hà Nội,https://oto.com.vn/mua-ban-xe-ford-ranger-ha-noi/ban-xe-ban-tai-mau-trang-chinh-chu-aidxc23362196
23370083,Ford Ranger XLS 2.0L 4x2 AT 2020,495000000.0,25/09/2025,2020,Máy dầu,Bán tải,Xe cũ,100000,Số tự động,Trong nước,Cầu Giấy - Hà Nội,https://oto.com.vn/mua-ban-xe-ford-ranger-ha-noi/cuc-dep-aidxc23370083
23336289,Ford Ranger 2022,585000000.0,03/09/2025,2022,Máy dầu,Bán tải,Xe cũ,30000,Số tự động,Trong nước,Bắc Từ Liêm - Hà Nội,https://oto.com.vn/mua-ban-xe-ford-ranger-ha-noi/ho-tro-tra-gop-60-70-gia-tri-xe-aidxc23336289
23349660,Ford Ranger XLS 2.0L 4x2 AT 2021,545000000.0,04/09/2025,2021,Máy dầu,Bán tải,Xe cũ,90000,Số tự động,Nhập khẩu,Cầu Giấy - Hà Nội,https://oto.com.vn/mua-ban-xe-ford-ranger-ha-noi/nuoc-son-con-dep-bao-check-thoai-mai-aidxc23349660
23366254,Ford Ranger Wildtrak 2.0L 4x4 AT 2019,570000000.0,16/09/2025,2019,Máy dầu,Bán tải,Xe cũ,68000,Số tự động,Nhập khẩu,Hoàng Mai - Hà Nội,https://oto.com.vn/mua-ban-xe-ford-ranger-ha-noi/salon-xin-duoc-chao-ban-chiec-xe-aidxc23366254
23372240,Ford Ranger XLS 2.2 4x2 AT 2017,430000000.0,02/10/2025,2017,Máy xăng,Bán tải,Xe cũ,110000,Số tự động,Trong nước,Nam Từ Liêm - Hà Nội,https://oto.com.vn/mua-ban-xe-ford-ranger-ha-noi/so-tu-dong-1-cau-aidxc23372240
23372032,Ford Ranger XLS 2.0L 4x2 AT 2021,559000000.0,01/10/2025,2021,Máy dầu,Bán tải,Xe cũ,100000,Số tự động,Trong nước,Cầu Giấy - Hà Nội,https://oto.com.vn/mua-ban-xe-ford-ranger-ha-noi/tha-ho-loi-nuoc-aidxc23372032
23372502,Ford Ranger XLS 2.0L 4x2 AT 2023,638000000.0,02/10/2025,2023,Máy xăng,Bán tải,Xe cũ,48000,Số tự động,Trong nước,Hà Đông - Hà Nội,https://oto.com.vn/mua-ban-xe-ford-ranger-ha-noi/toyota-ha-dong-ban-2023-xls-4x2-at-4v8km-aidxc23372502
23368057,Ford Ranger Wildtrak 2.2 4x2 AT 2014,335000000.0,19/09/2025,2014,Máy dầu,Bán tải,Xe cũ,150000,Số tự động,Nhập khẩu,Bắc Từ Liêm - Hà Nội,https://oto.com.vn/mua-ban-xe-ford-ranger-ha-noi/wildtrak-aidxc23368057
23335935,Ford Ranger 2017,575000000.0,03/09/2025,2017,Máy dầu,Bán tải,Xe cũ,90000,Số tự động,Nhập khẩu,Nam Từ Liêm - Hà Nội,https://oto.com.vn/mua-ban-xe-ford-ranger-ha-noi/wildtrak-gia-tot-xem-xe-tai-aidxc23335935
23369468,Ford Ranger XLS 2.0L 4x2 AT 2015,410000000.0,23/09/2025,2015,Máy dầu,Bán tải,Xe cũ,120000,Số tự động,Trong nước,Nam Từ Liêm - Hà Nội,https://oto.com.vn/mua-ban-xe-ford-ranger-ha-noi/xe-dep-aidxc23369468
23364291,Ford Ranger Wildtrak 3.2 4x4 AT 2017,500000000.0,11/09/2025,2017,Máy dầu,Bán tải,Xe cũ,120000,Số tự động,Nhập khẩu,Hà Đông - Hà Nội,https://oto.com.vn/mua-ban-xe-ford-ranger-ha-noi/xe-dep-ban-2-cau-gia-tot-thuong-luong-aidxc23364291
23289330,Ford Ranger XLS 2.2 4x2 AT 2020,510000000.0,11/09/2025,2020,Máy dầu,N/A,Xe cũ,90000,Số tự động,Nhập khẩu,Hà Đông - Hà Nội,https://oto.com.vn/mua-ban-xe-ford-ranger-ha-noi/xe-nhap-khau-dep-gia-tot-sang-ten-ngay-aidxc23289330
23325458,Ford Ranger XLS 2.0L 4x2 AT 2018,470000000.0,11/09/2025,2018,Máy xăng,N/A,Xe cũ,120000,Số tự động,Trong nước,Hà Đông - Hà Nội,https://oto.com.vn/mua-ban-xe-ford-ranger-ha-noi/xem-xe-tai-chu-di-giu-gin-aidxc23325458
23337857,Ford Ranger XLS 2.0L 4x2 AT 2014,344000000.0,09/09/2025,2014,Máy dầu,Bán tải,Xe cũ,100000,Số tự động,Nhập khẩu,Thanh Xuân - Hà Nội,https://oto.com.vn/mua-ban-xe-ford-ranger-ha-noi/xls-at-4x2-2014-aidxc23337857
23372464,Ford Ranger Raptor 2023,990000000.0,02/10/2025,2023,Máy xăng,Bán tải,Xe cũ,67000,Số tự động,Trong nước,Hải Phòng,https://oto.com.vn/mua-ban-xe-ford-ranger-hai-phong/2023-raptor-20l-4x4-at-67000-km-aidxc23372464
23371128,Ford Ranger Wildtrak 2.2 4x2 AT 2014,315000000.0,28/09/2025,2014,Máy dầu,Bán tải,Xe cũ,140000,Số tự động,Trong nước,Đồ Sơn - Hải Phòng,https://oto.com.vn/mua-ban-xe-ford-ranger-hai-phong/salon-xin-duoc-chao-ban-chiec-xe-aidxc23371128
23371645,Ford Ranger Wildtrak 2.2 4x2 AT 2014,315000000.0,30/09/2025,2014,Máy dầu,Bán tải,Xe cũ,140000,Số tự động,Trong nước,Đồ Sơn - Hải Phòng,https://oto.com.vn/mua-ban-xe-ford-ranger-hai-phong/salon-xin-duoc-chao-ban-chiec-xe-aidxc23371645
23366917,Ford Ranger XLS 2.2 4x2 MT 2018,465000000.0,17/09/2025,2018,Máy dầu,Bán tải,Xe cũ,66000,Số sàn,Trong nước,Tân Phú - Tp.HCM,https://oto.com.vn/mua-ban-xe-ford-ranger-hcm/2018-so-san-di-it1-chu-tu-dau-aidxc23366917
23366964,Ford Ranger XLS 2.2 4x2 MT 2019,485000000.0,17/09/2025,2019,Máy dầu,Bán tải,Xe cũ,80000,Số sàn,Nhập khẩu,Tân Phú - Tp.HCM,https://oto.com.vn/mua-ban-xe-ford-ranger-hcm/2019-so-sanmau-xanh-thien-thanhxe-gia-dinh-su-dung-ky-aidxc23366964
23367341,Ford Ranger XLS 2.0L 4x2 AT 2020,575000000.0,18/09/2025,2020,Máy xăng,Bán tải,Xe cũ,52000,Số tự động,Nhập khẩu,Tân Phú - Tp.HCM,https://oto.com.vn/mua-ban-xe-ford-ranger-hcm/2020-so-tu-dongxe-di-rat-kyda-trang-bi-full-phu-kien-roi-a-aidxc23367341
23372428,Ford Ranger XLS 2.2 4x2 MT 2021,560000000.0,02/10/2025,2021,Máy dầu,Bán tải,Xe cũ,55000,Số tự động,Nhập khẩu,Gò Vấp - Tp.HCM,https://oto.com.vn/mua-ban-xe-ford-ranger-hcm/2021-xls-22l-4x2-at-55000-km-aidxc23372428
23364920,Ford Ranger XLS 2.0L 4x2 AT 2022,585000000.0,12/09/2025,2022,Máy xăng,Bán tải,Xe cũ,60000,Số tự động,Trong nước,Tân Phú - Tp.HCM,https://oto.com.vn/mua-ban-xe-ford-ranger-hcm/2022-so-tu-dongxe-ca-nhan1-chu-aidxc23364920
23371868,Ford Ranger Wildtrak 2.0L 4x4 AT 2023,850000000.0,30/09/2025,2023,Máy xăng,Bán tải,Xe cũ,7800,Số tự động,Nhập khẩu,Tp.HCM,https://oto.com.vn/mua-ban-xe-ford-ranger-hcm/2023-wildtrak-20l-4x4-at-7800-km-aidxc23371868
23372169,Ford Ranger XLS 2.0L 4x4 AT 2025,720000000.0,01/10/2025,2025,Máy dầu,Bán tải,Xe cũ,12000,Số tự động,Trong nước,Tân Phú - Tp.HCM,https://oto.com.vn/mua-ban-xe-ford-ranger-hcm/ban-tai-2-causo-tu-dongxe-hangbao-hanh-1-nam-aidxc23372169
23359848,Ford Ranger XLS 2.2L 4x2 MT 2019,485000000.0,30/09/2025,2019,Máy dầu,Bán tải,Xe cũ,85000,Số sàn,Trong nước,Tân Phú - Tp.HCM,https://oto.com.vn/mua-ban-xe-ford-ranger-hcm/ban-tai-so-sancho-hang-sieu-ben-va-tiet-kiem-aidxc23359848
23369008,Ford Ranger XLS 2.0L 4x2 AT 2023,630000000.0,22/09/2025,2023,Máy xăng,Bán tải,Xe cũ,36000,Số tự động,Trong nước,Tân Phú - Tp.HCM,https://oto.com.vn/mua-ban-xe-ford-ranger-hcm/ho-tro-tra-gop-70-thanh-toan-truoc-200tr-nhan-xe-aidxc23369008
23368878,Ford Ranger 2019,495000000.0,22/09/2025,2019,Máy dầu,Bán tải,Xe cũ,130000,Số tự động,Nhập khẩu,Tp.HCM,https://oto.com.vn/mua-ban-xe-ford-ranger-hcm/nha-du-xe-2019-130000-km-aidxc23368878
23367540,Ford Ranger Raptor 2021,955000000.0,18/09/2025,2021,Máy dầu,Bán tải,Xe cũ,100000,Số tự động,Nhập khẩu,Tân Phú - Tp.HCM,https://oto.com.vn/mua-ban-xe-ford-ranger-hcm/raptor-2021-xe-ca-nhan-di-rat-kyco-ho-tro-vay-70-aidxc23367540
23367562,Ford Ranger Raptor 2022,975000000.0,18/09/2025,2022,Máy dầu,Bán tải,Xe cũ,50000,Số tự động,Nhập khẩu,Tân Phú - Tp.HCM,https://oto.com.vn/mua-ban-xe-ford-ranger-hcm/raptor-2022-luottrang-bi-full-optionho-tro-vay-70-aidxc23367562
23366677,Ford Ranger Raptor 2024,1215000000.0,16/09/2025,2024,Máy xăng,Bán tải,Xe cũ,17000,Số tự động,Trong nước,Tân Phú - Tp.HCM,https://oto.com.vn/mua-ban-xe-ford-ranger-hcm/raptor-ban-full-2024-sieu-copchinh-hang-aidxc23366677
23367877,Ford Ranger XLS 2.2L 4x2 MT 2021,545000000.0,19/09/2025,2021,Máy dầu,Bán tải,Xe cũ,46000,Số sàn,Trong nước,Tân Phú - Tp.HCM,https://oto.com.vn/mua-ban-xe-ford-ranger-hcm/so-san-2021-xe-chu-di-ky-giu-ky-aidxc23367877
23366930,Ford Ranger XLS 2.2 4x2 MT 2018,465000000.0,17/09/2025,2018,Máy dầu,Bán tải,Xe cũ,78000,Số sàn,Trong nước,Tân Phú - Tp.HCM,https://oto.com.vn/mua-ban-xe-ford-ranger-hcm/so-san-model-2019-tro-luc-dienxe-di-rat-ky-aidxc23366930
23369283,Ford Ranger Wildtrak 2.0L 4x4 AT 2023,855000000.0,23/09/2025,2023,Máy dầu,Bán tải,Xe cũ,33000,Số tự động,Trong nước,Quận 7 - Tp.HCM,https://oto.com.vn/mua-ban-xe-ford-ranger-hcm/vua-ban-tai-dia-hinh-wildtrak-luot-33000km-cam-noi-that-den-gia-ct-875-trieu-aidxc23369283
23367327,Ford Ranger Raptor 2023,860000000.0,18/09/2025,2023,Máy dầu,Bán tải,Xe cũ,50000,Số tự động,Nhập khẩu,Tân Phú - Tp.HCM,https://oto.com.vn/mua-ban-xe-ford-ranger-hcm/wildtrak-12024-xe-zin-100xe-ca-nhan-di-rat-ky-aidxc23367327
23367869,Ford Ranger Wildtrak 2.0L 4x4 AT 2021,750000000.0,19/09/2025,2021,Máy dầu,Bán tải,Xe cũ,60000,Số tự động,Nhập khẩu,Tân Phú - Tp.HCM,https://oto.com.vn/mua-ban-xe-ford-ranger-hcm/wildtrak-2021-nhap-thai-bi-turbo1-chu-di-rat-it-aidxc23367869
23371472,Ford Ranger Wildtrak 2.0L 4x4 AT 2024,885000000.0,29/09/2025,2024,Máy dầu,Bán tải,Xe cũ,15000,Số tự động,Trong nước,Tân Phú - Tp.HCM,https://oto.com.vn/mua-ban-xe-ford-ranger-hcm/xe-5561-2024-aidxc23371472
23371738,Ford Ranger Wildtrak 2.0l bi-turbo 4x4 10 AT 2024,879000000.0,30/09/2025,2024,Máy dầu,Bán tải,Xe cũ,20000,Số tự động,Trong nước,Thủ Đức - Tp.HCM,https://oto.com.vn/mua-ban-xe-ford-ranger-hcm/xe-luot-chat-luong-cao-gia-tot-tai-tp-aidxc23371738
23366317,Ford Ranger Wildtrak 2.0L 4x4 AT 2023,855000000.0,16/09/2025,2023,Máy dầu,Bán tải,Xe cũ,24000,Số tự động,Nhập khẩu,Quận 12 - Tp.HCM,https://oto.com.vn/mua-ban-xe-ford-ranger-hcm/xe-sieu-luot-va-gia-ca-van-con-co-the-thuong-luong-aidxc23366317
23355846,Ford Ranger XLS 2.2 4x2 AT 2022,545000000.0,20/09/2025,2022,Máy xăng,Bán tải,Xe cũ,40000,Số tự động,Trong nước,Mỹ Hào - Hưng Yên,https://oto.com.vn/mua-ban-xe-ford-ranger-hung-yen/chuan-100-odo-4-van-aidxc23355846
23369852,Ford Ranger XLS 2.2 4x2 AT 2015,380000000.0,24/09/2025,2015,Máy dầu,Bán tải,Xe cũ,100000,Số tự động,Trong nước,Hạ Hòa - Phú Thọ,https://oto.com.vn/mua-ban-xe-ford-ranger-phu-tho/xe-bao-chat-du-ho-so-sang-ten-ngay-aidxc23369852
23370707,Ford Territory 1.5L Titanium 2023,700000000.0,26/09/2025,2023,Máy xăng,SUV,Xe cũ,22000,Số tự động,Nhập khẩu,Đà Nẵng,https://oto.com.vn/mua-ban-xe-ford-territory-da-nang/titanium-15-at-2023-700-trieu-aidxc23370707
23370087,Ford Territory Titanium X 2023,799000000.0,25/09/2025,2023,Máy xăng,N/A,Xe cũ,30000,Số tự động,N/A,Hà Nội,https://oto.com.vn/mua-ban-xe-ford-territory-ha-noi/2023-so-tu-dong-tai-aidxc23370087
23367581,Ford Territory Titanium X 2024,809000000.0,18/09/2025,2024,Máy xăng,SUV,Xe cũ,32000,Số tự động,Trong nước,Cầu Giấy - Hà Nội,https://oto.com.vn/mua-ban-xe-ford-territory-ha-noi/809-trieu-aidxc23367581
23371132,Ford Territory Titanium X 2023,805000000.0,29/09/2025,2023,Máy xăng,SUV,Xe cũ,47000,Số tự động,Trong nước,Hà Nội,https://oto.com.vn/mua-ban-xe-ford-territory-ha-noi/odo-47000km-aidxc23371132
23370759,Ford Territory 1.5L Titanium 2022,729000000.0,27/09/2025,2022,Máy xăng,SUV,Xe cũ,46000,Số tự động,Trong nước,Bắc Từ Liêm - Hà Nội,https://oto.com.vn/mua-ban-xe-ford-territory-ha-noi/option-mien-man-aidxc23370759
23364963,Ford Territory Titanium X 2025,875000000.0,12/09/2025,2025,Máy xăng,SUV,Xe cũ,2000,Số tự động,Nhập khẩu,Cầu Giấy - Hà Nội,https://oto.com.vn/mua-ban-xe-ford-territory-ha-noi/tu-nhan-1-chu-tu-moi-aidxc23364963
23367501,Ford Territory 1.5L Titanium 2025,856000000.0,18/09/2025,2025,Máy xăng,SUV,Xe cũ,5500,Số tự động,Trong nước,Cầu Giấy - Hà Nội,https://oto.com.vn/mua-ban-xe-ford-territory-ha-noi/xe-sieu-luot-5500-km-gia-tot-sang-ten-ngay-aidxc23367501
23364843,Ford Territory 1.5L Titanium 2022,735000000.0,12/09/2025,2022,Máy xăng,SUV,Xe cũ,55000,Số tự động,Nhập khẩu,Kiến An - Hải Phòng,https://oto.com.vn/mua-ban-xe-ford-territory-hai-phong/gia-tot-sang-ten-ngay-du-ho-so-aidxc23364843
23369450,Ford Territory 1.5L Ecoboost Titanium 2024,730000000.0,23/09/2025,2024,Máy xăng,SUV,Xe cũ,40000,Số tự động,Nhập khẩu,Tân Phú - Tp.HCM,https://oto.com.vn/mua-ban-xe-ford-territory-hcm/2024xe-di-rat-kycho-vay-70-aidxc23369450
23366555,Ford Territory Titanium X 2023,805000000.0,16/09/2025,2023,Máy xăng,SUV,Xe cũ,20000,Số tự động,Trong nước,Tân Phú - Tp.HCM,https://oto.com.vn/mua-ban-xe-ford-territory-hcm/titanium-x-2023-xe-chay-luot1-chu-aidxc23366555
23366865,Ford Territory Titanium X 2024,820000000.0,17/09/2025,2024,Máy xăng,SUV,Xe cũ,20000,Số tự động,Trong nước,Tân Phú - Tp.HCM,https://oto.com.vn/mua-ban-xe-ford-territory-hcm/titanium-x-2024-xe-chay-luot1-chu-aidxc23366865
23367806,Ford Territory Titanium X 2023,778000000.0,19/09/2025,2023,Máy xăng,SUV,Xe cũ,30000,Số tự động,Trong nước,Quận 7 - Tp.HCM,https://oto.com.vn/mua-ban-xe-ford-territory-hcm/xe-ca-nhan-uy-quyen-day-du-option-hien-dai-aidxc23367806
23363248,Ford Territory 1.5L Titanium 2023,779000000.0,09/09/2025,2023,Máy xăng,SUV,Xe cũ,30000,Số tự động,Trong nước,Quận 7 - Tp.HCM,https://oto.com.vn/mua-ban-xe-ford-territory-hcm/xe-ca-nhan-uy-quyen-kiem-tra-chuan-aidxc23363248
23372172,Ford Territory Titanium X 2023,805000000.0,01/10/2025,2023,Máy xăng,SUV,Xe cũ,26000,Số tự động,Nhập khẩu,Tân Phú - Tp.HCM,https://oto.com.vn/mua-ban-xe-ford-territory-hcm/xe-luot-5-choxe-chinh-hangbao-hanh-1-nam-aidxc23372172
23371806,Ford Territory Titanium X 2023,795000000.0,30/09/2025,2023,Máy xăng,SUV,Xe cũ,13000,Số tự động,Nhập khẩu,Lâm Đồng,https://oto.com.vn/mua-ban-xe-ford-territory-lam-dong/titanium-x-15-at-2023-795-trieu-aidxc23371806
23350211,Ford Tourneo Titanium 2020,690000000.0,03/08/2025,2020,Máy xăng,MPV,Xe cũ,111543,Số tự động,Trong nước,Vũng Tàu - Bà Rịa Vũng Tàu,https://oto.com.vn/mua-ban-xe-ford-tourneo-ba-ria-vung-tau/ban-xe-ban-titanium-doi-2020-noi-that-cao-cap-aidxc23350211
23336387,Ford Tourneo Titanium 2019,650000000.0,30/06/2025,2019,Máy xăng,MPV,Xe cũ,55000,Số tự động,Trong nước,Biên Hòa - Đồng Nai,https://oto.com.vn/mua-ban-xe-ford-tourneo-dong-nai/xe-luot-dep-nhu-moi-odo-thap-aidxc23336387
23366702,Ford Tourneo 2020,580000000.0,17/09/2025,2020,Máy xăng,Van/Minivan,Xe cũ,20,Số tự động,Trong nước,Hà Nội,https://oto.com.vn/mua-ban-xe-ford-tourneo-ha-noi/2020-aidxc23366702
23368892,Ford Tourneo Titanium 2019,595000000.0,22/09/2025,2019,Máy xăng,MPV,Xe cũ,90000,Số tự động,Nhập khẩu,Cầu Giấy - Hà Nội,https://oto.com.vn/mua-ban-xe-ford-tourneo-ha-noi/xe-cho-lanh-dao-bien-hanoi-mot-chu-aidxc23368892
23371967,Ford Tourneo Titanium 2020,670000000.0,01/10/2025,2020,Máy xăng,Van/Minivan,Xe cũ,52000,Số tự động,Trong nước,Tp.HCM,https://oto.com.vn/mua-ban-xe-ford-tourneo-hcm/20-eco-boost-titanium-2020-chuan-52k-aidxc23371967
23366319,Ford Tourneo Dcar President 2019,725000000.0,16/09/2025,2019,Máy xăng,Van/Minivan,Xe cũ,40000,Số tự động,Trong nước,Hóc Môn - Tp.HCM,https://oto.com.vn/mua-ban-xe-ford-tourneo-hcm/2019-limousine-20-at-40000-km-aidxc23366319
23367846,Ford Tourneo Titanium 2019,720000000.0,19/09/2025,2019,Máy dầu,Van/Minivan,Xe cũ,47000,Số tự động,Nhập khẩu,Hóc Môn - Tp.HCM,https://oto.com.vn/mua-ban-xe-ford-tourneo-hcm/2019-titanium-20-at-47000-km-aidxc23367846
23364696,Ford Tourneo Titanium 2019,860000000.0,12/09/2025,2019,Máy xăng,MPV,Xe cũ,63000,Số tự động,Trong nước,Tp.HCM,https://oto.com.vn/mua-ban-xe-ford-tourneo-hcm/2019-titanium-20-at-63000-km-aidxc23364696
23371427,Ford Tourneo Titanium 2019,669000000.0,29/09/2025,2019,Máy xăng,Van/Minivan,Xe cũ,65000,Số tự động,Nhập khẩu,Tp.HCM,https://oto.com.vn/mua-ban-xe-ford-tourneo-hcm/2019-titanium-20-at-zin-nguyen-ban-aidxc23371427
23372204,Ford Tourneo Titanium 2020,699000000.0,01/10/2025,2020,Máy xăng,Van/Minivan,Xe cũ,30000,Số tự động,Trong nước,Tp.HCM,https://oto.com.vn/mua-ban-xe-ford-tourneo-hcm/2020-titanium-goi-thuong-gia-dang-cap-aidxc23372204
23361554,Ford Tourneo 2019,679000000.0,04/09/2025,2019,Máy xăng,Van/Minivan,Xe cũ,51413,Số tự động,Trong nước,Tp.HCM,https://oto.com.vn/mua-ban-xe-ford-tourneo-hcm/gia-dinh-can-ban-2019-xe-doanh-nhan-aidxc23361554
23340863,Ford Tourneo 2019,715000000.0,14/07/2025,2019,Máy xăng,N/A,Xe cũ,55000,Số tự động,Trong nước,Quận 12 - Tp.HCM,https://oto.com.vn/mua-ban-xe-ford-tourneo-hcm/gia-re-can-ban-gap-aidxc23340863
23369361,Ford Tourneo Titanium 2019,699000000.0,23/09/2025,2019,Máy xăng,MPV,Xe cũ,30000,Số tự động,Trong nước,Thủ Đức - Tp.HCM,https://oto.com.vn/mua-ban-xe-ford-tourneo-hcm/goi-options-thuong-gia-dang-cap-aidxc23369361
23351351,Ford Tourneo Titanium 2019,650000000.0,06/08/2025,2019,Máy xăng,MPV,Xe cũ,62300,Số tự động,Trong nước,Gò Vấp - Tp.HCM,https://oto.com.vn/mua-ban-xe-ford-tourneo-hcm/xe-dep-chuan-phap-ly-cty-xhd-du-aidxc23351351
23350747,Ford Tourneo Titanium 2021,775000000.0,05/08/2025,2021,Máy xăng,Van/Minivan,Xe cũ,45000,Số tự động,Trong nước,Gò Vấp - Tp.HCM,https://oto.com.vn/mua-ban-xe-ford-tourneo-hcm/xe-hang-chat-dep-len-phu-kien-nhieu-aidxc23350747
23364619,Ford Transit Tiêu chuẩn 2023,650000000.0,12/09/2025,2023,Máy dầu,Van/Minivan,Xe cũ,80000,Số sàn,Trong nước,Ba Đình - Hà Nội,https://oto.com.vn/mua-ban-xe-ford-transit-ha-noi/2023-tieu-chuan-aidxc23364619
23193640,Ford Transit MID Tiêu chuẩn 2016,375000000.0,04/09/2025,2016,Máy dầu,Van/Minivan,Xe cũ,80000,Số sàn,Trong nước,Đông Anh - Hà Nội,https://oto.com.vn/mua-ban-xe-ford-transit-ha-noi/ban-16-cho-doi-2016-ban-mid-xe-dep-chat-aidxc23193640
23314977,Ford Transit SVP Bản trung 2019,455000000.0,23/09/2025,2019,Máy dầu,Van/Minivan,Xe cũ,80000,Số sàn,Trong nước,Đông Anh - Hà Nội,https://oto.com.vn/mua-ban-xe-ford-transit-ha-noi/ban-doi-2019-ban-trung-xe-1-chu-tu-moi-aidxc23314977
23370159,Ford Transit 2011,165000000.0,25/09/2025,2011,Máy dầu,Van/Minivan,Xe cũ,200000,Số sàn,Nhập khẩu,Tp.HCM,https://oto.com.vn/mua-ban-xe-ford-transit-hcm/2011-200000-km-aidxc23370159
23370003,Ford Transit Tiêu chuẩn 2014,215000000.0,25/09/2025,2014,Máy dầu,Van/Minivan,Xe cũ,332113,Số sàn,Nhập khẩu,Tp.HCM,https://oto.com.vn/mua-ban-xe-ford-transit-hcm/2014-ban-thuong-16-cho-aidxc23370003
23369572,Ford Transit Luxury 2017,310000000.0,24/09/2025,2017,Máy dầu,Van/Minivan,Xe cũ,57940,Số tự động,Trong nước,Tp.HCM,https://oto.com.vn/mua-ban-xe-ford-transit-hcm/2017-luxury-57940-km-aidxc23369572
23366842,Ford Transit 2022,715000000.0,17/09/2025,2022,Máy dầu,Van/Minivan,Xe cũ,40000,Số sàn,Trong nước,Tân Phú - Tp.HCM,https://oto.com.vn/mua-ban-xe-ford-transit-hcm/2022-xe-luot-1-chuxe-cho-nhan-vienzin-100-bao-test-aidxc23366842
23372483,Ford Transit Tiêu chuẩn 2023,648000000.0,02/10/2025,2023,Máy dầu,Van/Minivan,Xe cũ,60000,Số sàn,Trong nước,Bình Tân - Tp.HCM,https://oto.com.vn/mua-ban-xe-ford-transit-hcm/2023-60000-km-aidxc23372483
23366851,Ford Transit Tiêu chuẩn 2023,735000000.0,17/09/2025,2023,Máy dầu,Van/Minivan,Xe cũ,20000,Số sàn,Trong nước,Tân Phú - Tp.HCM,https://oto.com.vn/mua-ban-xe-ford-transit-hcm/2023-len-goi-limitedfull-optionxe-luot-aidxc23366851
23372479,Ford Transit Cao cấp 2017,310000000.0,02/10/2025,2017,Máy dầu,Van/Minivan,Xe cũ,200,Số sàn,Trong nước,Bình Tân - Tp.HCM,https://oto.com.vn/mua-ban-xe-ford-transit-hcm/doi-2017-khach-16-cho-ngoi-9-chu-aidxc23372479
23366678,Ford Transit 9 Chỗ 2.4 Diesel 2018,460000000.0,16/09/2025,2018,Máy dầu,Van/Minivan,Xe cũ,139000,Số sàn,Trong nước,Tân Phú - Tp.HCM,https://oto.com.vn/mua-ban-xe-ford-transit-hcm/tai-van-6c-cho-hanh-hoatiet-kiem-chi-phi-aidxc23366678
23367802,Ford Transit 9 Chỗ 2.4 Diesel 2018,485000000.0,19/09/2025,2018,Máy dầu,Van/Minivan,Xe cũ,100000,Số sàn,Trong nước,Tân Phú - Tp.HCM,https://oto.com.vn/mua-ban-xe-ford-transit-hcm/van-6-cho-2018chay-bang-b2-khong-gio-cam-aidxc23367802
23367813,Ford Transit 9 Chỗ 2.4 Diesel 2018,465000000.0,19/09/2025,2018,Máy dầu,Van/Minivan,Xe cũ,130000,Số sàn,Trong nước,Tân Phú - Tp.HCM,https://oto.com.vn/mua-ban-xe-ford-transit-hcm/van-6-cho-2018chay-bang-b2-khong-gio-cam-aidxc23367813
23356850,Ford Transit Tiêu chuẩn 2019,545000000.0,23/09/2025,2019,Máy dầu,Van/Minivan,Xe cũ,61000,Số sàn,Trong nước,Tân Phú - Tp.HCM,https://oto.com.vn/mua-ban-xe-ford-transit-hcm/van-6-cho-cho-hang-hoa-aidxc23356850
23369252,Ford Transit Tiêu chuẩn 2020,430000000.0,23/09/2025,2020,Máy dầu,Van/Minivan,Xe cũ,345,Số sàn,Nhập khẩu,Nha Trang - Khánh Hòa,https://oto.com.vn/mua-ban-xe-ford-transit-khanh-hoa/2020-345-km-aidxc23369252
23371296,Ford Transit 2018,350000000.0,29/09/2025,2018,Máy dầu,Van/Minivan,Xe cũ,310000,Số sàn,Nhập khẩu,Lâm Đồng,https://oto.com.vn/mua-ban-xe-ford-transit-lam-dong/2018-310000-km-aidxc23371296
23365966,GAC M6 2024,609000000.0,15/09/2025,2024,Máy xăng,Van/Minivan,Xe cũ,N/A,Số tự động,Nhập khẩu,Tp.HCM,https://oto.com.vn/mua-ban-xe-gac-m6-hcm/tra-truoc-93tr-nhan-ngay-xe-7-cho-pro-aidxc23365966
23362916,GAC M8 2024,1699000000.0,06/09/2025,2024,Máy xăng,MPV,Xe cũ,7000,Số tự động,Nhập khẩu,Cầu Giấy - Hà Nội,https://oto.com.vn/mua-ban-xe-gac-m8-ha-noi/xe-1-chu-tu-moi-7000km-son-zin-aidxc23362916
23342530,Gaz Gazelle Next Van A31R22 2019,680000000.0,04/09/2025,2019,Máy dầu,Van/Minivan,Xe cũ,10000,Số sàn,Nhập khẩu,Long Biên - Hà Nội,https://oto.com.vn/mua-ban-xe-gaz-gazelle-next-van-ha-noi/da-do-du-phu-kien-mobihome-xin-so-toan-bo-dat-mua-tu-my-aidxc23342530
23333518,Gaz Gazelle Next Van A31R22 2022,470000000.0,18/06/2025,2022,Máy dầu,Bán tải,Xe cũ,54340,Số tự động,Nhập khẩu,Long Biên - Hà Nội,https://oto.com.vn/mua-ban-xe-gaz-gazelle-next-van-ha-noi/xe-cong-ty-it-su-dung-can-ban-gap-aidxc23333518
23364695,Geely Coolray 2025,499000000.0,12/09/2025,2025,Máy xăng,N/A,Xe cũ,N/A,Số tự động,N/A,An Giang,https://oto.com.vn/mua-ban-xe-geely-coolray-an-giang/2025-tai-aidxc23364695
23353709,Geely Coolray 2025,550000000.0,13/08/2025,2025,Máy xăng,SUV,Xe cũ,3200,Số tự động,Nhập khẩu,Cái Răng - Cần Thơ,https://oto.com.vn/mua-ban-xe-geely-coolray-can-tho/2025-trang-qua-su-dung-moi-99-aidxc23353709
23371895,Genesis Coupe 2011,379000000.0,30/09/2025,2011,Máy xăng,Coupe,Xe cũ,67000,Số tự động,Nhập khẩu,Tân Bình - Tp.HCM,https://oto.com.vn/mua-ban-xe-genesis-coupe-hcm/ban-xe-mau-vang-noi-bat-doi-2011-nguyen-ban-100-aidxc23371895
23362509,Genesis Coupe 2010,386000000.0,06/09/2025,2010,Máy xăng,Coupe,Xe cũ,69000,Số tự động,Nhập khẩu,Tp.HCM,https://oto.com.vn/mua-ban-xe-genesis-coupe-hcm/hyundai-2010-20-at-69000-km-aidxc23362509
23365123,Genesis Coupe 2010,315000000.0,13/09/2025,2010,Máy xăng,Coupe,Xe cũ,85000,Số tự động,Nhập khẩu,Tp.HCM,https://oto.com.vn/mua-ban-xe-genesis-coupe-hcm/hyundai-2010-20-at-85000-km-aidxc23365123
23367661,Genesis Coupe 2010,345000000.0,18/09/2025,2010,Máy xăng,N/A,Xe cũ,53000,Số tự động,Nhập khẩu,Long An,https://oto.com.vn/mua-ban-xe-genesis-coupe-long-an/2010-tai-aidxc23367661
23337630,GMC Yukon 2014,2500000000.0,04/07/2025,2014,Máy xăng,SUV,Xe cũ,80000,Số tự động,Nhập khẩu,Nam Từ Liêm - Hà Nội,https://oto.com.vn/mua-ban-xe-gmc-yukon-ha-noi/denali-62-xl-aidxc23337630
23306700,GMC Yukon 2015,2650000000.0,03/04/2025,2015,Máy xăng,SUV,Xe cũ,80000,Số tự động,Nhập khẩu,Nam Từ Liêm - Hà Nội,https://oto.com.vn/mua-ban-xe-gmc-yukon-ha-noi/denali-v8-62l-xl-aidxc23306700
23361876,Hãng khác Dòng khác 2013,260000000.0,04/09/2025,2013,Máy dầu,N/A,Xe cũ,1,Số sàn,Trong nước,Cầu Giấy - Hà Nội,https://oto.com.vn/mua-ban-xe-hang-khac-dong-khac-ha-noi/jupiter-ban-tai-san-aidxc23361876
23299842,Hino 500 Series 2018,800000000.0,19/03/2025,2018,Máy dầu,Xe tải,Xe cũ,690000,Số sàn,Trong nước,Vũ Thư - Thái Bình,https://oto.com.vn/mua-ban-xe-hino-500-series-thai-binh/ban-xe-tai-fc9jnta-cu-doi-2018-gia-tot-aidxc23299842
23362531,Honda Accord 1.5 Turbo 2019,689000000.0,06/09/2025,2019,Máy xăng,Sedan,Xe cũ,90000,Số tự động,Nhập khẩu,Bắc Ninh,https://oto.com.vn/mua-ban-xe-honda-accord-bac-ninh/15-at-2019-aidxc23362531
23362993,Honda Accord 2.4 AT 2011,368000000.0,07/09/2025,2011,Máy xăng,Sedan,Xe cũ,198000,Số tự động,Nhập khẩu,Bình Dương,https://oto.com.vn/mua-ban-xe-honda-accord-binh-duong/2011-24-at-198000-km-aidxc23362993
23364380,Honda Accord 2014,435000000.0,11/09/2025,2014,Máy xăng,Sedan,Xe cũ,N/A,Số tự động,Nhập khẩu,Hà Nội,https://oto.com.vn/mua-ban-xe-honda-accord-ha-noi/2014-aidxc23364380
23370565,Honda Accord 1.5 Turbo 2019,660000000.0,26/09/2025,2019,Máy xăng,Sedan,Xe cũ,62000,Số tự động,Nhập khẩu,Hà Nội,https://oto.com.vn/mua-ban-xe-honda-accord-ha-noi/2019-15-turbo-62000-km-aidxc23370565
23365415,Honda Accord 3 2022,910000000.0,13/09/2025,2022,Máy xăng,N/A,Xe cũ,30000,Số tự động,Nhập khẩu,Hà Nội,https://oto.com.vn/mua-ban-xe-honda-accord-ha-noi/2022-tai-aidxc23365415
23368071,Honda Accord 3 2022,876000000.0,19/09/2025,2022,Máy xăng,Sedan,Xe cũ,30000,Số tự động,Nhập khẩu,Hà Nội,https://oto.com.vn/mua-ban-xe-honda-accord-ha-noi/2022-tai-aidxc23368071
23365988,Honda Accord 1.5 Turbo 2022,910000000.0,15/09/2025,2022,Máy xăng,Sedan,Xe cũ,31000,Số tự động,Nhập khẩu,Cầu Giấy - Hà Nội,https://oto.com.vn/mua-ban-xe-honda-accord-ha-noi/cam-ket-khong-dam-dung-khong-ngap-nuoc-aidxc23365988
23366516,Honda Accord 2019,660000000.0,16/09/2025,2019,Máy xăng,Sedan,Xe cũ,N/A,Số tự động,Trong nước,Hà Nội,https://oto.com.vn/mua-ban-xe-honda-accord-ha-noi/gia-660tr-aidxc23366516
23366298,Honda Accord 1.5 Turbo 2022,910000000.0,16/09/2025,2022,Máy xăng,Sedan,Xe cũ,31000,Số tự động,Trong nước,Cầu Giấy - Hà Nội,https://oto.com.vn/mua-ban-xe-honda-accord-ha-noi/ho-tro-thu-tuc-vay-ngan-hang-aidxc23366298
23365636,Honda Accord 3 2022,910000000.0,18/09/2025,2022,Máy xăng,Sedan,Xe cũ,30000,Số tự động,Nhập khẩu,Hà Nội,https://oto.com.vn/mua-ban-xe-honda-accord-ha-noi/odo-30000-km-xe-dep-chuan-khong-loi-nho-aidxc23365636
23335524,Honda Accord 1990,155000000.0,04/09/2025,1990,Máy xăng,Sedan,Xe cũ,200000,Số sàn,Nhập khẩu,Thanh Xuân - Hà Nội,https://oto.com.vn/mua-ban-xe-honda-accord-ha-noi/sieu-chat-bao-duong-full-dan-aidxc23335524
23363979,Honda Accord 1.5 Turbo 2019,660000000.0,10/09/2025,2019,Máy xăng,Sedan,Xe cũ,62000,Số tự động,Nhập khẩu,Hoàng Mai - Hà Nội,https://oto.com.vn/mua-ban-xe-honda-accord-ha-noi/sx2019-sieu-dep-aidxc23363979
23371944,Honda Accord 2.0 AT 1996,118000000.0,01/10/2025,1996,Máy xăng,Sedan,Xe cũ,290000,Số sàn,Nhập khẩu,Gò Vấp - Tp.HCM,https://oto.com.vn/mua-ban-xe-honda-accord-hcm/1996-mt-may-20l-full-noi-that-ni-zin-aidxc23371944
23369844,Honda Accord 2.4 AT 2018,599000000.0,24/09/2025,2018,Máy xăng,Sedan,Xe cũ,100000,Số tự động,Nhập khẩu,Tp.HCM,https://oto.com.vn/mua-ban-xe-honda-accord-hcm/2018-24l-aidxc23369844
23369163,Honda Accord 2020,720000000.0,23/09/2025,2020,Máy xăng,Sedan,Xe cũ,55000,Số tự động,Nhập khẩu,Tp.HCM,https://oto.com.vn/mua-ban-xe-honda-accord-hcm/2020-nhap-thai-aidxc23369163
23366858,Honda BR-V G 2023,575000000.0,17/09/2025,2023,Máy xăng,SUV,Xe cũ,37000,Số tự động,Nhập khẩu,Cần Thơ,https://oto.com.vn/mua-ban-xe-honda-br-v-can-tho/g-2023-gia-chi-575-trieuxe-nhap-khau-aidxc23366858
23371914,Honda BR-V L 2023,585000000.0,01/10/2025,2023,Máy xăng,SUV,Xe cũ,4800,Số tự động,Nhập khẩu,Buôn Ma Thuột - Đắk Lắk,https://oto.com.vn/mua-ban-xe-honda-br-v-dak-lak/2023-l-4800-km-aidxc23371914
23365913,Honda BR-V L 2024,645000000.0,15/09/2025,2024,Máy xăng,SUV,Xe cũ,11200,Số tự động,Nhập khẩu,Đồng Nai,https://oto.com.vn/mua-ban-xe-honda-br-v-dong-nai/2024-l-11200-km-aidxc23365913
23362010,Honda BR-V L 2023,570000000.0,05/09/2025,2023,Máy xăng,SUV,Xe cũ,75000,Số tự động,Nhập khẩu,Tp.HCM,https://oto.com.vn/mua-ban-xe-honda-br-v-hcm/brv-l-2023-75000-km-aidxc23362010
23368288,Honda BR-V G 2024,595000000.0,20/09/2025,2024,Máy xăng,SUV,Xe cũ,53000,Số tự động,Nhập khẩu,Tp.HCM,https://oto.com.vn/mua-ban-xe-honda-br-v-hcm/g-2024-aidxc23368288
23366633,Honda BR-V G 2024,615000000.0,17/09/2025,2024,Máy xăng,SUV,Xe cũ,53000,Số tự động,Trong nước,Tp.HCM,https://oto.com.vn/mua-ban-xe-honda-br-v-hcm/mot-chu-tu-dau-full-lich-su-bao-duong-sua-chua-hang-aidxc23366633
23355203,Honda BR-V L 2024,660000000.0,19/08/2025,2024,Máy xăng,Crossover,Xe cũ,10000,Số tự động,Nhập khẩu,Tân Bình - Tp.HCM,https://oto.com.vn/mua-ban-xe-honda-br-v-hcm/xe-gia-dinh-su-dung-ky-bao-duong-day-du-aidxc23355203
23364284,Honda BR-V G 2023,565000000.0,11/09/2025,2023,Máy xăng,SUV,Xe cũ,37000,Số tự động,Trong nước,Kiên Giang,https://oto.com.vn/mua-ban-xe-honda-br-v-kien-giang/2023-g-37000-km-aidxc23364284
23362660,Honda BR-V L 2024,650000000.0,06/09/2025,2024,Máy xăng,SUV,Xe cũ,2000,Số tự động,Nhập khẩu,Thanh Hóa,https://oto.com.vn/mua-ban-xe-honda-br-v-thanh-hoa/2024-l-2000-km-aidxc23362660
23370917,Honda Brio RS 2021,365000000.0,27/09/2025,2021,Máy xăng,Hatchback,Xe cũ,3200,Số tự động,Nhập khẩu,Bình Dương,https://oto.com.vn/mua-ban-xe-honda-brio-binh-duong/2021-rs-3200-km-aidxc23370917
23370577,Honda Brio RS 2019,355000000.0,26/09/2025,2019,Máy xăng,Hatchback,Xe cũ,55000,Số tự động,Nhập khẩu,Cần Thơ,https://oto.com.vn/mua-ban-xe-honda-brio-can-tho/2019-rs-2-mau-nhap-khau-aidxc23370577
23369456,Honda Brio RS 2020,348000000.0,23/09/2025,2020,Máy xăng,Hatchback,Xe cũ,55000,Số tự động,Nhập khẩu,Cần Thơ,https://oto.com.vn/mua-ban-xe-honda-brio-can-tho/2020-rs-55000-km-xe-hang-bao-dep-aidxc23369456
23364976,Honda Brio RS 2019,300000000.0,12/09/2025,2019,Máy xăng,Hatchback,Xe cũ,60000,Số tự động,N/A,Hà Nội,https://oto.com.vn/mua-ban-xe-honda-brio-ha-noi/2019-tai-aidxc23364976
23370241,Honda Brio RS 2020,399000000.0,25/09/2025,2020,Máy xăng,Hatchback,Xe cũ,300,Số tự động,Nhập khẩu,Hà Nội,https://oto.com.vn/mua-ban-xe-honda-brio-ha-noi/2020-rs-gia-399-trieu-aidxc23370241
23365260,Honda Brio G 2020,315000000.0,13/09/2025,2020,Máy xăng,Hatchback,Xe cũ,N/A,Số tự động,N/A,Hà Nội,https://oto.com.vn/mua-ban-xe-honda-brio-ha-noi/2020-tai-aidxc23365260
23366237,Honda Brio RS 2021,355000000.0,16/09/2025,2021,Máy xăng,Hatchback,Xe cũ,17000,Số tự động,Nhập khẩu,Hà Nội,https://oto.com.vn/mua-ban-xe-honda-brio-ha-noi/2021-rs-17000-km-aidxc23366237
23372385,Honda Brio G 2020,350000000.0,02/10/2025,2020,Máy xăng,Hatchback,Xe cũ,37000,Số tự động,Nhập khẩu,Hà Nội,https://oto.com.vn/mua-ban-xe-honda-brio-ha-noi/nhap-thai-lan-mau-cam-cuc-dep-noi-bat-aidxc23372385
23370976,Honda Brio RS 2020,350000000.0,27/09/2025,2020,Máy xăng,Hatchback,Xe cũ,37000,Số tự động,Nhập khẩu,Hà Nội,https://oto.com.vn/mua-ban-xe-honda-brio-ha-noi/rs-2020-nhap-thai-1-chu-odo-zin-3v7km-aidxc23370976
23370913,Honda Brio RS 2021,366000000.0,27/09/2025,2021,Máy xăng,Hatchback,Xe cũ,32000,Số tự động,Trong nước,Tp.HCM,https://oto.com.vn/mua-ban-xe-honda-brio-hcm/2021-rs-32000-km-aidxc23370913
23368728,Honda Brio RS 2021,335000000.0,21/09/2025,2021,Máy xăng,Hatchback,Xe cũ,48000,Số tự động,Nhập khẩu,Tp.HCM,https://oto.com.vn/mua-ban-xe-honda-brio-hcm/2021-rs-48000km-sieu-moi-aidxc23368728
23372446,Honda Brio RS 2021,365000000.0,02/10/2025,2021,Máy xăng,Hatchback,Xe cũ,32000,Số tự động,Nhập khẩu,Tp.HCM,https://oto.com.vn/mua-ban-xe-honda-brio-hcm/2021-rs-chat-xe-cuc-dep-full-lich-su-aidxc23372446
23365364,Honda Brio RS 2021,348000000.0,13/09/2025,2021,Máy xăng,Hatchback,Xe cũ,54000,Số tự động,Nhập khẩu,Tp.HCM,https://oto.com.vn/mua-ban-xe-honda-brio-hcm/rs-2021-cuc-chat-bao-test-aidxc23365364
23371938,Honda Brio RS 2021,365000000.0,01/10/2025,2021,Máy xăng,Hatchback,Xe cũ,24000,Số tự động,Nhập khẩu,Đà Lạt - Lâm Đồng,https://oto.com.vn/mua-ban-xe-honda-brio-lam-dong/2021-rs-24000-km-aidxc23371938
23364918,Honda Brio RS 2021,390000000.0,12/09/2025,2021,Máy xăng,Hatchback,Xe cũ,18000,Số tự động,Nhập khẩu,Nghệ An,https://oto.com.vn/mua-ban-xe-honda-brio-nghe-an/2021-tai-aidxc23364918
23361304,Honda City 1.5 TOP CVT 2018,375000000.0,03/09/2025,2018,Máy xăng,Sedan,Xe cũ,80000,Số tự động,Trong nước,Thuận An - Bình Dương,https://oto.com.vn/mua-ban-xe-honda-city-binh-duong/ho-tro-tra-gop-ngan-hang-65-gia-tri-xe-aidxc23361304
23337948,Honda City RS 2022,459000000.0,16/09/2025,2022,Máy xăng,Sedan,Xe cũ,38000,Số tự động,Trong nước,Dĩ An - Bình Dương,https://oto.com.vn/mua-ban-xe-honda-city-binh-duong/xe-sedan-dep-nhu-moi-gia-cuc-tot-aidxc23337948
23366181,Honda City 1.5 G 2022,399000000.0,15/09/2025,2022,Máy xăng,Sedan,Xe cũ,1600,Số tự động,Trong nước,Hoàng Mai - Hà Nội,https://oto.com.vn/mua-ban-xe-honda-city-ha-noi/ban-xe-ban-g-san-xuat-nam-2022-mau-den-xe-dang-ky-ten-ca-nhan-aidxc23366181
23361148,Honda City RS 2023,479000000.0,03/09/2025,2023,Máy xăng,Sedan,Xe cũ,1200,Số tự động,Trong nước,Hoàng Mai - Hà Nội,https://oto.com.vn/mua-ban-xe-honda-city-ha-noi/ban-xe-ban-rs-san-xuat-nam-2023-mau-den-xe-dang-ky-ten-ca-nhan-1-chu-tu-moi-aidxc23361148
23369066,Honda City 1.5 TOP CVT 2019,395000000.0,22/09/2025,2019,Máy xăng,Sedan,Xe cũ,59000,Số tự động,Trong nước,Bắc Từ Liêm - Hà Nội,https://oto.com.vn/mua-ban-xe-honda-city-ha-noi/ban-xe-gia-dinh-bien-odo-moi-chi-5van9-full-lich-su-bao-duong-hang-aidxc23369066
23358334,Honda City 1.5 CVT 2017,335000000.0,25/09/2025,2017,Máy xăng,Sedan,Xe cũ,80000,Số tự động,Trong nước,Tây Hồ - Hà Nội,https://oto.com.vn/mua-ban-xe-honda-city-ha-noi/ben-lanh-tiet-kiem-xang-aidxc23358334
23353857,Honda City 1.5 TOP CVT 2018,390000000.0,16/09/2025,2018,Máy xăng,Sedan,Xe cũ,72000,Số tự động,Trong nước,Cầu Giấy - Hà Nội,https://oto.com.vn/mua-ban-xe-honda-city-ha-noi/can-ban-xe-ca-nhan-1-chu-aidxc23353857
23350451,Honda City 1.5 CVT 2015,295000000.0,17/09/2025,2015,Máy xăng,Sedan,Xe cũ,80000,Số tự động,Trong nước,Thanh Xuân - Hà Nội,https://oto.com.vn/mua-ban-xe-honda-city-ha-noi/chat-xe-sieu-dep-ten-tu-nhan-bien-aidxc23350451
23363719,Honda City RS 2023,485000000.0,10/09/2025,2023,Máy xăng,Sedan,Xe cũ,40000,Số tự động,Trong nước,Thanh Xuân - Hà Nội,https://oto.com.vn/mua-ban-xe-honda-city-ha-noi/moi-di-hon-4-van-gia-sieu-tot-aidxc23363719
23342081,Honda City 1.5 CVT 2014,296000000.0,16/09/2025,2014,Máy xăng,Sedan,Xe cũ,132000,Số tự động,Trong nước,Cầu Giấy - Hà Nội,https://oto.com.vn/mua-ban-xe-honda-city-ha-noi/xe-dep-bien-so-aidxc23342081
23339767,Honda City 1.5 CVT 2017,828000000.0,16/09/2025,2017,Máy xăng,Sedan,Xe cũ,88000,Số tự động,Trong nước,Cầu Giấy - Hà Nội,https://oto.com.vn/mua-ban-xe-honda-city-ha-noi/xe-dep-gia-tot-bao-ho-so-xe-aidxc23339767
23331295,Honda City 1.5 L 2022,445000000.0,11/09/2025,2022,Máy xăng,Sedan,Xe cũ,70000,Số tự động,Trong nước,Kiến An - Hải Phòng,https://oto.com.vn/mua-ban-xe-honda-city-hai-phong/ban-445-trieu-aidxc23331295
23372467,Honda City RS 2021,450000000.0,02/10/2025,2021,Máy xăng,Sedan,Xe cũ,80000,Số tự động,Trong nước,Kiến An - Hải Phòng,https://oto.com.vn/mua-ban-xe-honda-city-hai-phong/chu-di-giu-gin-bao-check-test-moi-noi-aidxc23372467
23369574,Honda City 1.5 MT 2014,290000000.0,24/09/2025,2014,Máy xăng,Sedan,Xe cũ,78000,Số sàn,Trong nước,Tp.HCM,https://oto.com.vn/mua-ban-xe-honda-city-hcm/2014-15-mt-78000-km-aidxc23369574
23371135,Honda City RS 2024,520000000.0,28/09/2025,2024,Máy xăng,Sedan,Xe cũ,11000,Số tự động,Trong nước,Quận 7 - Tp.HCM,https://oto.com.vn/mua-ban-xe-honda-city-hcm/xe-luot-bao-hanh-chinh-hang-ho-tro-vay-70-gia-tri-xe-aidxc23371135
23372359,Honda City 1.5 TOP CVT 2020,398000000.0,02/10/2025,2020,Máy xăng,Sedan,Xe cũ,N/A,Số tự động,Trong nước,Thanh Hóa,https://oto.com.vn/mua-ban-xe-honda-city-thanh-hoa/1-chu-tu-moi-so-tu-dong-aidxc23372359
23372516,Honda Civic 1.8 AT 2011,238000000.0,02/10/2025,2011,Máy xăng,Sedan,Xe cũ,130,Số tự động,Trong nước,Bà Rịa Vũng Tàu,https://oto.com.vn/mua-ban-xe-honda-civic-ba-ria-vung-tau/2011-18-at-130-km-aidxc23372516
23372520,Honda Civic 1.8 MT 2008,150000000.0,02/10/2025,2008,Máy xăng,Sedan,Xe cũ,N/A,Số tự động,Nhập khẩu,Bắc Giang,https://oto.com.vn/mua-ban-xe-honda-civic-bac-giang/2008-tai-aidxc23372520
23363107,Honda Civic 1.8 AT 2009,223000000.0,08/09/2025,2009,Máy xăng,Sedan,Xe cũ,140000,Số tự động,Trong nước,Thuận An - Bình Dương,https://oto.com.vn/mua-ban-xe-honda-civic-binh-duong/xe-hot-co-san-giao-ngay-aidxc23363107
23370788,Honda Civic 2.0 AT 2013,320000000.0,27/09/2025,2013,Máy xăng,Sedan,Xe cũ,94000,Số tự động,Nhập khẩu,Bình Thuận,https://oto.com.vn/mua-ban-xe-honda-civic-binh-thuan/2013-20-at-94000-km-aidxc23370788
23371905,Honda Civic 2014,370000000.0,01/10/2025,2014,Máy xăng,Sedan,Xe cũ,N/A,Số tự động,Nhập khẩu,Hà Nội,https://oto.com.vn/mua-ban-xe-honda-civic-ha-noi/2014-tai-aidxc23371905
23372368,Honda Civic 1.5 G 2020,535000000.0,02/10/2025,2020,Máy xăng,Sedan,Xe cũ,68000,Số tự động,Nhập khẩu,Hà Nội,https://oto.com.vn/mua-ban-xe-honda-civic-ha-noi/can-ban-15gat-model-2021-sieu-moi-aidxc23372368
23370549,Honda Civic 1.8 AT 2012,285000000.0,26/09/2025,2012,Máy xăng,Sedan,Xe cũ,120000,Số tự động,Trong nước,Cầu Giấy - Hà Nội,https://oto.com.vn/mua-ban-xe-honda-civic-ha-noi/chinh-chu-bien-aidxc23370549
23370060,Honda Civic 1.8 AT 2018,465000000.0,25/09/2025,2018,Máy xăng,Sedan,Xe cũ,50000,Số tự động,Trong nước,Quận 10 - Tp.HCM,https://oto.com.vn/mua-ban-xe-honda-civic-hcm/18at-2018-odo-50k-km-xe-nha-su-dung-khinh-doanh-aidxc23370060
23372458,Honda Civic 1.5 Turbo RS 2019,495000000.0,02/10/2025,2019,Máy xăng,Sedan,Xe cũ,72000,Số tự động,Nhập khẩu,Hóc Môn - Tp.HCM,https://oto.com.vn/mua-ban-xe-honda-civic-hcm/2019-15-turbo-rs-72000-km-aidxc23372458
23371443,Honda Civic 2019,520000000.0,29/09/2025,2019,Máy xăng,Sedan,Xe cũ,50000,Số tự động,Nhập khẩu,Tp.HCM,https://oto.com.vn/mua-ban-xe-honda-civic-hcm/2019-18g-cvt-50000-km-aidxc23371443
23371913,Honda Civic 1.5 G 2021,589000000.0,01/10/2025,2021,Máy xăng,Sedan,Xe cũ,37000,Số tự động,Nhập khẩu,Tp.HCM,https://oto.com.vn/mua-ban-xe-honda-civic-hcm/g-2021-aidxc23371913
23372513,Honda Civic 1.8 AT 2014,258000000.0,02/10/2025,2014,Máy xăng,Sedan,Xe cũ,158,Số tự động,Nhập khẩu,Tp.HCM,https://oto.com.vn/mua-ban-xe-honda-civic-hcm/tu-dong-aidxc23372513
23368358,Honda Civic 1.8 AT 2007,205000000.0,20/09/2025,2007,Máy xăng,Sedan,Xe cũ,9999,Số tự động,Trong nước,Tây Ninh,https://oto.com.vn/mua-ban-xe-honda-civic-tay-ninh/ngon-bo-re-aidxc23368358
23371941,Honda Civic 2.0 AT 2008,210000000.0,01/10/2025,2008,Máy xăng,Sedan,Xe cũ,180000,Số tự động,Trong nước,Thanh Hóa,https://oto.com.vn/mua-ban-xe-honda-civic-thanh-hoa/2008-20-at-180000-km-aidxc23371941
23371378,Honda Civic 1.5 Turbo RS 2022,720000000.0,29/09/2025,2022,Máy xăng,Sedan,Xe cũ,60000,Số tự động,Nhập khẩu,Tiền Giang,https://oto.com.vn/mua-ban-xe-honda-civic-tien-giang/2023-rs-60000-km-aidxc23371378
23372530,Honda CR-V 2.0 2010,290000000.0,02/10/2025,2010,Máy xăng,SUV,Xe cũ,130000,Số tự động,Nhập khẩu,Đà Nẵng,https://oto.com.vn/mua-ban-xe-honda-cr-v-da-nang/xe-2010-20-at-130000-km-aidxc23372530
23346815,Honda CR-V 1.5 L 2020,799000000.0,25/09/2025,2020,Máy xăng,SUV,Xe cũ,55131,Số tự động,Trong nước,Thanh Xuân - Hà Nội,https://oto.com.vn/mua-ban-xe-honda-cr-v-ha-noi/ban-xe-o-to-cu-uy-tin-tai-crv-l-2020-aidxc23346815
23367046,Honda CR-V 2.4L TG 2012,335000000.0,17/09/2025,2012,Máy xăng,SUV,Xe cũ,100000,Số tự động,Nhập khẩu,Long Biên - Hà Nội,https://oto.com.vn/mua-ban-xe-honda-cr-v-ha-noi/can-ban-crv-24-at-sx-2012-xe-dep-xuat-sac-aidxc23367046
23347624,Honda CR-V 1.5 L 2019,775000000.0,04/09/2025,2019,Máy xăng,SUV,Xe cũ,90000,Số tự động,Trong nước,Long Biên - Hà Nội,https://oto.com.vn/mua-ban-xe-honda-cr-v-ha-noi/chat-xe-dep-khong-co-diem-che-aidxc23347624
23368363,Honda CR-V 1.5 L 2022,855000000.0,20/09/2025,2022,Máy xăng,SUV,Xe cũ,55000,Số tự động,Trong nước,Quốc Oai - Hà Nội,https://oto.com.vn/mua-ban-xe-honda-cr-v-ha-noi/dep-het-say-aidxc23368363
23335731,Honda CR-V 2.4L TG 2010,285000000.0,29/09/2025,2010,Máy xăng,SUV,Xe cũ,100000,Số tự động,Nhập khẩu,Đông Anh - Hà Nội,https://oto.com.vn/mua-ban-xe-honda-cr-v-ha-noi/ko-1-loi-nho-aidxc23335731
23366366,Honda CR-V 2.0 2016,495000000.0,16/09/2025,2016,Máy xăng,SUV,Xe cũ,90000,Số tự động,Trong nước,Thanh Xuân - Hà Nội,https://oto.com.vn/mua-ban-xe-honda-cr-v-ha-noi/may-nhat-cuc-chat-gia-chi-4-dong-aidxc23366366
23372029,Honda CR-V 1.5 L 2019,729000000.0,01/10/2025,2019,Máy xăng,SUV,Xe cũ,75000,Số tự động,Trong nước,Cầu Giấy - Hà Nội,https://oto.com.vn/mua-ban-xe-honda-cr-v-ha-noi/qua-chat-aidxc23372029
23365992,Honda CR-V 1.5 L 2018,715000000.0,15/09/2025,2018,Máy xăng,SUV,Xe cũ,8000,Số tự động,Nhập khẩu,Thanh Xuân - Hà Nội,https://oto.com.vn/mua-ban-xe-honda-cr-v-ha-noi/tu-nhan-1-chu-aidxc23365992
23371660,Honda CR-V 2.0 2016,495000000.0,30/09/2025,2016,Máy xăng,SUV,Xe cũ,90000,Số tự động,Trong nước,Đông Anh - Hà Nội,https://oto.com.vn/mua-ban-xe-honda-cr-v-ha-noi/xe-5-cho-dong-co-ben-bi-phu-hop-moi-nhu-cau-aidxc23371660
23349665,Honda CR-V 1.5 G 2018,680000000.0,04/09/2025,2018,Máy xăng,SUV,Xe cũ,70000,Số tự động,Trong nước,Cầu Giấy - Hà Nội,https://oto.com.vn/mua-ban-xe-honda-cr-v-ha-noi/xe-chu-di-giu-noi-that-va-chat-xe-van-con-dep-aidxc23349665
23363292,Honda CR-V 1.5 L 2018,708000000.0,09/09/2025,2018,Máy xăng,SUV,Xe cũ,100000,Số tự động,Nhập khẩu,Cầu Giấy - Hà Nội,https://oto.com.vn/mua-ban-xe-honda-cr-v-ha-noi/xe-dep-7-cho-bien-full-option-tien-nghi-aidxc23363292
23366419,Honda CR-V 1.5 L 2018,466000000.0,16/09/2025,2018,Máy xăng,SUV,Xe cũ,98000,Số tự động,Nhập khẩu,Cầu Giấy - Hà Nội,https://oto.com.vn/mua-ban-xe-honda-cr-v-ha-noi/xe-dep-gia-tot-bao-ho-so-xe-aidxc23366419
23364477,Honda CR-V 1.5 E 2019,658000000.0,11/09/2025,2019,Máy xăng,SUV,Xe cũ,68000,Số tự động,Nhập khẩu,An Dương - Hải Phòng,https://oto.com.vn/mua-ban-xe-honda-cr-v-hai-phong/ban-e-nhap-khau-nguyen-chiec-tu-thai-aidxc23364477
23371251,Honda CR-V 2.4L TG 2012,420000000.0,28/09/2025,2012,Máy xăng,SUV,Xe cũ,86000,Số tự động,Trong nước,Tp.HCM,https://oto.com.vn/mua-ban-xe-honda-cr-v-hcm/2012-24-at-86000-km-aidxc23371251
23369790,Honda CR-V 2019,728000000.0,24/09/2025,2019,Máy xăng,SUV,Xe cũ,39000,Số tự động,Nhập khẩu,Tp.HCM,https://oto.com.vn/mua-ban-xe-honda-cr-v-hcm/2019-39000-km-aidxc23369790
23372018,Honda CR-V L AWD 2022,825000000.0,01/10/2025,2022,Máy xăng,SUV,Xe cũ,63000,Số tự động,Trong nước,Tp.HCM,https://oto.com.vn/mua-ban-xe-honda-cr-v-hcm/2022-l-63000-km-aidxc23372018
23372241,Honda CR-V 1.5 G 2023,895000000.0,02/10/2025,2023,Máy xăng,SUV,Xe cũ,13000,Số tự động,Trong nước,Tân Phú - Tp.HCM,https://oto.com.vn/mua-ban-xe-honda-cr-v-hcm/2023-g-13000-km-aidxc23372241
23364773,Honda CR-V 1.5 L 2020,815000000.0,12/09/2025,2020,Máy xăng,SUV,Xe cũ,68000,Số tự động,Trong nước,Thủ Đức - Tp.HCM,https://oto.com.vn/mua-ban-xe-honda-cr-v-hcm/ban-full-cao-cap-goi-an-toan-chu-dong-ho-tro-gop-aidxc23364773
23370730,Honda CR-V 1.5 L 2022,865000000.0,26/09/2025,2022,Máy xăng,SUV,Xe cũ,70000,Số tự động,Trong nước,Quận 6 - Tp.HCM,https://oto.com.vn/mua-ban-xe-honda-cr-v-hcm/crv-l-2022-mau-den-chi-hon-8-dong-aidxc23370730
23369894,Honda CR-V 1.5 L 2022,865000000.0,24/09/2025,2022,Máy xăng,SUV,Xe cũ,70000,Số tự động,Trong nước,Quận 6 - Tp.HCM,https://oto.com.vn/mua-ban-xe-honda-cr-v-hcm/crv-l-2022-xe-sg-8xx-aidxc23369894
23366374,Honda CR-V 1.5 L 2024,1035000000.0,16/09/2025,2024,Máy xăng,SUV,Xe cũ,11000,Số tự động,Trong nước,Quận 7 - Tp.HCM,https://oto.com.vn/mua-ban-xe-honda-cr-v-hcm/ho-tro-ngan-hang-toi-da-70-gia-tri-aidxc23366374
23371846,Honda CR-V 2020,800000000.0,30/09/2025,2020,Máy xăng,SUV,Xe cũ,40000,Số tự động,Trong nước,Phan Rang - Tháp Chàm - Ninh Thuận,https://oto.com.vn/mua-ban-xe-honda-cr-v-ninh-thuan/2020-40000-km-aidxc23371846
22842557,Honda CR-V 2.4L TG 2010,290000000.0,15/09/2025,2010,Máy xăng,SUV,Xe cũ,130000,Số tự động,Trong nước,Đoan Hùng - Phú Thọ,https://oto.com.vn/mua-ban-xe-honda-cr-v-phu-tho/chat-xe-lanh-ben-it-hong-vat-than-vo-chac-nich-aidxc22842557
23348892,Honda CR-V 1.5 L 2019,729000000.0,10/09/2025,2019,Máy xăng,SUV,Xe cũ,86000,Số tự động,Nhập khẩu,Hạ Hòa - Phú Thọ,https://oto.com.vn/mua-ban-xe-honda-cr-v-phu-tho/may-15-turbo-xe-dep-ho-so-cam-tay-aidxc23348892
23370168,Honda HR-V L 2023,630000000.0,25/09/2025,2023,Máy xăng,SUV,Xe cũ,9000,Số tự động,Nhập khẩu,Bình Dương,https://oto.com.vn/mua-ban-xe-honda-hr-v-binh-duong/2023-l-9000-km-aidxc23370168
23275717,Honda HR-V L 2018,520000000.0,25/09/2025,2018,Máy xăng,SUV,Xe cũ,78797,Số tự động,Nhập khẩu,Thuận An - Bình Dương,https://oto.com.vn/mua-ban-xe-honda-hr-v-binh-duong/nhap-thai-lan-aidxc23275717
23371204,Honda HR-V RS 2023,770000000.0,28/09/2025,2023,Máy xăng,SUV,Xe cũ,21309,Số tự động,Nhập khẩu,Bình Phước,https://oto.com.vn/mua-ban-xe-honda-hr-v-binh-phuoc/2023-rs-21309-km-aidxc23371204
23370478,Honda HR-V L 2019,535000000.0,26/09/2025,2019,Máy xăng,SUV,Xe cũ,48000,Số tự động,Nhập khẩu,Đà Nẵng,https://oto.com.vn/mua-ban-xe-honda-hr-v-da-nang/l-2019-48000-km-xe-dep-ko-loi-aidxc23370478
23371651,Honda HR-V L 2019,545000000.0,30/09/2025,2019,Máy xăng,SUV,Xe cũ,48000,Số tự động,Nhập khẩu,Đà Nẵng,https://oto.com.vn/mua-ban-xe-honda-hr-v-da-nang/xe-dep-ko-loi-aidxc23371651
23371177,Honda HR-V L 2019,515000000.0,28/09/2025,2019,Máy xăng,SUV,Xe cũ,63000,Số tự động,Nhập khẩu,Đắk Lắk,https://oto.com.vn/mua-ban-xe-honda-hr-v-dak-lak/2019-l-63000-km-aidxc23371177
23369538,Honda HR-V L 2018,495000000.0,24/09/2025,2018,Máy xăng,SUV,Xe cũ,96000,Số tự động,Nhập khẩu,Hà Nội,https://oto.com.vn/mua-ban-xe-honda-hr-v-ha-noi/2-km-aidxc23369538
23369842,Honda HR-V L 2019,565000000.0,24/09/2025,2019,Máy xăng,SUV,Xe cũ,1,Số tự động,Nhập khẩu,Hà Nội,https://oto.com.vn/mua-ban-xe-honda-hr-v-ha-noi/hrv-l-2019-aidxc23369842
23372243,Honda HR-V RS 2023,780000000.0,02/10/2025,2023,Máy xăng,SUV,Xe cũ,10000,Số tự động,Nhập khẩu,Thanh Trì - Hà Nội,https://oto.com.vn/mua-ban-xe-honda-hr-v-ha-noi/hrv-rs-10000-km-aidxc23372243
23350445,Honda HR-V L 2019,525000000.0,09/09/2025,2019,Máy xăng,N/A,Xe cũ,70000,Số tự động,Nhập khẩu,Sóc Sơn - Hà Nội,https://oto.com.vn/mua-ban-xe-honda-hr-v-ha-noi/xe-1-chu-mua-moi-gia-tot-thuong-luong-aidxc23350445
23370938,Honda HR-V G 2023,639000000.0,27/09/2025,2023,Máy xăng,SUV,Xe cũ,26000,Số tự động,Nhập khẩu,Tp.HCM,https://oto.com.vn/mua-ban-xe-honda-hr-v-hcm/2023-g-26000-km-dep-xuat-sac-aidxc23370938
23363060,Honda HR-V L 2019,510000000.0,07/09/2025,2019,Máy xăng,Crossover,Xe cũ,60000,Số tự động,Nhập khẩu,Bình Thạnh - Tp.HCM,https://oto.com.vn/mua-ban-xe-honda-hr-v-hcm/ban-hr-r-l-prestige-2019-ban-cao-cap-5-cho-tu-dong-60000km-zin-chuan-aidxc23363060
23371917,Honda HR-V L 2018,505000000.0,01/10/2025,2018,Máy xăng,SUV,Xe cũ,63000,Số tự động,Nhập khẩu,Tp.HCM,https://oto.com.vn/mua-ban-xe-honda-hr-v-hcm/hrv-l-2018-aidxc23371917
23371434,Honda HR-V L 2019,535000000.0,29/09/2025,2019,Máy xăng,SUV,Xe cũ,1,Số tự động,Nhập khẩu,Nha Trang - Khánh Hòa,https://oto.com.vn/mua-ban-xe-honda-hr-v-khanh-hoa/2019-l-1-km-aidxc23371434
23371680,Honda HR-V G 2023,630000000.0,30/09/2025,2023,Máy xăng,SUV,Xe cũ,20000,Số tự động,Nhập khẩu,Lâm Đồng,https://oto.com.vn/mua-ban-xe-honda-hr-v-lam-dong/2023-g-20000-km-aidxc23371680
23336007,Honda Jazz VX 2019,389000000.0,28/06/2025,2019,Máy xăng,Hatchback,Xe cũ,56000,Số tự động,Nhập khẩu,Đống Đa - Hà Nội,https://oto.com.vn/mua-ban-xe-honda-jazz-ha-noi/vx-2019-aidxc23336007
23353753,Honda Jazz VX 2019,389000000.0,14/08/2025,2019,Máy xăng,Hatchback,Xe cũ,56000,Số tự động,Nhập khẩu,Đống Đa - Hà Nội,https://oto.com.vn/mua-ban-xe-honda-jazz-ha-noi/vx-2019-aidxc23353753
23367926,Honda Jazz RS 2018,379000000.0,19/09/2025,2018,Máy xăng,Hatchback,Xe cũ,39000,Số tự động,Nhập khẩu,Tp.HCM,https://oto.com.vn/mua-ban-xe-honda-jazz-hcm/2018-rs-39000-km-rat-dep-aidxc23367926
23369646,Honda Jazz RS 2018,355000000.0,24/09/2025,2018,Máy xăng,Hatchback,Xe cũ,44000,Số tự động,Nhập khẩu,Tp.HCM,https://oto.com.vn/mua-ban-xe-honda-jazz-hcm/2018-rs-44000-km-aidxc23369646
23364934,Honda Jazz RS 2019,300000000.0,12/09/2025,2019,Máy xăng,Hatchback,Xe cũ,310000,Số tự động,Nhập khẩu,Tp.HCM,https://oto.com.vn/mua-ban-xe-honda-jazz-hcm/2019-15-rs-310000-km-aidxc23364934
23313360,Honda Jazz RS 2018,378000000.0,18/04/2025,2018,Máy xăng,Hatchback,Xe cũ,65000,Số tự động,Nhập khẩu,Quận 10 - Tp.HCM,https://oto.com.vn/mua-ban-xe-honda-jazz-hcm/can-ban-rs-san-xuat-2018-xe-nhap-khau-nguyen-chiec-xe-gd-it-sd-con-zin-nguyen-ban-aidxc23313360
23314978,Honda Jazz RS 2018,345000000.0,25/05/2025,2018,Máy xăng,Hatchback,Xe cũ,65000,Số tự động,Nhập khẩu,Quận 10 - Tp.HCM,https://oto.com.vn/mua-ban-xe-honda-jazz-hcm/can-ban-rs-san-xuat-2018-xe-nhap-khau-nguyen-chiec-xe-gd-it-sd-con-zin-nguyen-ban-aidxc23314978
23299599,Honda Jazz RS 2018,379000000.0,18/03/2025,2018,Máy xăng,Crossover,Xe cũ,49000,Số tự động,Nhập khẩu,Thủ Đức - Tp.HCM,https://oto.com.vn/mua-ban-xe-honda-jazz-hcm/mot-chu-mua-moi-aidxc23299599
23370221,Honda Jazz RS 2018,369000000.0,25/09/2025,2018,Máy xăng,Hatchback,Xe cũ,77000,Số tự động,Nhập khẩu,Tp.HCM,https://oto.com.vn/mua-ban-xe-honda-jazz-hcm/rs-2018-15atmau-donhap-thai-lan-aidxc23370221
23366272,Honda Jazz RS 2019,370000000.0,16/09/2025,2019,Máy xăng,Hatchback,Xe cũ,60000,Số tự động,Trong nước,Tp.HCM,https://oto.com.vn/mua-ban-xe-honda-jazz-hcm/xe-chinh-chu-1-chu-mua-moi-tu-dau-aidxc23366272
23309870,Honda Odyssey 2.4 CVT 2016,839000000.0,10/04/2025,2016,Máy xăng,MPV,Xe cũ,79000,Số tự động,Nhập khẩu,Tân Bình - Tp.HCM,https://oto.com.vn/mua-ban-xe-honda-odyssey-hcm/1-chu-sg-79000-km-aidxc23309870
23339735,Honda Odyssey 2.4 CVT 2016,790000000.0,14/08/2025,2016,Máy xăng,MPV,Xe cũ,80000,Số tự động,Nhập khẩu,Quận 7 - Tp.HCM,https://oto.com.vn/mua-ban-xe-honda-odyssey-hcm/24-sx-2016-aidxc23339735
23361721,Honda Odyssey EX-L 3.5 AT 2016,830000000.0,04/09/2025,2016,Máy xăng,MPV,Xe cũ,160000,Số tự động,Nhập khẩu,Tp.HCM,https://oto.com.vn/mua-ban-xe-honda-odyssey-hcm/2km-aidxc23361721
23364135,Honda Odyssey 2.4 CVT 2016,790000000.0,11/09/2025,2016,Máy xăng,MPV,Xe cũ,81000,Số tự động,Nhập khẩu,Tp.HCM,https://oto.com.vn/mua-ban-xe-honda-odyssey-hcm/sx-2016-81000-km-aidxc23364135
23328853,Honda Odyssey 2.4 CVT 2016,780000000.0,02/06/2025,2016,Máy xăng,MPV,Xe cũ,119000,Số tự động,Nhập khẩu,Tp.HCM,https://oto.com.vn/mua-ban-xe-honda-odyssey-hcm/xe-gia-dinh-nhap-nhat-chat-luong-cao-aidxc23328853
23335927,Honda Prelude 2019,405000000.0,27/06/2025,2019,Máy xăng,Sedan,Xe cũ,109,Số tự động,Nhập khẩu,Nha Trang - Khánh Hòa,https://oto.com.vn/mua-ban-xe-honda-prelude-khanh-hoa/city-2019-405tr-aidxc23335927
23338662,Hongqi E-HS9 Flagship 2021,2360000000.0,07/07/2025,2021,Điện,SUV,Xe cũ,1,Số tự động,Nhập khẩu,Hà Nội,https://oto.com.vn/mua-ban-xe-hongqi-e-hs9-ha-noi/hien-dai-quyen-luc-thuong-luu-aidxc23338662
23338854,Hongqi E-HS9 Deluxe 2022,2860000000.0,08/07/2025,2022,Điện,SUV,Xe cũ,10000,Số tự động,Nhập khẩu,Long Biên - Hà Nội,https://oto.com.vn/mua-ban-xe-hongqi-e-hs9-ha-noi/sieu-hiem-chu-moi-di-1k-kilomet-aidxc23338854
23342531,Hongqi E-HS9 Flagship 2021,2350000000.0,17/07/2025,2021,Điện,SUV,Xe cũ,30000,Số tự động,Nhập khẩu,Long Biên - Hà Nội,https://oto.com.vn/mua-ban-xe-hongqi-e-hs9-ha-noi/xe-ten-cty-xuat-hoa-don-cao-aidxc23342531
23369920,Howo A7 2021,620000000.0,24/09/2025,2021,Máy dầu,Xe tải,Xe cũ,147544,Số sàn,Nhập khẩu,Cầu Giấy - Hà Nội,https://oto.com.vn/mua-ban-xe-howo-a7-ha-noi/jupiter-phat-mai-tai-san-aidxc23369920
23371676,Howo Sitrak 2015,170000000.0,30/09/2025,2015,Máy dầu,N/A,Xe cũ,1,Số sàn,Nhập khẩu,Cầu Giấy - Hà Nội,https://oto.com.vn/mua-ban-xe-howo-sitrak-ha-noi/jupiter-phat-mai-tai-san-aidxc23371676
23333029,Howo Sitrak 2024,1315000000.0,16/06/2025,2024,Máy dầu,N/A,Xe cũ,10000,Số hỗn hợp,Nhập khẩu,Đông Hà - Quảng Trị,https://oto.com.vn/mua-ban-xe-howo-sitrak-quang-tri/th7-460-luxury-cau-lap-aidxc23333029
23333033,Howo TH7 2024,1315000000.0,16/06/2025,2024,Loại khác,Xe tải,Xe cũ,20000,Số sàn,Nhập khẩu,Ngũ Hành Sơn - Đà Nẵng,https://oto.com.vn/mua-ban-xe-howo-th7-da-nang/460-luxury-aidxc23333033
23311839,Howo Xe ben 2022,1100000000.0,14/04/2025,2022,Máy dầu,Xe tải,Xe cũ,259246,Số sàn,Nhập khẩu,Cầu Giấy - Hà Nội,https://oto.com.vn/mua-ban-xe-howo-xe-ben-ha-noi/jupiter-thanh-ly-cnhtc-tai-tu-do-aidxc23311839
23372109,Hyundai Accent 1.4 AT Đặc biệt 2023,465000000.0,01/10/2025,2023,Máy xăng,Sedan,Xe cũ,38000,Số tự động,Trong nước,Bà Rịa Vũng Tàu,https://oto.com.vn/mua-ban-xe-hyundai-accent-ba-ria-vung-tau/2023-14-at-dac-biet-38000-km-aidxc23372109
23369958,Hyundai Accent 2018,370000000.0,25/09/2025,2018,Máy xăng,Sedan,Xe cũ,125000,Số tự động,Trong nước,Bà Rịa Vũng Tàu,https://oto.com.vn/mua-ban-xe-hyundai-accent-ba-ria-vung-tau/can-ban-2018-aidxc23369958
23369578,Hyundai Accent 1.4 MT 2019,260000000.0,24/09/2025,2019,Máy xăng,Sedan,Xe cũ,100000,Số sàn,Trong nước,Bình Dương,https://oto.com.vn/mua-ban-xe-hyundai-accent-binh-duong/2019-14-mt-base-dang-ky-2020-aidxc23369578
23337950,Hyundai Accent 1.4 MT 2019,299000000.0,16/09/2025,2019,Máy xăng,Sedan,Xe cũ,76000,Số sàn,Trong nước,Dĩ An - Bình Dương,https://oto.com.vn/mua-ban-xe-hyundai-accent-binh-duong/xe-sedan-tiet-kiem-nhien-lieu-phu-hop-do-thi-aidxc23337950
23370169,Hyundai Accent 2022,420000000.0,25/09/2025,2022,Máy xăng,Sedan,Xe cũ,70000,Số tự động,Nhập khẩu,Bình Thuận,https://oto.com.vn/mua-ban-xe-hyundai-accent-binh-thuan/huyndai-den-aidxc23370169
23372110,Hyundai Accent 1.4 AT Đặc biệt 2019,370000000.0,01/10/2025,2019,Máy xăng,Sedan,Xe cũ,90000,Số tự động,Trong nước,Đà Nẵng,https://oto.com.vn/mua-ban-xe-hyundai-accent-da-nang/2019-14-at-ban-dac-biet-90000-km-aidxc23372110
23371244,Hyundai Accent 1.4 AT Đặc biệt 2020,375000000.0,28/09/2025,2020,Máy xăng,Sedan,Xe cũ,50000,Số tự động,Nhập khẩu,Tân Phước - Đà Nẵng,https://oto.com.vn/mua-ban-xe-hyundai-accent-da-nang/2020-14-at-50000-km-aidxc23371244
23365261,Hyundai Accent 1.4 AT 2018,379000000.0,13/09/2025,2018,Máy xăng,Sedan,Xe cũ,66261,Số tự động,Trong nước,Đà Nẵng,https://oto.com.vn/mua-ban-xe-hyundai-accent-da-nang/xe-dep-net-cang-xe-cua-gia-dinh-khong-taxi-dich-vu-khong-dam-dung-ngap-nuoc-aidxc23365261
23369688,Hyundai Accent 2012,240000000.0,24/09/2025,2012,Máy xăng,Sedan,Xe cũ,N/A,Số tự động,Nhập khẩu,Gia Lai,https://oto.com.vn/mua-ban-xe-hyundai-accent-gia-lai/2012-so-tu-dong-tai-aidxc23369688
23369937,Hyundai Accent 2021,430000000.0,25/09/2025,2021,Máy xăng,Sedan,Xe cũ,43000,Số tự động,N/A,Hà Nội,https://oto.com.vn/mua-ban-xe-hyundai-accent-ha-noi/2021-tai-aidxc23369937
23369181,Hyundai Accent 1.4 AT Đặc biệt 2022,420000000.0,23/09/2025,2022,Máy xăng,Sedan,Xe cũ,55000,Số tự động,Trong nước,Hà Nội,https://oto.com.vn/mua-ban-xe-hyundai-accent-ha-noi/2022-14-at-dac-biet-55000-km-aidxc23369181
23362071,Hyundai Accent 1.4 AT Đặc biệt 2022,439000000.0,05/09/2025,2022,Máy xăng,Sedan,Xe cũ,50000,Số tự động,Trong nước,Hà Nội,https://oto.com.vn/mua-ban-xe-hyundai-accent-ha-noi/ath-2022-aidxc23362071
23362288,Hyundai Accent 1.4 AT Đặc biệt 2022,435000000.0,05/09/2025,2022,Máy xăng,Sedan,Xe cũ,40000,Số tự động,Trong nước,Long Biên - Hà Nội,https://oto.com.vn/mua-ban-xe-hyundai-accent-ha-noi/ban-nhanh-1-em-gia-tot-xe-dep-aidxc23362288
23337023,Hyundai Accent 1.4 AT 2023,475000000.0,03/09/2025,2023,Máy xăng,Sedan,Xe cũ,13000,Số tự động,Trong nước,Cầu Giấy - Hà Nội,https://oto.com.vn/mua-ban-xe-hyundai-accent-ha-noi/bien-tinh-ten-tu-nhan-aidxc23337023
23371385,Hyundai Accent 1.4 AT Đặc biệt 2021,425000000.0,29/09/2025,2021,Máy xăng,Sedan,Xe cũ,44000,Số tự động,Trong nước,Thanh Xuân - Hà Nội,https://oto.com.vn/mua-ban-xe-hyundai-accent-ha-noi/chay-4v-km-zim-aidxc23371385
23343011,Hyundai Accent 1.4 AT Đặc biệt 2025,475000000.0,17/09/2025,2025,Máy xăng,Sedan,Xe cũ,12000,Số tự động,Trong nước,Sóc Sơn - Hà Nội,https://oto.com.vn/mua-ban-xe-hyundai-accent-ha-noi/chuan-12-van-zin-100-aidxc23343011
23361595,Hyundai Accent 1.4 AT Đặc biệt 2019,365000000.0,04/09/2025,2019,Máy xăng,Sedan,Xe cũ,60000,Số tự động,Trong nước,Đông Anh - Hà Nội,https://oto.com.vn/mua-ban-xe-hyundai-accent-ha-noi/gia-ban-365tr-aidxc23361595
23367257,Hyundai Accent 1.5 AT cao cấp 2024,519000000.0,17/09/2025,2024,Máy xăng,Sedan,Xe cũ,14000,Số tự động,Trong nước,Cầu Giấy - Hà Nội,https://oto.com.vn/mua-ban-xe-hyundai-accent-ha-noi/nhu-boc-hop-odo-chi-1-van-hon-ho-tro-bank-70-aidxc23367257
23370102,Hyundai Accent 1.5 AT cao cấp 2024,525000000.0,25/09/2025,2024,Máy xăng,Sedan,Xe cũ,14000,Số tự động,Trong nước,Cầu Giấy - Hà Nội,https://oto.com.vn/mua-ban-xe-hyundai-accent-ha-noi/sieu-moi-aidxc23370102
23369915,Hyundai Accent 1.4 AT 2023,475000000.0,24/09/2025,2023,Máy xăng,Sedan,Xe cũ,35000,Số tự động,Trong nước,Thanh Xuân - Hà Nội,https://oto.com.vn/mua-ban-xe-hyundai-accent-ha-noi/sieu-pham-moi-ve-moi-ace-bem-gia-aidxc23369915
23352422,Hyundai Accent 1.4 AT 2023,455000000.0,17/09/2025,2023,Máy xăng,Sedan,Xe cũ,70000,Số tự động,Trong nước,Thanh Xuân - Hà Nội,https://oto.com.vn/mua-ban-xe-hyundai-accent-ha-noi/ten-tu-nhan-1-chu-tu-moi-ful-lich-su-bao-duong-hang-aidxc23352422
23364620,Hyundai Accent 1.4 AT 2021,425000000.0,12/09/2025,2021,Máy xăng,Sedan,Xe cũ,46000,Số tự động,Trong nước,Cầu Giấy - Hà Nội,https://oto.com.vn/mua-ban-xe-hyundai-accent-ha-noi/xe-1-chu-mua-moi-full-lich-su-bao-duong-hang-aidxc23364620
23299086,Hyundai Accent 1.4 MT Tiêu chuẩn 2021,310000000.0,03/09/2025,2021,Máy xăng,Sedan,Xe cũ,96000,Số sàn,Trong nước,Thường Tín - Hà Nội,https://oto.com.vn/mua-ban-xe-hyundai-accent-ha-noi/xe-dep-day-du-do-choi-aidxc23299086
23349335,Hyundai Accent 1.4 AT 2022,429000000.0,05/09/2025,2022,Máy xăng,Sedan,Xe cũ,50000,Số tự động,Trong nước,Hà Nội,https://oto.com.vn/mua-ban-xe-hyundai-accent-ha-noi/xe-sedan-gia-tot-chat-luong-nhu-moi-aidxc23349335
23371393,Hyundai Accent 1.4 AT 2022,420000000.0,29/09/2025,2022,Máy xăng,Sedan,Xe cũ,48000,Số tự động,Trong nước,Cầu Giấy - Hà Nội,https://oto.com.vn/mua-ban-xe-hyundai-accent-ha-noi/xe-tu-nhan-1-chu-mua-moi-tu-dau-aidxc23371393
23371449,Hyundai Accent 1.4 AT 2020,399000000.0,29/09/2025,2020,Máy xăng,Sedan,Xe cũ,70000,Số tự động,Trong nước,Cầu Giấy - Hà Nội,https://oto.com.vn/mua-ban-xe-hyundai-accent-ha-noi/xe-tu-nhan-1-chu-mua-moi-tu-dau-lop-theo-xe-aidxc23371449
23191029,Hyundai Accent 1.4 AT Đặc biệt 2018,365000000.0,01/10/2025,2018,Máy xăng,Sedan,Xe cũ,80000,Số tự động,Trong nước,An Lão - Hải Phòng,https://oto.com.vn/mua-ban-xe-hyundai-accent-hai-phong/14-at-dac-biet-2018-ath-2018-xe-gia-dinh-gia-re-aidxc23191029
23368239,Hyundai Accent 1.4 AT 2018,379000000.0,20/09/2025,2018,Máy xăng,Sedan,Xe cũ,94548,Số tự động,Trong nước,An Lão - Hải Phòng,https://oto.com.vn/mua-ban-xe-hyundai-accent-hai-phong/tra-gop-nhan-xe-chi-170-trieu-noi-that-con-nguyen-ban-aidxc23368239
23314067,Hyundai Accent 1.4 AT 2012,238000000.0,25/09/2025,2012,Máy xăng,N/A,Xe cũ,120000,Số tự động,Nhập khẩu,An Lão - Hải Phòng,https://oto.com.vn/mua-ban-xe-hyundai-accent-hai-phong/xe-nhap-han-quoc-dep-gia-tot-thuong-luong-aidxc23314067
23358467,Hyundai Accent 1.4 AT 2018,365000000.0,29/09/2025,2018,Máy xăng,Sedan,Xe cũ,100000,Số tự động,Trong nước,An Lão - Hải Phòng,https://oto.com.vn/mua-ban-xe-hyundai-accent-hai-phong/xe-tu-nhan-1-chu-tu-moi-chi-hon-300-trieu-aidxc23358467
23372495,Hyundai Accent 1.4 AT Tiêu chuẩn 2020,376000000.0,02/10/2025,2020,Máy xăng,Sedan,Xe cũ,30700,Số tự động,Trong nước,Tp.HCM,https://oto.com.vn/mua-ban-xe-hyundai-accent-hcm/2020-14at-30700-km-gia-376-trieu-aidxc23372495
23369567,Hyundai Accent 1.4 AT Đặc biệt 2020,345000000.0,24/09/2025,2020,Máy xăng,Sedan,Xe cũ,65000,Số tự động,Trong nước,Tp.HCM,https://oto.com.vn/mua-ban-xe-hyundai-accent-hcm/2020-14at-65000-km-aidxc23369567
23371624,Hyundai Accent 1.4 AT 2022,350000000.0,30/09/2025,2022,Máy xăng,Sedan,Xe cũ,175000,Số tự động,Nhập khẩu,Tp.HCM,https://oto.com.vn/mua-ban-xe-hyundai-accent-hcm/2022-14-at-175000-km-aidxc23371624
23371274,Hyundai Accent 1.4 AT Đặc biệt 2021,419000000.0,29/09/2025,2021,Máy xăng,Sedan,Xe cũ,49000,Số tự động,Trong nước,Hóc Môn - Tp.HCM,https://oto.com.vn/mua-ban-xe-hyundai-accent-hcm/50000km-aidxc23371274
23367797,Hyundai Accent 1.4 MT Tiêu chuẩn 2018,230000000.0,19/09/2025,2018,Máy xăng,Sedan,Xe cũ,200,Số sàn,Nhập khẩu,Quận 12 - Tp.HCM,https://oto.com.vn/mua-ban-xe-hyundai-accent-hcm/xe-san-xuat-2018-aidxc23367797
23369742,Hyundai Accent 1.4 MT Tiêu chuẩn 2022,325000000.0,24/09/2025,2022,Máy xăng,Sedan,Xe cũ,130000,Số sàn,Trong nước,Tân An - Long An,https://oto.com.vn/mua-ban-xe-hyundai-accent-long-an/cam-ket-dong-co-may-nguyen-ban-khong-dai-tu-ngap-nuoc-aidxc23369742
23368990,Hyundai Accent 2019,370000000.0,22/09/2025,2019,Máy xăng,Sedan,Xe cũ,90000,Số tự động,N/A,Nghệ An,https://oto.com.vn/mua-ban-xe-hyundai-accent-nghe-an/2019-tai-aidxc23368990
23345089,Hyundai Accent 1.4 AT 2018,345000000.0,21/09/2025,2018,Máy xăng,Sedan,Xe cũ,80,Số tự động,Trong nước,Đông Sơn - Thanh Hóa,https://oto.com.vn/mua-ban-xe-hyundai-accent-thanh-hoa/xe-dep-zin-aidxc23345089
23372452,Hyundai Accent 1.4 AT 2021,410000000.0,02/10/2025,2021,Máy xăng,Sedan,Xe cũ,510000,Số tự động,Nhập khẩu,Tiền Giang,https://oto.com.vn/mua-ban-xe-hyundai-accent-tien-giang/2021-14-at-510000-km-aidxc23372452
23365947,Hyundai Avante 1.6 MT 2016,218000000.0,15/09/2025,2016,Máy xăng,Sedan,Xe cũ,136000,Số sàn,Trong nước,Bình Dương,https://oto.com.vn/mua-ban-xe-hyundai-avante-binh-duong/2016-tu-nhan-dung-ky-aidxc23365947
23365886,Hyundai Avante 1.6 MT 2015,225000000.0,15/09/2025,2015,Máy xăng,Sedan,Xe cũ,140000,Số sàn,Trong nước,Đà Nẵng,https://oto.com.vn/mua-ban-xe-hyundai-avante-da-nang/2015-16-mt-140000-km-aidxc23365886
23340261,Hyundai Avante 1.6 MT 2014,220000000.0,22/09/2025,2014,Máy xăng,Sedan,Xe cũ,120000,Số sàn,Trong nước,Plei Ku - Gia Lai,https://oto.com.vn/mua-ban-xe-hyundai-avante-gia-lai/can-ban-gap-aidxc23340261
23354857,Hyundai Avante 2014,210000000.0,22/09/2025,2014,Máy xăng,Sedan,Xe cũ,140000,Số sàn,Trong nước,Plei Ku - Gia Lai,https://oto.com.vn/mua-ban-xe-hyundai-avante-gia-lai/can-ban-gap-aidxc23354857
23339870,Hyundai Avante 2014,220000000.0,22/09/2025,2014,Máy xăng,N/A,Xe cũ,120000,Số sàn,Trong nước,Plei Ku - Gia Lai,https://oto.com.vn/mua-ban-xe-hyundai-avante-gia-lai/gia-chi-220-trieu-can-ban-gap-aidxc23339870
23365721,Hyundai Avante 1.6 AT 2011,200000000.0,14/09/2025,2011,Máy xăng,Sedan,Xe cũ,120000,Số tự động,Nhập khẩu,Huyện Hồng Ngự - Gia Lai,https://oto.com.vn/mua-ban-xe-hyundai-avante-gia-lai/huyndai-sx-2011-16-at-120000-km-aidxc23365721
23368714,Hyundai Avante 1.6 AT 2011,210000000.0,21/09/2025,2011,Máy xăng,Sedan,Xe cũ,118481,Số tự động,Trong nước,Hà Nội,https://oto.com.vn/mua-ban-xe-hyundai-avante-ha-noi/2011-16-at-118481-km-aidxc23368714
23365133,Hyundai Avante 1.6 MT 2015,245000000.0,13/09/2025,2015,Máy xăng,Sedan,Xe cũ,N/A,Số sàn,Nhập khẩu,Hà Nội,https://oto.com.vn/mua-ban-xe-hyundai-avante-ha-noi/huyndai-2015-mt-16-xe-tu-nhan-chinh-chu-aidxc23365133
23365811,Hyundai Avante 1.6 MT 2013,180000000.0,17/09/2025,2013,Máy xăng,Sedan,Xe cũ,N/A,Số sàn,Trong nước,Sóc Sơn - Hà Nội,https://oto.com.vn/mua-ban-xe-hyundai-avante-ha-noi/so-san-tai-aidxc23365811
23365425,Hyundai Avante 1.6 MT 2012,205000000.0,13/09/2025,2012,Máy xăng,Sedan,Xe cũ,N/A,Số sàn,Nhập khẩu,Hải Dương,https://oto.com.vn/mua-ban-xe-hyundai-avante-hai-duong/16mt-aidxc23365425
23368608,Hyundai Avante 1.6 AT 2011,225000000.0,21/09/2025,2011,Máy xăng,Sedan,Xe cũ,124000,Số tự động,Nhập khẩu,Quận 12 - Tp.HCM,https://oto.com.vn/mua-ban-xe-hyundai-avante-hcm/2011-16-at-124000-km-aidxc23368608
23364580,Hyundai Avante 1.6 AT 2011,230000000.0,12/09/2025,2011,Máy xăng,Sedan,Xe cũ,50070,Số tự động,Nhập khẩu,Tp.HCM,https://oto.com.vn/mua-ban-xe-hyundai-avante-hcm/2011-16-at-50070-km-aidxc23364580
23370983,Hyundai Avante 1.6 MT 2013,210000000.0,27/09/2025,2013,Máy xăng,Sedan,Xe cũ,70000,Số sàn,Trong nước,Tp.HCM,https://oto.com.vn/mua-ban-xe-hyundai-avante-hcm/2013-16-mt-70000-km-aidxc23370983
23368490,Hyundai Avante 1.6 MT 2014,225000000.0,21/09/2025,2014,Máy xăng,Sedan,Xe cũ,125000,Số tự động,Nhập khẩu,Tp.HCM,https://oto.com.vn/mua-ban-xe-hyundai-avante-hcm/2014-tai-tp-aidxc23368490
23017693,Hyundai Avante 1.6 MT 2012,200000000.0,15/09/2025,2012,Máy xăng,Sedan,Xe cũ,130000,Số sàn,Trong nước,Đoan Hùng - Phú Thọ,https://oto.com.vn/mua-ban-xe-hyundai-avante-phu-tho/sedan-5-cho-gia-re-may-so-ngon-than-vo-chac-chan-aidxc23017693
23364598,Hyundai Click 2008,140000000.0,12/09/2025,2008,Máy xăng,Sedan,Xe cũ,200000,Số tự động,Nhập khẩu,Vĩnh Phúc,https://oto.com.vn/mua-ban-xe-hyundai-click-vinh-phuc/2008-14-at-200000-km-aidxc23364598
23365340,Hyundai County 2017,1300000000.0,13/09/2025,2017,Máy dầu,Minibus,Xe cũ,289964,Số sàn,Trong nước,Gia Lai,https://oto.com.vn/mua-ban-xe-hyundai-county-gia-lai/2017-289964-km-aidxc23365340
23369162,Hyundai County 2015,720000000.0,23/09/2025,2015,Máy dầu,Minibus,Xe cũ,1,Số sàn,Nhập khẩu,Hà Nội,https://oto.com.vn/mua-ban-xe-hyundai-county-ha-noi/xe-39l-than-dai-2015-720-trieu-aidxc23369162
23367621,Hyundai County 2009,280000000.0,18/09/2025,2009,Máy dầu,Minibus,Xe cũ,260000,Số sàn,Trong nước,Tp.HCM,https://oto.com.vn/mua-ban-xe-hyundai-county-hcm/2009-260000-km-aidxc23367621
23363601,Hyundai County 2015,680000000.0,09/09/2025,2015,Máy dầu,Minibus,Xe cũ,123051,Số sàn,Trong nước,Tp.HCM,https://oto.com.vn/mua-ban-xe-hyundai-county-hcm/2015-123051-km-aidxc23363601
23372532,Hyundai Creta 1.5L Cao cấp 2022,598000000.0,02/10/2025,2022,Máy xăng,Crossover,Xe cũ,34000,Số tự động,Nhập khẩu,Bình Dương,https://oto.com.vn/mua-ban-xe-hyundai-creta-binh-duong/15at-cao-cap-2022-34000km-zin-aidxc23372532
23372010,Hyundai Creta 1.5L Đặc biệt 2022,590000000.0,01/10/2025,2022,Máy xăng,SUV,Xe cũ,54000,Số tự động,Nhập khẩu,Dĩ An - Bình Dương,https://oto.com.vn/mua-ban-xe-hyundai-creta-binh-duong/2022-15-dac-biet-54000-km-aidxc23372010
23372066,Hyundai Creta 1.5L Cao cấp 2022,549000000.0,01/10/2025,2022,Máy xăng,SUV,Xe cũ,30000,Số tự động,Nhập khẩu,Cần Thơ,https://oto.com.vn/mua-ban-xe-hyundai-creta-can-tho/2022-cao-cap-1-chu-tu-dauxe-cuc-dep-aidxc23372066
23370996,Hyundai Creta 1.5L Đặc biệt 2022,565000000.0,27/09/2025,2022,Máy xăng,SUV,Xe cũ,41000,Số tự động,Nhập khẩu,Buôn Ma Thuột - Đắk Lắk,https://oto.com.vn/mua-ban-xe-hyundai-creta-dak-lak/2022-dac-biet-15-at-41000-km-aidxc23370996
23370762,Hyundai Creta 1.5L Đặc biệt 2022,580000000.0,27/09/2025,2022,Máy xăng,SUV,Xe cũ,30000,Số tự động,Nhập khẩu,Hà Nội,https://oto.com.vn/mua-ban-xe-hyundai-creta-ha-noi/2022-dac-biet-15-at-30000-km-aidxc23370762
23370999,Hyundai Creta 2022,520000000.0,27/09/2025,2022,Máy xăng,N/A,Xe cũ,N/A,Số tự động,N/A,Hà Nội,https://oto.com.vn/mua-ban-xe-hyundai-creta-ha-noi/2022-so-tu-dong-aidxc23370999
23370702,Hyundai Creta 2023,630000000.0,26/09/2025,2023,Máy xăng,SUV,Xe cũ,13000,Số tự động,Nhập khẩu,Hà Nội,https://oto.com.vn/mua-ban-xe-hyundai-creta-ha-noi/2023-tai-aidxc23370702
23363082,Hyundai Creta 1.5L Tiêu chuẩn 2022,540000000.0,07/09/2025,2022,Máy xăng,Crossover,Xe cũ,25000,Số tự động,Nhập khẩu,Hoàng Mai - Hà Nội,https://oto.com.vn/mua-ban-xe-hyundai-creta-ha-noi/can-ban-careta-2022-ban-tieu-chuan-aidxc23363082
23369841,Hyundai Creta 1.5L Cao cấp 2023,630000000.0,24/09/2025,2023,Máy xăng,SUV,Xe cũ,1,Số tự động,Nhập khẩu,Hà Nội,https://oto.com.vn/mua-ban-xe-hyundai-creta-ha-noi/cao-cap-15-at-2023-aidxc23369841
23368697,Hyundai Creta 1.5L Đặc biệt 2022,565000000.0,21/09/2025,2022,Máy xăng,SUV,Xe cũ,39000,Số tự động,Nhập khẩu,Ngô Quyền - Hải Phòng,https://oto.com.vn/mua-ban-xe-hyundai-creta-hai-phong/15l-dac-biet-2022-nhap-khau-aidxc23368697
23371903,Hyundai Creta 2022,525000000.0,01/10/2025,2022,Máy xăng,N/A,Xe cũ,56000,Số tự động,N/A,Hải Phòng,https://oto.com.vn/mua-ban-xe-hyundai-creta-hai-phong/2022-so-tu-dong-tai-aidxc23371903
23372468,Hyundai Creta 1.6 AT Xăng 2022,550000000.0,02/10/2025,2022,Máy xăng,SUV,Xe cũ,56000,Số tự động,Trong nước,Kiến An - Hải Phòng,https://oto.com.vn/mua-ban-xe-hyundai-creta-hai-phong/du-ho-so-sang-ten-ngay-aidxc23372468
23370165,Hyundai Creta 1.5L Đặc biệt 2023,600000000.0,25/09/2025,2023,Máy xăng,SUV,Xe cũ,26856,Số tự động,Trong nước,Tp.HCM,https://oto.com.vn/mua-ban-xe-hyundai-creta-hcm/2023-dac-biet-15-at-26856-km-aidxc23370165
23371871,Hyundai Creta 1.5L Đặc biệt 2023,588000000.0,30/09/2025,2023,Máy xăng,SUV,Xe cũ,27000,Số tự động,Trong nước,Thủ Đức - Tp.HCM,https://oto.com.vn/mua-ban-xe-hyundai-creta-hcm/2023-dac-biet-15-at-27000-km-aidxc23371871
23369756,Hyundai Creta 2023,605000000.0,24/09/2025,2023,Máy xăng,SUV,Xe cũ,14000,Số tự động,Nhập khẩu,Tp.HCM,https://oto.com.vn/mua-ban-xe-hyundai-creta-hcm/2023-tai-tp-aidxc23369756
23367253,Hyundai Custin 2023,705000000.0,17/09/2025,2023,Máy xăng,N/A,Xe cũ,N/A,Số tự động,N/A,Cà Mau,https://oto.com.vn/mua-ban-xe-hyundai-custin-ca-mau/2023-tai-aidxc23367253
23363767,Hyundai Custin 2.0T-GDi Cao cấp 2023,845000000.0,10/09/2025,2023,Máy xăng,MPV,Xe cũ,22200,Số tự động,Trong nước,Hà Nội,https://oto.com.vn/mua-ban-xe-hyundai-custin-ha-noi/2023-20-cao-cap-mau-den-22200-km-aidxc23363767
23368129,Hyundai Custin 2024,900000000.0,20/09/2025,2024,Máy xăng,N/A,Xe cũ,24000,Số tự động,N/A,Hà Nội,https://oto.com.vn/mua-ban-xe-hyundai-custin-ha-noi/2024-aidxc23368129
23362740,Hyundai Custin 1.5T-GDi Đặc biệt 2024,865000000.0,06/09/2025,2024,Máy xăng,MPV,Xe cũ,22222,Số tự động,Nhập khẩu,Hà Tĩnh,https://oto.com.vn/mua-ban-xe-hyundai-custin-ha-tinh/15-turbo-aidxc23362740
23364224,Hyundai Custin 1.5T-GDi Đặc biệt 2024,879000000.0,11/09/2025,2024,Máy xăng,MPV,Xe cũ,4139,Số tự động,Trong nước,Tp.HCM,https://oto.com.vn/mua-ban-xe-hyundai-custin-hcm/15t-dacbiet-sx-82024-odo-4139-km-aidxc23364224
23367330,Hyundai Custin 1.5T-GDi Đặc biệt 2023,835000000.0,18/09/2025,2023,Máy xăng,MPV,Xe cũ,19000,Số tự động,Nhập khẩu,Tp.HCM,https://oto.com.vn/mua-ban-xe-hyundai-custin-hcm/2023-15-dac-biet-19000-km-aidxc23367330
23364588,Hyundai Custin 2.0T-GDi Cao cấp 2023,859000000.0,12/09/2025,2023,Máy xăng,MPV,Xe cũ,21000,Số tự động,Trong nước,Tp.HCM,https://oto.com.vn/mua-ban-xe-hyundai-custin-hcm/2023-cao-cap-20tmau-trang21000km-aidxc23364588
23365285,Hyundai Custin 1.5T-GDi Tiêu chuẩn 2024,790000000.0,13/09/2025,2024,Máy xăng,MPV,Xe cũ,11000,Số tự động,Trong nước,Tp.HCM,https://oto.com.vn/mua-ban-xe-hyundai-custin-hcm/2024-11000-km-aidxc23365285
23362102,Hyundai Custin 2.0T-GDi Cao cấp 2024,915000000.0,05/09/2025,2024,Máy xăng,MPV,Xe cũ,12000,Số tự động,Trong nước,Tp.HCM,https://oto.com.vn/mua-ban-xe-hyundai-custin-hcm/2024-cao-cap-20t-12000-km-aidxc23362102
23364519,Hyundai Custin 2.0T-GDi Cao cấp 2024,910000000.0,11/09/2025,2024,Máy xăng,MPV,Xe cũ,19000,Số tự động,Nhập khẩu,Tp.HCM,https://oto.com.vn/mua-ban-xe-hyundai-custin-hcm/2024-cao-cap-20t-19000-km-aidxc23364519
23366565,Hyundai Custin 2.0T-GDi Cao cấp 2024,899000000.0,16/09/2025,2024,Máy xăng,MPV,Xe cũ,9300,Số tự động,Trong nước,Tp.HCM,https://oto.com.vn/mua-ban-xe-hyundai-custin-hcm/2024-cao-cap-20t-9300-km-aidxc23366565
23361930,Hyundai Custin 2024,919000000.0,05/09/2025,2024,Máy xăng,N/A,Xe cũ,24000,Số tự động,N/A,Tp.HCM,https://oto.com.vn/mua-ban-xe-hyundai-custin-hcm/2024-tai-tp-aidxc23361930
23367516,Hyundai Custin 2.0T-GDi Cao cấp 2024,919000000.0,18/09/2025,2024,Máy xăng,SUV,Xe cũ,24000,Số tự động,Trong nước,Bình Tân - Tp.HCM,https://oto.com.vn/mua-ban-xe-hyundai-custin-hcm/odo-24000km-aidxc23367516
23349349,Hyundai Custin 2.0T-GDi Cao cấp 2024,909000000.0,03/09/2025,2024,Máy xăng,MPV,Xe cũ,20000,Số tự động,Trong nước,Tân An - Long An,https://oto.com.vn/mua-ban-xe-hyundai-custin-long-an/xe-dep-trang-bi-full-option-gia-tot-thuong-luong-aidxc23349349
23367185,Hyundai Custin 2.0T-GDi Cao cấp 2023,795000000.0,17/09/2025,2023,Máy xăng,MPV,Xe cũ,1,Số tự động,Nhập khẩu,Tiền Giang,https://oto.com.vn/mua-ban-xe-hyundai-custin-tien-giang/cao-cap-20t-2023-aidxc23367185
23370359,Hyundai Elantra Sport 1.6 2019,465000000.0,26/09/2025,2019,Máy xăng,Sedan,Xe cũ,67451,Số tự động,Trong nước,Bà Rịa Vũng Tàu,https://oto.com.vn/mua-ban-xe-hyundai-elantra-ba-ria-vung-tau/2019-sport-16-at-tubro-aidxc23370359
23281037,Hyundai Elantra 1.6 AT Đặc biệt 2021,510000000.0,15/09/2025,2021,Máy xăng,Sedan,Xe cũ,27000,Số tự động,Trong nước,Thuận An - Bình Dương,https://oto.com.vn/mua-ban-xe-hyundai-elantra-binh-duong/gia-510-tr-aidxc23281037
23334987,Hyundai Elantra 1.6 AT Đặc biệt 2023,539000000.0,16/09/2025,2023,Máy xăng,Sedan,Xe cũ,39000,Số tự động,Trong nước,Dĩ An - Bình Dương,https://oto.com.vn/mua-ban-xe-hyundai-elantra-binh-duong/xe-gia-dinh-tiet-kiem-nhien-lieu-aidxc23334987
23371899,Hyundai Elantra 1.6 AT 2016,370000000.0,01/10/2025,2016,Máy xăng,Sedan,Xe cũ,72985,Số tự động,Nhập khẩu,Hà Nội,https://oto.com.vn/mua-ban-xe-hyundai-elantra-ha-noi/2016-16-at-72985-km-aidxc23371899
23369977,Hyundai Elantra 2.0 AT 2020,505000000.0,25/09/2025,2020,Máy xăng,Sedan,Xe cũ,50000,Số tự động,Nhập khẩu,Hà Nội,https://oto.com.vn/mua-ban-xe-hyundai-elantra-ha-noi/2020-20-at-50000-km-aidxc23369977
23345471,Hyundai Elantra Sport 1.6 2020,509000000.0,03/09/2025,2020,Máy xăng,Sedan,Xe cũ,61000,Số tự động,Trong nước,Cầu Giấy - Hà Nội,https://oto.com.vn/mua-ban-xe-hyundai-elantra-ha-noi/bien-tinh-ten-tu-nhan-chay-chuan-61v-aidxc23345471
23368916,Hyundai Elantra 2.0 AT 2021,490000000.0,22/09/2025,2021,Máy xăng,Sedan,Xe cũ,40000,Số tự động,Trong nước,Thanh Xuân - Hà Nội,https://oto.com.vn/mua-ban-xe-hyundai-elantra-ha-noi/odo-4v-km-zin-bao-duong-dinh-ky-aidxc23368916
23337025,Hyundai Elantra 2022,499000000.0,03/09/2025,2022,Máy xăng,Sedan,Xe cũ,43000,Số tự động,Trong nước,Cầu Giấy - Hà Nội,https://oto.com.vn/mua-ban-xe-hyundai-elantra-ha-noi/ten-tu-nhan-chay-chuan-43v-aidxc23337025
23371821,Hyundai Elantra 1.6 AT Đặc biệt 2023,585000000.0,30/09/2025,2023,Máy xăng,Sedan,Xe cũ,16000,Số tự động,Trong nước,Thanh Xuân - Hà Nội,https://oto.com.vn/mua-ban-xe-hyundai-elantra-ha-noi/xe-dep-ho-tro-check-test-theo-yeu-cau-aidxc23371821
23363148,Hyundai Elantra 1.8 MT 2019,340000000.0,08/09/2025,2019,Máy xăng,Sedan,Xe cũ,68888,Số sàn,Trong nước,Hải Phòng,https://oto.com.vn/mua-ban-xe-hyundai-elantra-hai-phong/2019-mt-xe-gia-dinh-aidxc23363148
23348111,Hyundai Elantra 1.8 MT 2020,388000000.0,03/09/2025,2020,Máy xăng,Sedan,Xe cũ,66000,Số sàn,Trong nước,An Lão - Hải Phòng,https://oto.com.vn/mua-ban-xe-hyundai-elantra-hai-phong/gia-dinh-ban-xe-dep-giu-gin-aidxc23348111
23326667,Hyundai Elantra 2014,318000000.0,25/09/2025,2014,Máy xăng,Sedan,Xe cũ,80000,Số tự động,Nhập khẩu,An Lão - Hải Phòng,https://oto.com.vn/mua-ban-xe-hyundai-elantra-hai-phong/nhap-cu-hai-duong-aidxc23326667
23369649,Hyundai Elantra 2019,379000000.0,24/09/2025,2019,Máy xăng,Sedan,Xe cũ,80000,Số sàn,Trong nước,An Lão - Hải Phòng,https://oto.com.vn/mua-ban-xe-hyundai-elantra-hai-phong/xe-phom-2020-1-chu-tu-moi-aidxc23369649
23372457,Hyundai Elantra 1.6 AT Đặc biệt 2023,585000000.0,02/10/2025,2023,Máy xăng,Sedan,Xe cũ,37000,Số tự động,Trong nước,Tân Phú - Tp.HCM,https://oto.com.vn/mua-ban-xe-hyundai-elantra-hcm/2023-16-at-dac-biet-xe-gia-dinh-aidxc23372457
23367834,Hyundai Elantra 1.6 AT Đặc biệt 2022,495000000.0,19/09/2025,2022,Máy xăng,Sedan,Xe cũ,65000,Số tự động,Trong nước,Hóc Môn - Tp.HCM,https://oto.com.vn/mua-ban-xe-hyundai-elantra-hcm/xe-con-moi-aidxc23367834
23370125,Hyundai Elantra 2016,300000000.0,25/09/2025,2016,Máy xăng,Sedan,Xe cũ,87000,Số tự động,Nhập khẩu,Long An,https://oto.com.vn/mua-ban-xe-hyundai-elantra-long-an/2016-87000-km-aidxc23370125
23369807,Hyundai Elantra 1.6 AT Đặc biệt 2023,585000000.0,24/09/2025,2023,Máy xăng,Sedan,Xe cũ,16000,Số tự động,Trong nước,Việt Trì - Phú Thọ,https://oto.com.vn/mua-ban-xe-hyundai-elantra-phu-tho/mot-chu-tu-moi-chuan-km-di-aidxc23369807
23372437,Hyundai Elantra 1.8 AT 2014,268000000.0,02/10/2025,2014,Máy xăng,Sedan,Xe cũ,N/A,Số tự động,Trong nước,Phú Thọ,https://oto.com.vn/mua-ban-xe-hyundai-elantra-phu-tho/so-tu-dong-tai-aidxc23372437
23364824,Hyundai Eon 2013,135000000.0,12/09/2025,2013,Máy xăng,Hatchback,Xe cũ,95000,Số sàn,Nhập khẩu,Bình Dương,https://oto.com.vn/mua-ban-xe-hyundai-eon-binh-duong/2013-08-mt-aidxc23364824
23364683,Hyundai Eon 2011,105000000.0,12/09/2025,2011,Máy xăng,Hatchback,Xe cũ,75000,Số sàn,Nhập khẩu,Khánh Hòa,https://oto.com.vn/mua-ban-xe-hyundai-eon-khanh-hoa/2011-75000-km-aidxc23364683
23360909,Hyundai Galloper 2003,55000000.0,01/09/2025,2003,Máy dầu,Bán tải,Xe cũ,185000,Số tự động,Nhập khẩu,Hải Châu - Đà Nẵng,https://oto.com.vn/mua-ban-xe-hyundai-galloper-da-nang/huydai-may-dau-tu-dong-2-cau-xe-dep-aidxc23360909
22963009,Hyundai Genesis 2.0T AT 2010,390000000.0,24/03/2025,2010,Máy xăng,Coupe,Xe cũ,80000,Số tự động,Trong nước,Thuận An - Bình Dương,https://oto.com.vn/mua-ban-xe-hyundai-genesis-binh-duong/dang-ky-2011-xe-sieu-dep-sieu-xin-aidxc22963009
23320433,Hyundai Genesis 2.0T AT 2010,390000000.0,12/05/2025,2010,Máy xăng,Coupe,Xe cũ,80000,Số tự động,Trong nước,Thuận An - Bình Dương,https://oto.com.vn/mua-ban-xe-hyundai-genesis-binh-duong/dang-ky-2011-xe-sieu-dep-sieu-xin-aidxc23320433
23092455,Hyundai Genesis 2010,350000000.0,15/09/2025,2010,Máy xăng,Sedan,Xe cũ,98000,Số tự động,Trong nước,Thuận An - Bình Dương,https://oto.com.vn/mua-ban-xe-hyundai-genesis-binh-duong/odo-8-van-aidxc23092455
23318287,Hyundai Genesis 3.8 V6 2010,368000000.0,10/06/2025,2010,Máy xăng,Sedan,Xe cũ,123000,Số tự động,Nhập khẩu,Nam Từ Liêm - Hà Nội,https://oto.com.vn/mua-ban-xe-hyundai-genesis-ha-noi/38-hang-cuc-hiem-aidxc23318287
23356317,Hyundai Genesis 2.0T AT 2011,355000000.0,21/08/2025,2011,Máy xăng,Coupe,Xe cũ,120000,Số tự động,Nhập khẩu,Tp.HCM,https://oto.com.vn/mua-ban-xe-hyundai-genesis-hcm/sieu-xe-the-thao-2-cua-day-cuon-hut-aidxc23356317
23364277,Hyundai Getz 1.1 MT 2009,80000000.0,11/09/2025,2009,Máy xăng,Crossover,Xe cũ,40,Số sàn,Nhập khẩu,Tân Yên - Bắc Giang,https://oto.com.vn/mua-ban-xe-hyundai-getz-bac-giang/ban-xe-2009-gia-80trieu-aidxc23364277
23293948,Hyundai Getz 2009,190000000.0,07/03/2025,2009,Máy xăng,Hatchback,Xe cũ,57000,Số sàn,Trong nước,Thuận Thành - Bắc Ninh,https://oto.com.vn/mua-ban-xe-hyundai-getz-bac-ninh/xe-tu-nhan-1-chu-tu-dau-zin-det-aidxc23293948
23365164,Hyundai Getz 1.1 MT 2010,128000000.0,13/09/2025,2010,Máy xăng,Hatchback,Xe cũ,1,Số sàn,Nhập khẩu,Đắk Lắk,https://oto.com.vn/mua-ban-xe-hyundai-getz-dak-lak/11-mt-2010-aidxc23365164
23363548,Hyundai Getz 1.4 AT 2009,105000000.0,09/09/2025,2009,Máy xăng,Hatchback,Xe cũ,120,Số tự động,Nhập khẩu,Gia Lai,https://oto.com.vn/mua-ban-xe-hyundai-getz-gia-lai/2009-14-at-120-km-aidxc23363548
23371148,Hyundai Getz 1.1 MT 2010,115000000.0,28/09/2025,2010,Máy xăng,Hatchback,Xe cũ,120000,Số sàn,Nhập khẩu,Gia Lai,https://oto.com.vn/mua-ban-xe-hyundai-getz-gia-lai/2010-11-mt-120000-km-aidxc23371148
23365167,Hyundai Getz 1.1 MT 2009,120000000.0,13/09/2025,2009,Máy xăng,Hatchback,Xe cũ,123,Số sàn,Nhập khẩu,Hà Nội,https://oto.com.vn/mua-ban-xe-hyundai-getz-ha-noi/2009-11-mt-123-km-aidxc23365167
23364157,Hyundai Getz 1.1 MT 2010,133000000.0,11/09/2025,2010,Máy xăng,Hatchback,Xe cũ,130000,Số sàn,Nhập khẩu,Phú Xuyên - Hà Nội,https://oto.com.vn/mua-ban-xe-hyundai-getz-ha-noi/2010-11-mt-gia-dinh-em-len-doi-moi-aidxc23364157
23312428,Hyundai Getz 2009,85000000.0,15/04/2025,2009,Máy xăng,Hatchback,Xe cũ,20000,Số sàn,Trong nước,Nghệ An,https://oto.com.vn/mua-ban-xe-hyundai-getz-nghe-an/xe-khong-dam-dung-k-ngap-nuoc-aidxc23312428
23371931,Hyundai Getz 2008,120000000.0,01/10/2025,2008,Máy xăng,Hatchback,Xe cũ,N/A,Số sàn,N/A,Thái Bình,https://oto.com.vn/mua-ban-xe-hyundai-getz-thai-binh/2008-so-san-tai-aidxc23371931
23364044,Hyundai Getz 1.1 MT 2010,135000000.0,11/09/2025,2010,Máy xăng,Sedan,Xe cũ,90000,Số sàn,Nhập khẩu,Tiền Giang,https://oto.com.vn/mua-ban-xe-hyundai-getz-tien-giang/2010-11-mt-90000-km-aidxc23364044
23369726,Hyundai Grand i10 Hatchback 1.2 AT 2018,289000000.0,24/09/2025,2018,Máy xăng,Hatchback,Xe cũ,65000,Số tự động,Trong nước,Từ Sơn - Bắc Ninh,https://oto.com.vn/mua-ban-xe-hyundai-grand-i10-bac-ninh/lan-banh-65000km-aidxc23369726
23359093,Hyundai Grand i10 Hatchback 1.2 AT 2010,185000000.0,27/09/2025,2010,Máy xăng,Hatchback,Xe cũ,140,Số tự động,Trong nước,Quy Nhơn - Bình Định,https://oto.com.vn/mua-ban-xe-hyundai-grand-i10-binh-dinh/moi-bao-duong-aidxc23359093
23339742,Hyundai Grand i10 Sedan 1.2 MT 2018,219000000.0,16/09/2025,2018,Máy xăng,Sedan,Xe cũ,81000,Số sàn,Trong nước,Dĩ An - Bình Dương,https://oto.com.vn/mua-ban-xe-hyundai-grand-i10-binh-duong/xe-sedan-gia-re-chat-luong-dam-bao-aidxc23339742
23371973,Hyundai Grand i10 1.0 AT 2014,135000000.0,01/10/2025,2014,Máy xăng,Hatchback,Xe cũ,100000,Số sàn,Trong nước,Đà Nẵng,https://oto.com.vn/mua-ban-xe-hyundai-grand-i10-da-nang/2014-10-base-100000-km-aidxc23371973
23372461,Hyundai Grand i10 Hatchback 1.2 MT Base 2017,179000000.0,02/10/2025,2017,Máy xăng,Hatchback,Xe cũ,155000,Số sàn,Trong nước,Buôn Ma Thuột - Đắk Lắk,https://oto.com.vn/mua-ban-xe-hyundai-grand-i10-dak-lak/2017-grand-12-mt-base-aidxc23372461
23369268,Hyundai Grand i10 Sedan 1.2 MT 2019,195000000.0,23/09/2025,2019,Máy xăng,Sedan,Xe cũ,60000,Số sàn,Trong nước,Krông Ana - Đắk Lắk,https://oto.com.vn/mua-ban-xe-hyundai-grand-i10-dak-lak/2019-grand-12-mt-60000-km-aidxc23369268
23369847,Hyundai Grand i10 1.2 AT 2021,340000000.0,24/09/2025,2021,Máy xăng,Hatchback,Xe cũ,30000,Số tự động,Trong nước,Đắk Lắk,https://oto.com.vn/mua-ban-xe-hyundai-grand-i10-dak-lak/2021-grand-12-at-30000-km-aidxc23369847
23372511,Hyundai Grand i10 2015,163000000.0,02/10/2025,2015,Máy xăng,Hatchback,Xe cũ,140000,Số sàn,Nhập khẩu,Biên Hòa - Đồng Nai,https://oto.com.vn/mua-ban-xe-hyundai-grand-i10-dong-nai/2015-grand-10-mt-140000-km-aidxc23372511
23371230,Hyundai Grand i10 2014,115000000.0,28/09/2025,2014,Máy xăng,Hatchback,Xe cũ,319000,Số sàn,Nhập khẩu,Đông Anh - Hà Nội,https://oto.com.vn/mua-ban-xe-hyundai-grand-i10-ha-noi/2014-grand-10-mt-base-319k-km-aidxc23371230
23370905,Hyundai Grand i10 1.0 AT 2015,128600000.0,27/09/2025,2015,Máy xăng,Hatchback,Xe cũ,90000,Số tự động,Nhập khẩu,Hà Đông - Hà Nội,https://oto.com.vn/mua-ban-xe-hyundai-grand-i10-ha-noi/2015-10-mt-90000-km-aidxc23370905
23372489,Hyundai Grand i10 Sedan 1.2 MT 2018,215000000.0,02/10/2025,2018,Máy xăng,Sedan,Xe cũ,82000,Số sàn,Trong nước,Hà Nội,https://oto.com.vn/mua-ban-xe-hyundai-grand-i10-ha-noi/2018-grand-12-mt-82000-km-aidxc23372489
23370804,Hyundai Grand i10 2015,125000000.0,27/09/2025,2015,Máy xăng,Sedan,Xe cũ,50000,Số sàn,Nhập khẩu,Hoàng Mai - Hà Nội,https://oto.com.vn/mua-ban-xe-hyundai-grand-i10-ha-noi/ban-xe-huynhdai-may-em-con-tot-aidxc23370804
23372484,Hyundai Grand i10 Hatchback 1.2 AT 2019,320000000.0,02/10/2025,2019,Máy xăng,Hatchback,Xe cũ,30000,Số tự động,Trong nước,Thanh Xuân - Hà Nội,https://oto.com.vn/mua-ban-xe-hyundai-grand-i10-ha-noi/chay-3v-km-zin-aidxc23372484
23368362,Hyundai Grand i10 Hatchback 1.2 AT 2021,360000000.0,20/09/2025,2021,Máy xăng,Hatchback,Xe cũ,30000,Số tự động,Trong nước,Quốc Oai - Hà Nội,https://oto.com.vn/mua-ban-xe-hyundai-grand-i10-ha-noi/dep-het-say-aidxc23368362
23365677,Hyundai Grand i10 Hatchback 1.2 AT 2019,315000000.0,14/09/2025,2019,Máy xăng,Hatchback,Xe cũ,30000,Số tự động,Trong nước,Quốc Oai - Hà Nội,https://oto.com.vn/mua-ban-xe-hyundai-grand-i10-ha-noi/dep-nhu-hoa-hau-aidxc23365677
23351435,Hyundai Grand i10 2019,325000000.0,09/09/2025,2019,Máy xăng,Hatchback,Xe cũ,58000,Số tự động,Trong nước,Cầu Giấy - Hà Nội,https://oto.com.vn/mua-ban-xe-hyundai-grand-i10-ha-noi/gia-ban-bao-ho-so-xe-aidxc23351435
23369909,Hyundai Grand i10 Hatchback 1.2 AT 2020,289000000.0,24/09/2025,2020,Máy xăng,Hatchback,Xe cũ,80000,Số tự động,Trong nước,Hà Nội,https://oto.com.vn/mua-ban-xe-hyundai-grand-i10-ha-noi/gia-chi-hon-2-dong-aidxc23369909
23372312,Hyundai Grand i10 2014,112000000.0,02/10/2025,2014,Máy xăng,Hatchback,Xe cũ,N/A,Số tự động,Trong nước,Hà Nội,https://oto.com.vn/mua-ban-xe-hyundai-grand-i10-ha-noi/may-cuc-chat-aidxc23372312
23364007,Hyundai Grand i10 Hatchback 1.2 AT 2022,373000000.0,10/09/2025,2022,Máy xăng,Hatchback,Xe cũ,48000,Số tự động,Trong nước,Hoàng Mai - Hà Nội,https://oto.com.vn/mua-ban-xe-hyundai-grand-i10-ha-noi/salon-xin-duoc-chao-ban-chiec-xe-aidxc23364007
23355848,Hyundai Grand i10 Hatchback 1.2 AT 2023,385000000.0,20/09/2025,2023,Máy xăng,Hatchback,Xe cũ,20000,Số tự động,Trong nước,Sóc Sơn - Hà Nội,https://oto.com.vn/mua-ban-xe-hyundai-grand-i10-ha-noi/tu-nhan-1-chu-mua-moi-aidxc23355848
23366417,Hyundai Grand i10 2019,315000000.0,16/09/2025,2019,Máy xăng,Hatchback,Xe cũ,56000,Số tự động,Trong nước,Cầu Giấy - Hà Nội,https://oto.com.vn/mua-ban-xe-hyundai-grand-i10-ha-noi/xe-1-chu-tu-moi-aidxc23366417
23358331,Hyundai Grand i10 Sedan 1.2 AT 2019,309000000.0,25/09/2025,2019,Máy xăng,Sedan,Xe cũ,65000,Số tự động,Trong nước,Tây Hồ - Hà Nội,https://oto.com.vn/mua-ban-xe-hyundai-grand-i10-ha-noi/xe-chat-gia-tot-aidxc23358331
23371823,Hyundai Grand i10 Hatchback 1.2 AT 2024,400000000.0,30/09/2025,2024,Máy xăng,Hatchback,Xe cũ,20000,Số tự động,Trong nước,Thanh Xuân - Hà Nội,https://oto.com.vn/mua-ban-xe-hyundai-grand-i10-ha-noi/xe-dep-1-chu-tu-moi-aidxc23371823
23343880,Hyundai Grand i10 2014,126000000.0,21/09/2025,2014,Máy xăng,Hatchback,Xe cũ,78000,Số sàn,Nhập khẩu,Hà Tĩnh - Hà Tĩnh,https://oto.com.vn/mua-ban-xe-hyundai-grand-i10-ha-tinh/cam-ket-xe-dep-aidxc23343880
23353910,Hyundai Grand i10 2014,118000000.0,21/09/2025,2014,Máy xăng,Hatchback,Xe cũ,101000,Số sàn,Nhập khẩu,Hà Tĩnh - Hà Tĩnh,https://oto.com.vn/mua-ban-xe-hyundai-grand-i10-ha-tinh/tu-nhan-sieu-dep-aidxc23353910
23370583,Hyundai Grand i10 2014,145000000.0,26/09/2025,2014,Máy xăng,Hatchback,Xe cũ,89000,Số sàn,Nhập khẩu,Can Lộc - Hà Tĩnh,https://oto.com.vn/mua-ban-xe-hyundai-grand-i10-ha-tinh/xe-nhap-ban-du-aidxc23370583
23368238,Hyundai Grand i10 1.0 AT 2015,238000000.0,20/09/2025,2015,Máy xăng,Hatchback,Xe cũ,120840,Số tự động,Nhập khẩu,An Lão - Hải Phòng,https://oto.com.vn/mua-ban-xe-hyundai-grand-i10-hai-phong/xe-nhap-khau-gia-tot-sang-ten-ngay-aidxc23368238
23368237,Hyundai Grand i10 Sedan 1.2 AT 2017,295000000.0,20/09/2025,2017,Máy xăng,Sedan,Xe cũ,60243,Số tự động,Trong nước,An Lão - Hải Phòng,https://oto.com.vn/mua-ban-xe-hyundai-grand-i10-hai-phong/xe-phom-moi-dep-chat-khoi-ban-aidxc23368237
23368970,Hyundai Grand i10 Hatchback 1.2 MT Base 2016,145000000.0,22/09/2025,2016,Máy xăng,Hatchback,Xe cũ,140000,Số sàn,Nhập khẩu,Tp.HCM,https://oto.com.vn/mua-ban-xe-hyundai-grand-i10-hcm/2016-grand-12-mt-base-140000-aidxc23368970
23372506,Hyundai Grand i10 Hatchback 1.2 MT Base 2019,220000000.0,02/10/2025,2019,Máy xăng,Hatchback,Xe cũ,150000,Số sàn,Trong nước,Tp.HCM,https://oto.com.vn/mua-ban-xe-hyundai-grand-i10-hcm/2019-12-ban-fun-150000-km-aidxc23372506
23367385,Hyundai Grand i10 Sedan 1.2 AT 2017,200000000.0,18/09/2025,2017,Máy xăng,Sedan,Xe cũ,240000,Số sàn,Trong nước,Hóc Môn - Tp.HCM,https://oto.com.vn/mua-ban-xe-hyundai-grand-i10-hcm/tra-du-or-gop-2017-gia-tot-aidxc23367385
23371042,Hyundai Grand i10 Hatchback 1.2 AT 2020,345000000.0,27/09/2025,2020,Máy xăng,Hatchback,Xe cũ,33000,Số tự động,Trong nước,Quận 6 - Tp.HCM,https://oto.com.vn/mua-ban-xe-hyundai-grand-i10-hcm/tu-dong-2020-33000km-so-cua-chua-ha-aidxc23371042
23370338,Hyundai Grand i10 Sedan 1.2 AT 2019,305000000.0,26/09/2025,2019,Máy xăng,Hatchback,Xe cũ,70000,Số tự động,Trong nước,Quận 6 - Tp.HCM,https://oto.com.vn/mua-ban-xe-hyundai-grand-i10-hcm/xe-nho-it-xang-gia-re-2019-dang-giam-soc-aidxc23370338
23371041,Hyundai Grand i10 Sedan 1.2 MT 2016,159000000.0,27/09/2025,2016,Máy xăng,Sedan,Xe cũ,150000,Số sàn,Nhập khẩu,Khoái Châu - Hưng Yên,https://oto.com.vn/mua-ban-xe-hyundai-grand-i10-hung-yen/ban-base-nhap-khau-xe-dai-chat-khong-loi-nho-may-so-keo-chi-than-vo-zin-n-aidxc23371041
23371537,Hyundai Grand i10 Sedan 1.2 MT 2016,159000000.0,29/09/2025,2016,Máy xăng,Sedan,Xe cũ,150000,Số sàn,Nhập khẩu,Khoái Châu - Hưng Yên,https://oto.com.vn/mua-ban-xe-hyundai-grand-i10-hung-yen/ban-base-nhap-khau-xe-dai-chat-khong-loi-nho-may-so-keo-chi-than-vo-zin-n-aidxc23371537
23371033,Hyundai Grand i10 Sedan 1.2 MT 2018,218000000.0,27/09/2025,2018,Máy xăng,Sedan,Xe cũ,120000,Số sàn,Trong nước,Khoái Châu - Hưng Yên,https://oto.com.vn/mua-ban-xe-hyundai-grand-i10-hung-yen/huyndai-sedan-12-mt-ban-du-doi-2018-xe-dai-chat-khong-loi-nho-may-so-keo-chi-than-vo-aidxc23371033
23371540,Hyundai Grand i10 Sedan 1.2 MT 2018,218000000.0,29/09/2025,2018,Máy xăng,Sedan,Xe cũ,120000,Số sàn,Trong nước,Khoái Châu - Hưng Yên,https://oto.com.vn/mua-ban-xe-hyundai-grand-i10-hung-yen/huyndai-sedan-12-mt-ban-du-doi-2018-xe-dai-chat-khong-loi-nho-may-so-keo-chi-than-vo-aidxc23371540
23372432,Hyundai Grand i10 Hatchback 1.2 MT Base 2010,175000000.0,02/10/2025,2010,Máy xăng,Hatchback,Xe cũ,99000,Số tự động,Nhập khẩu,Kiên Giang,https://oto.com.vn/mua-ban-xe-hyundai-grand-i10-kien-giang/2010-99000-km-aidxc23372432
23370563,Hyundai Grand i10 Sedan 1.2 AT 2019,310000000.0,26/09/2025,2019,Máy xăng,Sedan,Xe cũ,66000,Số tự động,Trong nước,Long An,https://oto.com.vn/mua-ban-xe-hyundai-grand-i10-long-an/2019-grand-12-at-66000-km-aidxc23370563
23369914,Hyundai Grand i10 Sedan 1.2 MT 2015,148000000.0,24/09/2025,2015,Máy xăng,Sedan,Xe cũ,130000,Số sàn,Nhập khẩu,Nam Định,https://oto.com.vn/mua-ban-xe-hyundai-grand-i10-nam-dinh/2015-sedan-12-mt-130000-km-aidxc23369914
23369233,Hyundai Grand i10 Sedan 1.2 MT 2020,300000000.0,23/09/2025,2020,Máy xăng,Sedan,Xe cũ,86000,Số sàn,Nhập khẩu,Nam Định,https://oto.com.vn/mua-ban-xe-hyundai-grand-i10-nam-dinh/2020-sedan-12-mt-86000-km-aidxc23369233
23343879,Hyundai Grand i10 2014,126000000.0,11/09/2025,2014,Máy xăng,Hatchback,Xe cũ,78000,Số sàn,Nhập khẩu,Vinh - Nghệ An,https://oto.com.vn/mua-ban-xe-hyundai-grand-i10-nghe-an/dep-tu-than-vo-toi-may-gam-aidxc23343879
23370587,Hyundai Grand i10 2014,145000000.0,26/09/2025,2014,Máy xăng,Hatchback,Xe cũ,89000,Số sàn,Nhập khẩu,Vinh - Nghệ An,https://oto.com.vn/mua-ban-xe-hyundai-grand-i10-nghe-an/khong-khoan-duc-sieu-dep-aidxc23370587
23370161,Hyundai Grand i10 2014,115000000.0,25/09/2025,2014,Máy xăng,Hatchback,Xe cũ,110000,Số sàn,Nhập khẩu,Vinh - Nghệ An,https://oto.com.vn/mua-ban-xe-hyundai-grand-i10-nghe-an/may-ngon-ban-re-aidxc23370161
23368659,Hyundai Grand i10 1.0 AT 2014,235000000.0,21/09/2025,2014,Máy xăng,Hatchback,Xe cũ,81000,Số tự động,Nhập khẩu,Vinh - Nghệ An,https://oto.com.vn/mua-ban-xe-hyundai-grand-i10-nghe-an/sieu-dep-aidxc23368659
23360172,Hyundai Grand i10 Hatchback 1.2 AT 2024,400000000.0,29/09/2025,2024,Máy xăng,Hatchback,Xe cũ,20000,Số tự động,Trong nước,Việt Trì - Phú Thọ,https://oto.com.vn/mua-ban-xe-hyundai-grand-i10-phu-tho/mot-chu-tu-moi-chuan-km-di-aidxc23360172
23336789,Hyundai Grand i10 Sedan 1.2 MT 2016,155000000.0,07/09/2025,2016,Máy xăng,Sedan,Xe cũ,200000,Số sàn,Nhập khẩu,Đoan Hùng - Phú Thọ,https://oto.com.vn/mua-ban-xe-hyundai-grand-i10-phu-tho/sedan-5-cho-gia-re-may-so-ngon-than-vo-chac-chan-aidxc23336789
23353826,Hyundai Grand i10 Sedan 1.2 AT 2021,348000000.0,15/09/2025,2021,Máy xăng,Sedan,Xe cũ,60000,Số tự động,Trong nước,Đoan Hùng - Phú Thọ,https://oto.com.vn/mua-ban-xe-hyundai-grand-i10-phu-tho/sedan-5-cho-so-tu-dong-noi-tieng-lanh-ben-tiet-kiem-aidxc23353826
23369851,Hyundai Grand i10 2015,239000000.0,24/09/2025,2015,Máy xăng,Hatchback,Xe cũ,100000,Số tự động,Nhập khẩu,Hạ Hòa - Phú Thọ,https://oto.com.vn/mua-ban-xe-hyundai-grand-i10-phu-tho/xe-nhap-khau-chat-luong-gia-tot-aidxc23369851
23372170,Hyundai Grand i10 Sedan 1.2 MT 2018,200000000.0,01/10/2025,2018,Máy xăng,Sedan,Xe cũ,120000,Số sàn,Trong nước,Quảng Ninh,https://oto.com.vn/mua-ban-xe-hyundai-grand-i10-quang-ninh/2018-12-mt-120000-km-aidxc23372170
23365378,Hyundai Grand Starex 2.5 MT 2010,280000000.0,13/09/2025,2010,Máy xăng,Van/Minivan,Xe cũ,15000,Số sàn,Nhập khẩu,Đông Anh - Hà Nội,https://oto.com.vn/mua-ban-xe-hyundai-grand-starex-ha-noi/2010-van-25-mt-15000-km-aidxc23365378
23368719,Hyundai Grand Starex 2013,315000000.0,21/09/2025,2013,Máy xăng,Van/Minivan,Xe cũ,180000,Số tự động,Nhập khẩu,Hà Nội,https://oto.com.vn/mua-ban-xe-hyundai-grand-starex-ha-noi/2013-aidxc23368719
23362994,Hyundai Grand Starex 2016,515000000.0,07/09/2025,2016,Máy xăng,N/A,Xe cũ,N/A,Số tự động,N/A,Hà Nội,https://oto.com.vn/mua-ban-xe-hyundai-grand-starex-ha-noi/2016-aidxc23362994
23362701,Hyundai Grand Starex 2.4 MT 2015,398000000.0,06/09/2025,2015,Máy xăng,Van/Minivan,Xe cũ,158707,Số sàn,Nhập khẩu,Hà Nội,https://oto.com.vn/mua-ban-xe-hyundai-grand-starex-ha-noi/24-mt-2015-aidxc23362701
23340178,Hyundai Grand Starex 2.4 MT 2017,555000000.0,13/09/2025,2017,Máy dầu,Van/Minivan,Xe cũ,130000,Số sàn,Nhập khẩu,Cầu Giấy - Hà Nội,https://oto.com.vn/mua-ban-xe-hyundai-grand-starex-ha-noi/24-mt-2017-aidxc23340178
23362690,Hyundai Grand Starex 2.5 MT 2016,480000000.0,06/09/2025,2016,Máy dầu,Van/Minivan,Xe cũ,158497,Số sàn,Nhập khẩu,Hà Nội,https://oto.com.vn/mua-ban-xe-hyundai-grand-starex-ha-noi/25-mt-2016-aidxc23362690
23308893,Hyundai Grand Starex 2.4 MT 2017,450000000.0,22/09/2025,2017,Máy dầu,Van/Minivan,Xe cũ,15000,Số sàn,Nhập khẩu,Đông Anh - Hà Nội,https://oto.com.vn/mua-ban-xe-hyundai-grand-starex-ha-noi/ban-starex-cuu-thuong-doi-2017-may-dau-mot-chu-tu-moi-aidxc23308893
23260138,Hyundai Grand Starex 2.4 MT 2011,300000000.0,20/09/2025,2011,Máy dầu,Van/Minivan,Xe cũ,10000,Số sàn,Nhập khẩu,Đông Anh - Hà Nội,https://oto.com.vn/mua-ban-xe-hyundai-grand-starex-ha-noi/ban-starex-tai-van-3-cho-doi-2011-may-dau-so-san-aidxc23260138
23299409,Hyundai Grand Starex 2.4 MT 2016,460000000.0,17/09/2025,2016,Máy dầu,Van/Minivan,Xe cũ,80000,Số sàn,Nhập khẩu,Đông Anh - Hà Nội,https://oto.com.vn/mua-ban-xe-hyundai-grand-starex-ha-noi/ban-starex-tai-van-6-cho-670kg-doi-2016-may-dau-aidxc23299409
23199633,Hyundai Grand Starex 2.5 MT 2019,1100000000.0,11/09/2025,2019,Máy dầu,N/A,Xe cũ,80000,Số sàn,Trong nước,Đông Anh - Hà Nội,https://oto.com.vn/mua-ban-xe-hyundai-grand-starex-ha-noi/ban-tracomeco-29-cho-than-rong-doi-2019-xe-dep-aidxc23199633
23366296,Hyundai Grand Starex 2.5 MT 2017,555000000.0,16/09/2025,2017,Máy dầu,Van/Minivan,Xe cũ,130000,Số sàn,Nhập khẩu,Cầu Giấy - Hà Nội,https://oto.com.vn/mua-ban-xe-hyundai-grand-starex-ha-noi/cam-ket-khong-dam-dung-ngap-nuoc-dong-co-nguyen-ban-aidxc23366296
23331863,Hyundai Grand Starex 2.4 MT 2008,240000000.0,10/09/2025,2008,Máy dầu,Van/Minivan,Xe cũ,12000,Số sàn,Nhập khẩu,Đông Anh - Hà Nội,https://oto.com.vn/mua-ban-xe-hyundai-grand-starex-ha-noi/huyndai-starex-doi-2008-may-co-nhap-khau-han-quoc-6-cho-aidxc23331863
23365092,Hyundai Grand Starex 2015,465000000.0,13/09/2025,2015,Máy dầu,Van/Minivan,Xe cũ,170,Số sàn,Nhập khẩu,Tp.HCM,https://oto.com.vn/mua-ban-xe-hyundai-grand-starex-hcm/2015-may-dau-9-cho-aidxc23365092
23364878,Hyundai Grand Starex 2.5 MT 2016,540000000.0,12/09/2025,2016,Máy dầu,Van/Minivan,Xe cũ,156000,Số sàn,Nhập khẩu,Tp.HCM,https://oto.com.vn/mua-ban-xe-hyundai-grand-starex-hcm/2016-25d-mt-156000-km-aidxc23364878
23367855,Hyundai Grand Starex 2.4 AT 2014,258000000.0,19/09/2025,2014,Máy dầu,Van/Minivan,Xe cũ,91000,Số tự động,Nhập khẩu,Tp.HCM,https://oto.com.vn/mua-ban-xe-hyundai-grand-starex-hcm/starex-2014-may-dau-so-tu-dong-tai-van-03-cho-aidxc23367855
23345330,Hyundai H 100 Porter 2009,105000000.0,23/07/2025,2009,Máy dầu,Xe tải,Xe cũ,131696,Số sàn,Trong nước,Củ Chi - Tp.HCM,https://oto.com.vn/mua-ban-xe-hyundai-h-100-hcm/can-ban-xe-tai-huynh-dai-125-tan-cu-aidxc23345330
23017338,Hyundai HD 2015,350000000.0,11/09/2025,2015,Máy dầu,Xe tải,Xe cũ,10000,Số sàn,Nhập khẩu,Đông Anh - Hà Nội,https://oto.com.vn/mua-ban-xe-hyundai-hd-ha-noi/ban-xe-78-nhap-khau-han-quoc-doi-2015-aidxc23017338
23335262,Hyundai HD 2001,89000000.0,24/06/2025,2001,Máy dầu,Xe tải,Xe cũ,1240,Số sàn,Nhập khẩu,Đăk Hà - Kon Tum,https://oto.com.vn/mua-ban-xe-hyundai-hd-kon-tum/co-89-trieu-e-e-ban-nhap-han-goc-kontum-may-rat-ngon-manh-em-lop-moi-dang-kiem-20-aidxc23335262
23334157,Hyundai HD 2009,115000000.0,19/06/2025,2009,Máy xăng,Bán tải,Xe cũ,12345,Số tự động,Trong nước,Đăk Hà - Kon Tum,https://oto.com.vn/mua-ban-xe-hyundai-hd-kon-tum/xe-tai-3t2-thung-5m2-ae-ket-ib-e-aidxc23334157
23371929,Hyundai i20 1.4 AT 2011,235000000.0,01/10/2025,2011,Máy xăng,Hatchback,Xe cũ,100000,Số tự động,Nhập khẩu,Bình Dương,https://oto.com.vn/mua-ban-xe-hyundai-i20-binh-duong/2011-14-at-100000-km-aidxc23371929
23369673,Hyundai i20 1.4 AT 2010,220000000.0,24/09/2025,2010,Máy xăng,Hatchback,Xe cũ,87000,Số tự động,Nhập khẩu,Bình Dương,https://oto.com.vn/mua-ban-xe-hyundai-i20-binh-duong/huyndai-dang-ky-2011-87k-kmtin-aidxc23369673
23370662,Hyundai i20 1.4 AT 2011,230000000.0,26/09/2025,2011,Máy xăng,Hatchback,Xe cũ,135000,Số tự động,Nhập khẩu,Đắk Lắk,https://oto.com.vn/mua-ban-xe-hyundai-i20-dak-lak/2011-14-at-135000-km-chinh-chu-aidxc23370662
23370306,Hyundai i20 1.4 AT 2011,225000000.0,25/09/2025,2011,Máy xăng,Hatchback,Xe cũ,139998,Số tự động,Nhập khẩu,Gia Lai,https://oto.com.vn/mua-ban-xe-hyundai-i20-gia-lai/14-at-2011-225-trieu-aidxc23370306
23369768,Hyundai i20 1.4 AT 2011,214000000.0,24/09/2025,2011,Máy xăng,Hatchback,Xe cũ,100000,Số tự động,Nhập khẩu,Cầu Giấy - Hà Nội,https://oto.com.vn/mua-ban-xe-hyundai-i20-ha-noi/14-at-2011-aidxc23369768
23370139,Hyundai i20 2010,216000000.0,25/09/2025,2010,Máy xăng,Hatchback,Xe cũ,210000,Số tự động,Nhập khẩu,Hà Nội,https://oto.com.vn/mua-ban-xe-hyundai-i20-ha-noi/2010-so-tu-dong-aidxc23370139
23366838,Hyundai i20 1.4 AT 2011,200000000.0,17/09/2025,2011,Máy xăng,Hatchback,Xe cũ,149000,Số tự động,Nhập khẩu,Hà Nội,https://oto.com.vn/mua-ban-xe-hyundai-i20-ha-noi/2011-14-at-149000-km-aidxc23366838
23370245,Hyundai i20 Active 1.4 AT 2016,305000000.0,25/09/2025,2016,Máy xăng,Hatchback,Xe cũ,820000,Số tự động,Nhập khẩu,Hà Nội,https://oto.com.vn/mua-ban-xe-hyundai-i20-ha-noi/active-14-at-2016-305-trieu-aidxc23370245
23351873,Hyundai i20 Active 1.4 AT 2017,355000000.0,08/09/2025,2017,Máy xăng,SUV,Xe cũ,80000,Số tự động,Nhập khẩu,Cầu Giấy - Hà Nội,https://oto.com.vn/mua-ban-xe-hyundai-i20-ha-noi/active-14-at-2017-aidxc23351873
23364505,Hyundai i20 1.4 AT 2012,226000000.0,11/09/2025,2012,Máy xăng,Hatchback,Xe cũ,91000,Số tự động,Nhập khẩu,Cầu Giấy - Hà Nội,https://oto.com.vn/mua-ban-xe-hyundai-i20-ha-noi/xe-dep-thuong-luong-gia-tot-aidxc23364505
23368782,Hyundai i20 Active 1.4 AT 2015,345000000.0,22/09/2025,2015,Máy xăng,SUV,Xe cũ,N/A,Số tự động,Nhập khẩu,Tp.HCM,https://oto.com.vn/mua-ban-xe-hyundai-i20-hcm/-aidxc23368782
23371700,Hyundai i20 1.4 AT 2010,208000000.0,30/09/2025,2010,Máy xăng,Hatchback,Xe cũ,123000,Số tự động,Nhập khẩu,Tp.HCM,https://oto.com.vn/mua-ban-xe-hyundai-i20-hcm/14-at-mau-do-san-xuat-2010-aidxc23371700
23372298,Hyundai i20 Active 1.4 AT 2015,300000000.0,02/10/2025,2015,Máy xăng,Hatchback,Xe cũ,98000,Số tự động,Nhập khẩu,Tp.HCM,https://oto.com.vn/mua-ban-xe-hyundai-i20-hcm/ban-xe-active-14-at-98000-km-aidxc23372298
23371029,Hyundai i20 1.4 AT 2010,215000000.0,27/09/2025,2010,Máy xăng,Hatchback,Xe cũ,85000,Số tự động,Nhập khẩu,Tp.HCM,https://oto.com.vn/mua-ban-xe-hyundai-i20-hcm/ban-xe-mau-trang-doi-2010-aidxc23371029
23348373,Hyundai i20 1.4 AT 2015,313000000.0,10/09/2025,2015,Máy xăng,Hatchback,Xe cũ,110000,Số tự động,Nhập khẩu,Hạ Hòa - Phú Thọ,https://oto.com.vn/mua-ban-xe-hyundai-i20-phu-tho/xe-dep-xem-tai-aidxc23348373
23369704,Hyundai i30 CW 1.6 AT 2011,267000000.0,24/09/2025,2011,Máy xăng,Hatchback,Xe cũ,93000,Số tự động,Nhập khẩu,Bình Dương,https://oto.com.vn/mua-ban-xe-hyundai-i30-binh-duong/2011-93000-km-aidxc23369704
23372475,Hyundai i30 CW 1.6 AT 2010,216000000.0,02/10/2025,2010,Máy xăng,Wagon,Xe cũ,116000,Số tự động,Nhập khẩu,Bình Dương,https://oto.com.vn/mua-ban-xe-hyundai-i30-binh-duong/so-tu-dong-nhap-han-aidxc23372475
23362033,Hyundai i30 1.6 AT 2009,210000000.0,05/09/2025,2009,Máy xăng,Sedan,Xe cũ,180000,Số tự động,Nhập khẩu,Cần Thơ,https://oto.com.vn/mua-ban-xe-hyundai-i30-can-tho/16-at-2009-210-trieu-aidxc23362033
23365086,Hyundai i30 2009,245000000.0,13/09/2025,2009,Máy xăng,Hatchback,Xe cũ,N/A,Số tự động,Nhập khẩu,Đồng Nai,https://oto.com.vn/mua-ban-xe-hyundai-i30-dong-nai/2009-so-tu-dong-tai-aidxc23365086
23369771,Hyundai i30 1.6 AT 2009,235000000.0,24/09/2025,2009,Máy xăng,Hatchback,Xe cũ,10000,Số tự động,Nhập khẩu,Hoàn Kiếm - Hà Nội,https://oto.com.vn/mua-ban-xe-hyundai-i30-ha-noi/2009-16-at-10000-km-aidxc23369771
23365220,Hyundai i30 1.6 AT 2009,220000000.0,13/09/2025,2009,Máy xăng,Sedan,Xe cũ,120000,Số tự động,Nhập khẩu,Hà Nội,https://oto.com.vn/mua-ban-xe-hyundai-i30-ha-noi/2009-16-at-120000-km-aidxc23365220
23368609,Hyundai i30 1.6 AT 2010,205000000.0,21/09/2025,2010,Máy xăng,Hatchback,Xe cũ,14,Số tự động,Nhập khẩu,Hà Nội,https://oto.com.vn/mua-ban-xe-hyundai-i30-ha-noi/2010-14-km-aidxc23368609
23368369,Hyundai i30 1.6 AT 2009,230000000.0,20/09/2025,2009,Máy xăng,Hatchback,Xe cũ,100000,Số tự động,Nhập khẩu,Thanh Xuân - Hà Nội,https://oto.com.vn/mua-ban-xe-hyundai-i30-ha-noi/ban-full-cw-aidxc23368369
23342241,Hyundai i30 CW 1.6 AT 2011,248000000.0,16/07/2025,2011,Máy xăng,Hatchback,Xe cũ,160000,Số tự động,Nhập khẩu,Hoàng Mai - Hà Nội,https://oto.com.vn/mua-ban-xe-hyundai-i30-ha-noi/ban-xe-huyndai-cw-san-xuat-nam-2011-16-so-tu-dong-nhap-khau-bien-aidxc23342241
23370814,Hyundai i30 CW 1.6 AT 2009,199000000.0,27/09/2025,2009,Máy xăng,Hatchback,Xe cũ,1,Số tự động,Nhập khẩu,Hà Nội,https://oto.com.vn/mua-ban-xe-hyundai-i30-ha-noi/sx-2009cw-aidxc23370814
23349277,Hyundai i30 CW 1.6 AT 2009,220000000.0,03/09/2025,2009,Máy xăng,Hatchback,Xe cũ,120000,Số tự động,Nhập khẩu,Thường Tín - Hà Nội,https://oto.com.vn/mua-ban-xe-hyundai-i30-ha-noi/xe-rat-dep-nhieu-do-choi-aidxc23349277
23351447,Hyundai i30 CW 1.6 AT 2010,220000000.0,06/08/2025,2010,Máy xăng,Hatchback,Xe cũ,105500,Số tự động,Nhập khẩu,Hồng Bàng - Hải Phòng,https://oto.com.vn/mua-ban-xe-hyundai-i30-hai-phong/ban-xe-chinh-chu-dang-su-dung-aidxc23351447
23368245,Hyundai i30 1.6 AT 2012,289000000.0,20/09/2025,2012,Máy xăng,Hatchback,Xe cũ,100000,Số tự động,Nhập khẩu,An Lão - Hải Phòng,https://oto.com.vn/mua-ban-xe-hyundai-i30-hai-phong/xe-nhap-khau-dep-ben-bi-gia-tot-so-voi-thi-truong-aidxc23368245
23359681,Hyundai i30 CW 1.6 AT 2009,219000000.0,28/08/2025,2009,Máy xăng,Hatchback,Xe cũ,150000,Số tự động,Nhập khẩu,Khoái Châu - Hưng Yên,https://oto.com.vn/mua-ban-xe-hyundai-i30-hung-yen/doi-2009-xe-nhap-khau-5-cua-ten-tu-nhan-bien-30a-xe-dai-chat-may-so-keo-chi-zin-het-noi-aidxc23359681
23365546,Hyundai i30 CW 1.6 AT 2010,235000000.0,14/09/2025,2010,Máy xăng,Hatchback,Xe cũ,133000,Số tự động,Nhập khẩu,Thừa Thiên Huế,https://oto.com.vn/mua-ban-xe-hyundai-i30-thua-thien-hue/cw-cao-cap-nhat-aidxc23365546
23371308,Hyundai Kona 2.0 AT Đặc biệt 2019,448000000.0,29/09/2025,2019,Máy xăng,SUV,Xe cũ,63000,Số tự động,Nhập khẩu,Đắk Nông,https://oto.com.vn/mua-ban-xe-hyundai-kona-dak-nong/2019-20-at-dac-biet-63000-km-aidxc23371308
23346047,Hyundai Kona 1.6 Turbo 2018,450000000.0,25/09/2025,2018,Máy xăng,Crossover,Xe cũ,90000,Số tự động,Trong nước,Nam Từ Liêm - Hà Nội,https://oto.com.vn/mua-ban-xe-hyundai-kona-ha-noi/1-chu-tu-moi-aidxc23346047
23371056,Hyundai Kona 1.6 Turbo 2019,520000000.0,28/09/2025,2019,Máy xăng,SUV,Xe cũ,9999,Số tự động,Nhập khẩu,Hà Nội,https://oto.com.vn/mua-ban-xe-hyundai-kona-ha-noi/2019-16-turbo-9999-km-aidxc23371056
23369477,Hyundai Kona 1.6 Turbo 2020,489000000.0,23/09/2025,2020,Máy xăng,N/A,Xe cũ,66000,Số tự động,Trong nước,Cầu Giấy - Hà Nội,https://oto.com.vn/mua-ban-xe-hyundai-kona-ha-noi/mau-xe-5-cho-rong-rai-phu-hop-moi-gia-dinh-aidxc23369477
23361190,Hyundai Kona 2.0 AT Tiêu chuẩn 2020,465000000.0,03/09/2025,2020,Máy xăng,SUV,Xe cũ,58000,Số tự động,Trong nước,Hải Phòng,https://oto.com.vn/mua-ban-xe-hyundai-kona-hai-phong/20-at-tieu-chuan-san-xuat-2020-aidxc23361190
23357078,Hyundai Kona 2.0 AT Tiêu chuẩn 2020,460000000.0,29/09/2025,2020,Máy xăng,Crossover,Xe cũ,58000,Số tự động,Trong nước,Ngô Quyền - Hải Phòng,https://oto.com.vn/mua-ban-xe-hyundai-kona-hai-phong/khong-loi-nho-aidxc23357078
23349258,Hyundai Kona 2.0 AT Đặc biệt 2019,470000000.0,03/09/2025,2019,Máy xăng,N/A,Xe cũ,85000,Số tự động,Trong nước,Kiến An - Hải Phòng,https://oto.com.vn/mua-ban-xe-hyundai-kona-hai-phong/xe-dep-bao-duong-full-hang-xem-xe-tai-aidxc23349258
23371768,Hyundai Kona 1.6 Turbo 2018,435000000.0,30/09/2025,2018,Máy xăng,SUV,Xe cũ,110000,Số tự động,Trong nước,Tp.HCM,https://oto.com.vn/mua-ban-xe-hyundai-kona-hcm/2018-16-turbo-xe-zin-may-nhe-ngon-aidxc23371768
23371853,Hyundai Kona 1.6 Turbo 2019,459000000.0,30/09/2025,2019,Máy xăng,Crossover,Xe cũ,65000,Số tự động,Nhập khẩu,Tp.HCM,https://oto.com.vn/mua-ban-xe-hyundai-kona-hcm/2019-16-turbo-65000-km-aidxc23371853
23371872,Hyundai Kona 2.0 AT Đặc biệt 2019,428000000.0,30/09/2025,2019,Máy xăng,SUV,Xe cũ,60000,Số tự động,Trong nước,Tp.HCM,https://oto.com.vn/mua-ban-xe-hyundai-kona-hcm/2019-20-at-60000-km-aidxc23371872
23372252,Hyundai Kona 1.6 Turbo 2020,520000000.0,02/10/2025,2020,Máy xăng,Crossover,Xe cũ,16000,Số tự động,Trong nước,Tp.HCM,https://oto.com.vn/mua-ban-xe-hyundai-kona-hcm/2020-16-turbo-16000-km-aidxc23372252
23368291,Hyundai Kona 2.0 AT Đặc biệt 2020,499000000.0,20/09/2025,2020,Máy xăng,SUV,Xe cũ,70000,Số tự động,Nhập khẩu,Tp.HCM,https://oto.com.vn/mua-ban-xe-hyundai-kona-hcm/2020-20-at-dac-biet-70000-km-aidxc23368291
23371957,Hyundai Kona 2.0 AT Đặc biệt 2020,480000000.0,01/10/2025,2020,Máy xăng,SUV,Xe cũ,36000,Số tự động,Trong nước,Lâm Đồng,https://oto.com.vn/mua-ban-xe-hyundai-kona-lam-dong/2020-20-at-dac-biet-36000-km-aidxc23371957
23353855,Hyundai Kona 2.0 AT Tiêu chuẩn 2019,440000000.0,23/09/2025,2019,Máy xăng,N/A,Xe cũ,80000,Số tự động,Trong nước,Tân An - Long An,https://oto.com.vn/mua-ban-xe-hyundai-kona-long-an/xem-xe-tai-du-ho-so-sang-ten-aidxc23353855
23368214,Hyundai Kona 2.0 AT Tiêu chuẩn 2020,480000000.0,20/09/2025,2020,Máy xăng,SUV,Xe cũ,29000,Số tự động,Trong nước,Thanh Hóa,https://oto.com.vn/mua-ban-xe-hyundai-kona-thanh-hoa/2020-20-at-tieu-chuan-29000-km-aidxc23368214
23308644,Hyundai Mighty N250SL 2019,379000000.0,08/04/2025,2019,Máy dầu,Xe tải,Xe cũ,85000,Số sàn,Trong nước,Thủ Đức - Tp.HCM,https://oto.com.vn/mua-ban-xe-hyundai-mighty-hcm/xe-dep-aidxc23308644
23367428,Hyundai Palisade 2023,1380000000.0,18/09/2025,2023,Máy xăng,SUV,Xe cũ,40000,Số tự động,N/A,Hà Nội,https://oto.com.vn/mua-ban-xe-hyundai-palisade-ha-noi/2023-tai-aidxc23367428
23364586,Hyundai Palisade 2024,1417000000.0,12/09/2025,2024,Máy xăng,SUV,Xe cũ,40000,Số tự động,N/A,Hà Nội,https://oto.com.vn/mua-ban-xe-hyundai-palisade-ha-noi/2024-tai-aidxc23364586
23355191,Hyundai Palisade Prestige 6 chỗ 2024,1389000000.0,19/08/2025,2024,Máy xăng,MPV,Xe cũ,40000,Số tự động,Trong nước,Cầu Giấy - Hà Nội,https://oto.com.vn/mua-ban-xe-hyundai-palisade-ha-noi/ban-6-ghe-aidxc23355191
23367508,Hyundai Palisade Prestige 7 chỗ 2023,1380000000.0,18/09/2025,2023,Máy dầu,SUV,Xe cũ,40000,Số tự động,Nhập khẩu,Cầu Giấy - Hà Nội,https://oto.com.vn/mua-ban-xe-hyundai-palisade-ha-noi/cam-ket-khong-dam-dung-khong-ngap-nuoc-aidxc23367508
23336660,Hyundai Palisade Prestige 7 chỗ 2024,1469000000.0,01/07/2025,2024,Máy dầu,SUV,Xe cũ,25000,Số tự động,Nhập khẩu,Cầu Giấy - Hà Nội,https://oto.com.vn/mua-ban-xe-hyundai-palisade-ha-noi/odo-25-van-km-aidxc23336660
23366636,Hyundai Palisade Prestige 7 chỗ 2024,1405000000.0,16/09/2025,2024,Máy dầu,SUV,Xe cũ,42000,Số tự động,Nhập khẩu,Hà Nội,https://oto.com.vn/mua-ban-xe-hyundai-palisade-ha-noi/prestige-22-at-htrac-2024-1-ty-405-aidxc23366636
23298169,Hyundai Palisade Prestige 6 chỗ 2023,1456000000.0,15/03/2025,2023,Máy dầu,SUV,Xe cũ,460000,Số tự động,Trong nước,Thanh Xuân - Hà Nội,https://oto.com.vn/mua-ban-xe-hyundai-palisade-ha-noi/prestige-htrac-4x4-2023-aidxc23298169
23299788,Hyundai Palisade Prestige 6 chỗ 2023,1456000000.0,18/03/2025,2023,Máy dầu,SUV,Xe cũ,460000,Số tự động,Trong nước,Thanh Xuân - Hà Nội,https://oto.com.vn/mua-ban-xe-hyundai-palisade-ha-noi/prestige-htrac-4x4-2023-aidxc23299788
23299789,Hyundai Palisade Prestige 6 chỗ 2023,1456000000.0,18/03/2025,2023,Máy dầu,SUV,Xe cũ,460000,Số tự động,Trong nước,Thanh Xuân - Hà Nội,https://oto.com.vn/mua-ban-xe-hyundai-palisade-ha-noi/prestige-htrac-4x4-2023-aidxc23299789
23336184,Hyundai Palisade Prestige 7 chỗ 2024,1420000000.0,04/09/2025,2024,Máy dầu,MPV,Xe cũ,21000,Số tự động,Trong nước,Bắc Từ Liêm - Hà Nội,https://oto.com.vn/mua-ban-xe-hyundai-palisade-ha-noi/sieu-rong-dai-aidxc23336184
23363299,Hyundai Palisade Prestige 7 chỗ 2023,1380000000.0,09/09/2025,2023,Máy dầu,SUV,Xe cũ,40000,Số tự động,Nhập khẩu,Cầu Giấy - Hà Nội,https://oto.com.vn/mua-ban-xe-hyundai-palisade-ha-noi/xe-dep-chu-di-giu-gin-aidxc23363299
23343468,Hyundai Palisade Exclusive 6 chỗ 2024,1455000000.0,22/08/2025,2024,Máy dầu,SUV,Xe cũ,19000,Số tự động,Nhập khẩu,Cầu Giấy - Hà Nội,https://oto.com.vn/mua-ban-xe-hyundai-palisade-ha-noi/xe-dep-phu-hop-ca-gia-dinh-aidxc23343468
23341355,Hyundai Palisade Prestige 6 chỗ 2024,1479000000.0,15/07/2025,2024,Máy xăng,SUV,Xe cũ,9000,Số tự động,Nhập khẩu,Cầu Giấy - Hà Nội,https://oto.com.vn/mua-ban-xe-hyundai-palisade-ha-noi/xe-sieu-luot-9000-km-gia-tot-sang-ten-ngay-aidxc23341355
23348388,Hyundai Palisade Prestige 7 chỗ 2024,1439000000.0,29/07/2025,2024,Máy dầu,SUV,Xe cũ,6000,Số tự động,Nhập khẩu,Thủ Đức - Tp.HCM,https://oto.com.vn/mua-ban-xe-hyundai-palisade-hcm/xe-cu-chat-luong-odo-chi-6000km-nhieu-tien-ich-aidxc23348388
23348285,Hyundai Palisade Exclusive 6 chỗ 2024,1429000000.0,29/07/2025,2024,Máy dầu,SUV,Xe cũ,7000,Số tự động,Trong nước,Tân An - Long An,https://oto.com.vn/mua-ban-xe-hyundai-palisade-long-an/ban-cao-cap-trang-bi-full-option-aidxc23348285
23271841,Hyundai Porter II 2015,350000000.0,11/09/2025,2015,Máy dầu,Xe tải,Xe cũ,10000,Số sàn,Nhập khẩu,Đông Anh - Hà Nội,https://oto.com.vn/mua-ban-xe-hyundai-porter-ha-noi/ban-ll-dong-lanh-nhap-khau-noi-dia-han-quoc-doi-2015-dang-ky-lan-dau-2017-aidxc23271841
23349596,Hyundai Porter II 2006,100000000.0,01/08/2025,2006,Máy dầu,Xe tải,Xe cũ,18378,Số sàn,Nhập khẩu,Nam Từ Liêm - Hà Nội,https://oto.com.vn/mua-ban-xe-hyundai-porter-ha-noi/ban-xe-tai-cu-tai-aidxc23349596
23364009,Hyundai Porter II 2006,80000000.0,10/09/2025,2006,Máy dầu,Xe tải,Xe cũ,18378,Số sàn,Nhập khẩu,Nam Từ Liêm - Hà Nội,https://oto.com.vn/mua-ban-xe-hyundai-porter-ha-noi/ban-xe-tai-huyndai-thung-dong-lanh-tai-aidxc23364009
23227070,Hyundai Porter II 2016,360000000.0,04/09/2025,2016,Máy dầu,Xe tải,Xe cũ,60000,Số sàn,Nhập khẩu,Đông Anh - Hà Nội,https://oto.com.vn/mua-ban-xe-hyundai-porter-ha-noi/ll-tai-dong-lanh-doi-2016-nhap-khau-noi-dia-han-quon-aidxc23227070
23359101,Hyundai Santa Fe 2.4L Xăng Đặc biệt 2018,580000000.0,28/09/2025,2018,Máy xăng,SUV,Xe cũ,122000,Số tự động,Trong nước,Quy Nhơn - Bình Định,https://oto.com.vn/mua-ban-xe-hyundai-santa-fe-binh-dinh/full-lich-su-hang-aidxc23359101
23369835,Hyundai Santa Fe 2.4L Xăng Tiêu chuẩn 2019,760000000.0,24/09/2025,2019,Máy xăng,SUV,Xe cũ,37000,Số tự động,Trong nước,Bình Dương,https://oto.com.vn/mua-ban-xe-hyundai-santa-fe-binh-duong/2019-24l-37000-km-aidxc23369835
23330986,Hyundai Santa Fe 2.4L Xăng Cao cấp 2016,569000000.0,11/09/2025,2016,Máy xăng,SUV,Xe cũ,85689,Số tự động,Trong nước,Hoàng Mai - Hà Nội,https://oto.com.vn/mua-ban-xe-hyundai-santa-fe-ha-noi/7-cho-gam-cao-hon-500t-rat-moi-aidxc23330986
23370086,Hyundai Santa Fe 2.2L Dầu Tiêu chuẩn 2021,830000000.0,25/09/2025,2021,Máy dầu,SUV,Xe cũ,75000,Số tự động,Trong nước,Cầu Giấy - Hà Nội,https://oto.com.vn/mua-ban-xe-hyundai-santa-fe-ha-noi/chat-xe-cuc-dep-aidxc23370086
23363250,Hyundai Santa Fe 2.2 Dầu Cao cấp 2022,1119000000.0,09/09/2025,2022,Máy dầu,SUV,Xe cũ,48000,Số tự động,Trong nước,Bắc Từ Liêm - Hà Nội,https://oto.com.vn/mua-ban-xe-hyundai-santa-fe-ha-noi/chinh-chu-ban-nhanh-lien-he-truc-tiep-aidxc23363250
23362133,Hyundai Santa Fe 2.5 Xăng Cao cấp 2020,810000000.0,05/09/2025,2020,Máy xăng,SUV,Xe cũ,40000,Số tự động,Trong nước,Hà Nội,https://oto.com.vn/mua-ban-xe-hyundai-santa-fe-ha-noi/di-4-van-full-lich-su-hang-aidxc23362133
23327126,Hyundai Santa Fe 2.4L Xăng Đặc biệt 2015,568000000.0,03/09/2025,2015,Máy xăng,SUV,Xe cũ,120000,Số tự động,Trong nước,Nam Từ Liêm - Hà Nội,https://oto.com.vn/mua-ban-xe-hyundai-santa-fe-ha-noi/gia-tot-thuong-luong-bao-check-test-aidxc23327126
23366101,Hyundai Santa Fe 2.5 Xăng Cao cấp 2023,1119000000.0,15/09/2025,2023,Máy xăng,SUV,Xe cũ,48000,Số tự động,Nhập khẩu,Cầu Giấy - Hà Nội,https://oto.com.vn/mua-ban-xe-hyundai-santa-fe-ha-noi/moi-nhu-ngay-dau-aidxc23366101
23350865,Hyundai Santa Fe 2009,386000000.0,05/09/2025,2009,Máy xăng,SUV,Xe cũ,130000,Số tự động,Nhập khẩu,Hà Nội,https://oto.com.vn/mua-ban-xe-hyundai-santa-fe-ha-noi/odo-130000km-aidxc23350865
23363302,Hyundai Santa Fe 2.5 Xăng Cao cấp 2024,1219000000.0,09/09/2025,2024,Máy xăng,SUV,Xe cũ,40000,Số tự động,Trong nước,Cầu Giấy - Hà Nội,https://oto.com.vn/mua-ban-xe-hyundai-santa-fe-ha-noi/odo-4v-km-aidxc23363302
23371476,Hyundai Santa Fe Prestige 2021,1060000000.0,29/09/2025,2021,Máy dầu,SUV,Xe cũ,50000,Số tự động,Nhập khẩu,Hà Nội,https://oto.com.vn/mua-ban-xe-hyundai-santa-fe-ha-noi/santafe-2021-may-dau-22d-htrac-50000-km-aidxc23371476
23363080,Hyundai Santa Fe Calligraphy 2.5 Turbo 2024,1215000000.0,07/09/2025,2024,Máy xăng,SUV,Xe cũ,11000,Số tự động,Trong nước,Hà Nội,https://oto.com.vn/mua-ban-xe-hyundai-santa-fe-ha-noi/sieu-cop-aidxc23363080
23355084,Hyundai Santa Fe 2.4L Xăng Cao cấp 2021,995000000.0,26/09/2025,2021,Máy xăng,SUV,Xe cũ,36000,Số tự động,Trong nước,Bắc Từ Liêm - Hà Nội,https://oto.com.vn/mua-ban-xe-hyundai-santa-fe-ha-noi/sieu-luot-aidxc23355084
23371564,Hyundai Santa Fe 2.5 Xăng Cao cấp 2024,1190000000.0,29/09/2025,2024,Máy xăng,SUV,Xe cũ,20000,Số tự động,Trong nước,Hà Nội,https://oto.com.vn/mua-ban-xe-hyundai-santa-fe-ha-noi/sieu-luot-aidxc23371564
23341621,Hyundai Santa Fe Calligraphy 2.5 7 chỗ 2024,1245000000.0,24/09/2025,2024,Máy xăng,SUV,Xe cũ,17000,Số tự động,Trong nước,Cầu Giấy - Hà Nội,https://oto.com.vn/mua-ban-xe-hyundai-santa-fe-ha-noi/ten-tu-nhan-chay-chuan-17v-aidxc23341621
23350874,Hyundai Santa Fe 2.4L Xăng Cao cấp 2017,655000000.0,05/09/2025,2017,Máy xăng,SUV,Xe cũ,70000,Số tự động,Trong nước,Hà Nội,https://oto.com.vn/mua-ban-xe-hyundai-santa-fe-ha-noi/ten-tu-nhan-chinh-chu-xe-dap-xuat-sac-7-van-aidxc23350874
23366190,Hyundai Santa Fe 2.5 Xăng Cao cấp 2022,1040000000.0,15/09/2025,2022,Máy xăng,SUV,Xe cũ,23800,Số tự động,Trong nước,Hà Đông - Hà Nội,https://oto.com.vn/mua-ban-xe-hyundai-santa-fe-ha-noi/toi-chinh-chu-can-ban-aidxc23366190
23346074,Hyundai Santa Fe SLX 2010,410000000.0,11/09/2025,2010,Máy dầu,SUV,Xe cũ,10000,Số tự động,Trong nước,Hoàng Mai - Hà Nội,https://oto.com.vn/mua-ban-xe-hyundai-santa-fe-ha-noi/xe-dan-dung-aidxc23346074
23338607,Hyundai Santa Fe 2.2L Dầu Cao cấp 2022,1179000000.0,09/09/2025,2022,Máy dầu,SUV,Xe cũ,50000,Số tự động,Trong nước,Cầu Giấy - Hà Nội,https://oto.com.vn/mua-ban-xe-hyundai-santa-fe-ha-noi/xe-dep-xuat-sac-gia-tot-thuong-luong-aidxc23338607
23362134,Hyundai Santa Fe 2.2 Dầu Cao cấp 2020,855000000.0,05/09/2025,2020,Máy dầu,SUV,Xe cũ,85000,Số tự động,Trong nước,Hà Nội,https://oto.com.vn/mua-ban-xe-hyundai-santa-fe-ha-noi/xe-gia-dinh-ly-tuong-day-du-tien-nghi-aidxc23362134
23363869,Hyundai Santa Fe 2.4L Xăng Cao cấp 2016,555000000.0,10/09/2025,2016,Máy xăng,SUV,Xe cũ,102000,Số tự động,Trong nước,Chí Linh - Hải Dương,https://oto.com.vn/mua-ban-xe-hyundai-santa-fe-hai-duong/chiec-xe-7-cho-phu-hop-moi-gia-dinh-chu-giu-gin-aidxc23363869
23367521,Hyundai Santa Fe 2.2 Dầu Cao cấp 2023,1190000000.0,18/09/2025,2023,Máy dầu,SUV,Xe cũ,44000,Số tự động,Trong nước,Kiến An - Hải Phòng,https://oto.com.vn/mua-ban-xe-hyundai-santa-fe-hai-phong/xe-dep-bao-check-test-chu-di-giu-gin-aidxc23367521
23257922,Hyundai Santa Fe 2015,495000000.0,04/09/2025,2015,Máy xăng,SUV,Xe cũ,78000,Số tự động,Trong nước,Quận 10 - Tp.HCM,https://oto.com.vn/mua-ban-xe-hyundai-santa-fe-hcm/moi-85-ban-full-4x4-may-xang-xe-nha-su-dung-ky-khong-kinh-doanh-aidxc23257922
23320974,Hyundai Santa Fe 2.2 Dầu Đặc biệt 2022,1070000000.0,14/09/2025,2022,Máy dầu,SUV,Xe cũ,58000,Số tự động,Trong nước,Đoan Hùng - Phú Thọ,https://oto.com.vn/mua-ban-xe-hyundai-santa-fe-phu-tho/suv-7-cho-cuc-dep-may-dau-trang-bi-full-options-cao-cap-nhat-aidxc23320974
23361744,Hyundai Solati 2.5 MT 2018,589000000.0,04/09/2025,2018,Máy dầu,Van/Minivan,Xe cũ,N/A,Số sàn,Nhập khẩu,Bà Rịa Vũng Tàu,https://oto.com.vn/mua-ban-xe-hyundai-solati-ba-ria-vung-tau/h350-25-mt-2018-589-trieu-aidxc23361744
23365110,Hyundai Solati 2.5 MT 2021,960000000.0,13/09/2025,2021,Máy dầu,Minibus,Xe cũ,60000,Số sàn,Trong nước,Long Biên - Hà Nội,https://oto.com.vn/mua-ban-xe-hyundai-solati-ha-noi/president-dk-2021-aidxc23365110
23364861,Hyundai Solati 2.5 MT 2017,538000000.0,12/09/2025,2017,Máy dầu,Minibus,Xe cũ,158000,Số sàn,Trong nước,Tp.HCM,https://oto.com.vn/mua-ban-xe-hyundai-solati-hcm/2017-16-cho-rong-em-tiet-kiem-aidxc23364861
23368765,Hyundai Solati 2.5 MT 2017,585000000.0,22/09/2025,2017,Máy dầu,Minibus,Xe cũ,267000,Số sàn,Trong nước,Tp.HCM,https://oto.com.vn/mua-ban-xe-hyundai-solati-hcm/2017-267000-km-aidxc23368765
23368047,Hyundai Solati 2.5 MT 2017,500000000.0,19/09/2025,2017,Máy dầu,Minibus,Xe cũ,400000,Số sàn,Nhập khẩu,Tp.HCM,https://oto.com.vn/mua-ban-xe-hyundai-solati-hcm/2017-400000-km-aidxc23368047
23366745,Hyundai Solati 2.5 MT 2017,665000000.0,17/09/2025,2017,Máy dầu,Van/Minivan,Xe cũ,203000,Số sàn,Nhập khẩu,Tp.HCM,https://oto.com.vn/mua-ban-xe-hyundai-solati-hcm/2017-moi-di-200000km-nguyen-ban-aidxc23366745
23365114,Hyundai Solati 2.5 MT 2017,550000000.0,13/09/2025,2017,Máy dầu,Van/Minivan,Xe cũ,348600,Số sàn,Trong nước,Tp.HCM,https://oto.com.vn/mua-ban-xe-hyundai-solati-hcm/2017-xe-dep-tour-noi-348600-km-aidxc23365114
23366008,Hyundai Solati 2.5 MT 2020,850000000.0,15/09/2025,2020,Máy dầu,Van/Minivan,Xe cũ,95000,Số sàn,Trong nước,Tp.HCM,https://oto.com.vn/mua-ban-xe-hyundai-solati-hcm/2020-aidxc23366008
23370188,Hyundai Solati 2.5 MT 2018,695000000.0,25/09/2025,2018,Máy dầu,Van/Minivan,Xe cũ,140000,Số sàn,Trong nước,Bình Tân - Tp.HCM,https://oto.com.vn/mua-ban-xe-hyundai-solati-hcm/can-ban-2018-mot-chu-tu-dau-aidxc23370188
23317034,Hyundai Solati 2024,975000000.0,29/04/2025,2024,Máy xăng,Minibus,Xe cũ,2000,Số sàn,Trong nước,Tp.HCM,https://oto.com.vn/mua-ban-xe-hyundai-solati-hcm/sieu-luot-aidxc23317034
23365912,Hyundai Solati 2.5 MT 2019,750000000.0,15/09/2025,2019,Máy dầu,Van/Minivan,Xe cũ,20000,Số sàn,Trong nước,Long An,https://oto.com.vn/mua-ban-xe-hyundai-solati-long-an/2019-xe-1-chu-aidxc23365912
23368907,Hyundai Sonata 2.0L-6AT 2010,285000000.0,22/09/2025,2010,Máy xăng,Sedan,Xe cũ,123,Số tự động,Nhập khẩu,Bà Rịa Vũng Tàu,https://oto.com.vn/mua-ban-xe-hyundai-sonata-ba-ria-vung-tau/2010-20l-at-1-chu-tu-dau-rat-dep-aidxc23368907
23369575,Hyundai Sonata 2.0L-6AT 2010,290000000.0,24/09/2025,2010,Máy xăng,Sedan,Xe cũ,90000,Số tự động,Nhập khẩu,Bà Rịa Vũng Tàu,https://oto.com.vn/mua-ban-xe-hyundai-sonata-ba-ria-vung-tau/2010-20l-at-90000-km-aidxc23369575
23363036,Hyundai Sonata 2009,189000000.0,07/09/2025,2009,Máy xăng,Sedan,Xe cũ,N/A,Số tự động,Trong nước,Bình Định,https://oto.com.vn/mua-ban-xe-hyundai-sonata-binh-dinh/2009-tai-aidxc23363036
23365752,Hyundai Sonata 2.0L-6AT 2010,315000000.0,14/09/2025,2010,Máy xăng,Sedan,Xe cũ,108000,Số tự động,Nhập khẩu,Dĩ An - Bình Dương,https://oto.com.vn/mua-ban-xe-hyundai-sonata-binh-duong/2010-20l-at-108000-km-aidxc23365752
23369860,Hyundai Sonata 2012,348000000.0,24/09/2025,2012,Máy xăng,Sedan,Xe cũ,145000,Số tự động,Nhập khẩu,Đà Nẵng,https://oto.com.vn/mua-ban-xe-hyundai-sonata-da-nang/ban-huyndai-hoac-doi-xe-7-cho-gia-dinh-aidxc23369860
23368183,Hyundai Sonata Y20 2009,195000000.0,20/09/2025,2009,Máy xăng,Sedan,Xe cũ,43000,Số sàn,Nhập khẩu,Đắk Lắk,https://oto.com.vn/mua-ban-xe-hyundai-sonata-dak-lak/2009-43000-km-aidxc23368183
23363242,Hyundai Sonata 2015,425000000.0,09/09/2025,2015,Máy xăng,Sedan,Xe cũ,N/A,Số tự động,N/A,Gia Lai,https://oto.com.vn/mua-ban-xe-hyundai-sonata-gia-lai/2015-so-tu-dong-tai-aidxc23363242
23353843,Hyundai Sonata 2.0L-6AT 2009,199000000.0,16/08/2025,2009,Máy xăng,Sedan,Xe cũ,120000,Số tự động,Nhập khẩu,Hoàng Mai - Hà Nội,https://oto.com.vn/mua-ban-xe-hyundai-sonata-ha-noi/ban-xe-huyndai-san-xuat-nam-2009-nhap-khau-han-quoc-dang-ky-ten-tu-nhan-bien-aidxc23353843
23366183,Hyundai Sonata 2.0L-6AT 2009,199000000.0,15/09/2025,2009,Máy xăng,Sedan,Xe cũ,120000,Số tự động,Nhập khẩu,Hoàng Mai - Hà Nội,https://oto.com.vn/mua-ban-xe-hyundai-sonata-ha-noi/ban-xe-huyndai-san-xuat-nam-2009-nhap-khau-han-quoc-dang-ky-ten-tu-nhan-bien-aidxc23366183
23361341,Hyundai Sonata 2.0L-6AT 2012,335000000.0,03/09/2025,2012,Máy xăng,Sedan,Xe cũ,120000,Số tự động,Nhập khẩu,Cầu Giấy - Hà Nội,https://oto.com.vn/mua-ban-xe-hyundai-sonata-ha-noi/xe-dep-chu-di-giu-gin-aidxc23361341
23368906,Hyundai Sonata 2.0L-6AT 2010,310000000.0,22/09/2025,2010,Máy xăng,Sedan,Xe cũ,44000,Số tự động,Nhập khẩu,Tp.HCM,https://oto.com.vn/mua-ban-xe-hyundai-sonata-hcm/2010-20l-at-44000-km-aidxc23368906
23370654,Hyundai Sonata 2.0L-6AT 2010,290000000.0,26/09/2025,2010,Máy xăng,Sedan,Xe cũ,93000,Số tự động,Nhập khẩu,Tp.HCM,https://oto.com.vn/mua-ban-xe-hyundai-sonata-hcm/2010-20l-at-93000-km-aidxc23370654
23368935,Hyundai Sonata 2.0L-6AT 2010,310000000.0,22/09/2025,2010,Máy xăng,Sedan,Xe cũ,44500,Số tự động,Nhập khẩu,Tp.HCM,https://oto.com.vn/mua-ban-xe-hyundai-sonata-hcm/2010-aidxc23368935
23365709,Hyundai Sonata 2.0L-6AT 2011,319000000.0,14/09/2025,2011,Máy xăng,Sedan,Xe cũ,130000,Số tự động,Nhập khẩu,Bình Tân - Tp.HCM,https://oto.com.vn/mua-ban-xe-hyundai-sonata-hcm/20at-2011-nhap-xe-cuc-chat-may-zin-aidxc23365709
23099754,Hyundai Sonata 2.0L-6AT 2009,255000000.0,27/09/2025,2009,Máy xăng,Sedan,Xe cũ,95000,Số tự động,Nhập khẩu,Bình Tân - Tp.HCM,https://oto.com.vn/mua-ban-xe-hyundai-sonata-hcm/nhap-khau-hq-ban-cao-cap-cua-so-troi-aidxc23099754
23370002,Hyundai Starex 2.5 MT 2010,230000000.0,25/09/2025,2010,Máy dầu,Van/Minivan,Xe cũ,300000,Số sàn,Nhập khẩu,Bình Dương,https://oto.com.vn/mua-ban-xe-hyundai-starex-binh-duong/2010-25d-mt-300000-km-2-dang-lanh-chinh-chu-aidxc23370002
23370080,Hyundai Starex 2.5 MT 2015,435000000.0,25/09/2025,2015,Máy xăng,Van/Minivan,Xe cũ,200000,Số sàn,Nhập khẩu,Hà Nội,https://oto.com.vn/mua-ban-xe-hyundai-starex-ha-noi/2015-25d-mt-200000-km-aidxc23370080
23365279,Hyundai Starex 2016,515000000.0,13/09/2025,2016,Máy xăng,Van/Minivan,Xe cũ,N/A,Số tự động,N/A,Hà Nội,https://oto.com.vn/mua-ban-xe-hyundai-starex-ha-noi/2016-so-tu-dong-tai-aidxc23365279
23345289,Hyundai Starex 2.4 MT 2008,225000000.0,28/08/2025,2008,Máy dầu,Xe tải,Xe cũ,160000,Số tự động,Nhập khẩu,Hà Đông - Hà Nội,https://oto.com.vn/mua-ban-xe-hyundai-starex-ha-noi/3-cho-may-dau-mau-trang-dep-aidxc23345289
23349341,Hyundai Starex 2.4 MT 2017,535000000.0,05/09/2025,2017,Máy xăng,MPV,Xe cũ,80000,Số sàn,Trong nước,Hà Nội,https://oto.com.vn/mua-ban-xe-hyundai-starex-ha-noi/9-cho-aidxc23349341
23365402,Hyundai Starex 2.5 MT 2009,235000000.0,13/09/2025,2009,Máy dầu,Van/Minivan,Xe cũ,120000,Số sàn,Nhập khẩu,Hà Đông - Hà Nội,https://oto.com.vn/mua-ban-xe-hyundai-starex-ha-noi/gia-chi-235-trieu-xe-van-ben-bi-aidxc23365402
23365773,Hyundai Starex 2007,190000000.0,16/09/2025,2007,Máy dầu,Van/Minivan,Xe cũ,N/A,Số tự động,Trong nước,Hà Đông - Hà Nội,https://oto.com.vn/mua-ban-xe-hyundai-starex-ha-noi/may-dau-aidxc23365773
23354634,Hyundai Starex 2.5 MT 2008,335000000.0,18/08/2025,2008,Máy dầu,Van/Minivan,Xe cũ,160000,Số sàn,Nhập khẩu,Hà Đông - Hà Nội,https://oto.com.vn/mua-ban-xe-hyundai-starex-ha-noi/so-san-may-dau-9-cho-aidxc23354634
23364768,Hyundai Starex 2014,330000000.0,12/09/2025,2014,Máy dầu,Van/Minivan,Xe cũ,90000,Số tự động,Nhập khẩu,Tp.HCM,https://oto.com.vn/mua-ban-xe-hyundai-starex-hcm/2014-90000-km-aidxc23364768
23365010,Hyundai Starex 2.5 MT 2009,245000000.0,12/09/2025,2009,Máy dầu,Van/Minivan,Xe cũ,93000,Số sàn,Nhập khẩu,Tp.HCM,https://oto.com.vn/mua-ban-xe-hyundai-starex-hcm/ban-2009-tai-van-6-cho-600kg-aidxc23365010
23370295,Hyundai Starex 2013,255000000.0,25/09/2025,2013,Máy dầu,Van/Minivan,Xe cũ,91000,Số tự động,Nhập khẩu,Tp.HCM,https://oto.com.vn/mua-ban-xe-hyundai-starex-hcm/can-ban-tai-van-2013-600kg-3-cho-aidxc23370295
23369690,Hyundai Starex 2.5 MT 2017,628000000.0,24/09/2025,2017,Máy dầu,Van/Minivan,Xe cũ,91000,Số sàn,Nhập khẩu,Tp.HCM,https://oto.com.vn/mua-ban-xe-hyundai-starex-hcm/huyndai-9-cho-may-dau-so-san-sx-cuoi-2017-aidxc23369690
23371287,Hyundai Starex GRX 2016,545000000.0,29/09/2025,2016,Máy dầu,Van/Minivan,Xe cũ,185000,Số tự động,Nhập khẩu,Tp.HCM,https://oto.com.vn/mua-ban-xe-hyundai-starex-hcm/tu-dong-nhap-han-quoc-rat-moi-aidxc23371287
23364060,Hyundai Starex 2007,200000000.0,11/09/2025,2007,Máy xăng,Van/Minivan,Xe cũ,N/A,Số tự động,Nhập khẩu,Quảng Ninh,https://oto.com.vn/mua-ban-xe-hyundai-starex-quang-ninh/2007-so-tu-dong-tai-aidxc23364060
23363021,Hyundai Starex 2016,455000000.0,07/09/2025,2016,Máy xăng,Van/Minivan,Xe cũ,N/A,Số tự động,N/A,Thanh Hóa,https://oto.com.vn/mua-ban-xe-hyundai-starex-thanh-hoa/2016-tai-aidxc23363021
23365833,Hyundai Stargazer 1.5 AT Tiêu chuẩn 2022,400000000.0,15/09/2025,2022,Máy xăng,MPV,Xe cũ,89000,Số tự động,Nhập khẩu,Cần Thơ,https://oto.com.vn/mua-ban-xe-hyundai-stargazer-can-tho/2022-tieu-chuan-15-89000-km-aidxc23365833
23370392,Hyundai Stargazer 1.5 AT Tiêu chuẩn 2022,415000000.0,26/09/2025,2022,Máy xăng,MPV,Xe cũ,60000,Số tự động,Nhập khẩu,Đà Nẵng,https://oto.com.vn/mua-ban-xe-hyundai-stargazer-da-nang/2022-tieu-chuan-15-at-60000-k-aidxc23370392
23367840,Hyundai Stargazer 1.5 AT Cao cấp 2024,520000000.0,19/09/2025,2024,Máy xăng,MPV,Xe cũ,63000,Số tự động,Nhập khẩu,Đồng Nai,https://oto.com.vn/mua-ban-xe-hyundai-stargazer-dong-nai/2024-x-cao-cap-63000-km-aidxc23367840
23371819,Hyundai Stargazer 2022,448000000.0,30/09/2025,2022,Máy xăng,MPV,Xe cũ,40000,Số tự động,Nhập khẩu,Hà Nội,https://oto.com.vn/mua-ban-xe-hyundai-stargazer-ha-noi/2022-so-tu-dong-aidxc23371819
23372439,Hyundai Stargazer 1.5 AT Cao cấp 2022,488000000.0,02/10/2025,2022,Máy xăng,MPV,Xe cũ,9000,Số tự động,Nhập khẩu,Tp.HCM,https://oto.com.vn/mua-ban-xe-hyundai-stargazer-hcm/112023-ban-db-cao-cap-full-aidxc23372439
23371781,Hyundai Stargazer 1.5 AT Đặc biệt 2022,448000000.0,30/09/2025,2022,Máy xăng,SUV,Xe cũ,41000,Số tự động,Nhập khẩu,Tp.HCM,https://oto.com.vn/mua-ban-xe-hyundai-stargazer-hcm/15-at-dac-biet-2022-41000km-aidxc23371781
23371970,Hyundai Stargazer 1.5 AT Đặc biệt 2022,448000000.0,01/10/2025,2022,Máy xăng,SUV,Xe cũ,41000,Số tự động,Nhập khẩu,Bình Tân - Tp.HCM,https://oto.com.vn/mua-ban-xe-hyundai-stargazer-hcm/15dac-biet-2022-chay-4van-ho-tro-vay-aidxc23371970
23367085,Hyundai Stargazer 1.5 AT Đặc biệt 2022,450000000.0,17/09/2025,2022,Máy xăng,Crossover,Xe cũ,60000,Số tự động,Nhập khẩu,Tp.HCM,https://oto.com.vn/mua-ban-xe-hyundai-stargazer-hcm/2022-15-dac-biet-60000-km-aidxc23367085
23368478,Hyundai Stargazer 1.5 AT Tiêu chuẩn 2022,379000000.0,21/09/2025,2022,Máy xăng,MPV,Xe cũ,55000,Số tự động,Nhập khẩu,Tp.HCM,https://oto.com.vn/mua-ban-xe-hyundai-stargazer-hcm/2022-15-tieu-chuan-55000-km-aidxc23368478
23372141,Hyundai Stargazer 1.5 AT Đặc biệt 2022,448000000.0,01/10/2025,2022,Máy xăng,MPV,Xe cũ,41000,Số tự động,Nhập khẩu,Tp.HCM,https://oto.com.vn/mua-ban-xe-hyundai-stargazer-hcm/2022-aidxc23372141
23369332,Hyundai Stargazer 2022,360000000.0,23/09/2025,2022,Máy xăng,MPV,Xe cũ,100000,Số tự động,Nhập khẩu,Tp.HCM,https://oto.com.vn/mua-ban-xe-hyundai-stargazer-hcm/2022-tieu-chuan-15-at-100000-km-aidxc23369332
23371292,Hyundai Stargazer 1.5 AT Tiêu chuẩn 2022,378000000.0,29/09/2025,2022,Máy xăng,MPV,Xe cũ,48150,Số tự động,Nhập khẩu,Tp.HCM,https://oto.com.vn/mua-ban-xe-hyundai-stargazer-hcm/2022-tieu-chuan-15-at-48150-km-aidxc23371292
23367458,Hyundai Stargazer 1.5 AT Cao cấp 2024,550000000.0,18/09/2025,2024,Máy xăng,MPV,Xe cũ,14000,Số tự động,Trong nước,Tp.HCM,https://oto.com.vn/mua-ban-xe-hyundai-stargazer-hcm/2024-x-cao-cap-cuc-re-aidxc23367458
23368156,Hyundai Stargazer 1.5 AT Tiêu chuẩn 2022,379000000.0,20/09/2025,2022,Máy xăng,MPV,Xe cũ,45000,Số tự động,Nhập khẩu,Tp.HCM,https://oto.com.vn/mua-ban-xe-hyundai-stargazer-hcm/doi-2022-ban-15-tieu-chuan-aidxc23368156
23354865,Hyundai Stargazer 1.5 AT Cao cấp 2022,485000000.0,19/09/2025,2022,Máy xăng,MPV,Xe cũ,32000,Số tự động,Trong nước,Tp.HCM,https://oto.com.vn/mua-ban-xe-hyundai-stargazer-hcm/xe-gia-dinh-1-chu-tu-dau-chat-luong-nhu-moi-aidxc23354865
23319248,Hyundai Tucson 2015,530000000.0,09/09/2025,2015,Máy xăng,SUV,Xe cũ,88000,Số tự động,Nhập khẩu,Thuận An - Bình Dương,https://oto.com.vn/mua-ban-xe-hyundai-tucson-binh-duong/nhap-han-quoc-aidxc23319248
23341171,Hyundai Tucson 2.0 Tiêu chuẩn 2019,595000000.0,16/09/2025,2019,Máy xăng,SUV,Xe cũ,60000,Số tự động,Trong nước,Cầu Giấy - Hà Nội,https://oto.com.vn/mua-ban-xe-hyundai-tucson-ha-noi/20-tieu-chuan-2019-aidxc23341171
23369171,Hyundai Tucson 2.0 Đặc biệt 2016,567900000.0,23/09/2025,2016,Máy xăng,SUV,Xe cũ,74000,Số tự động,Trong nước,Hà Nội,https://oto.com.vn/mua-ban-xe-hyundai-tucson-ha-noi/2016-20-ath-74000-km-aidxc23369171
23370889,Hyundai Tucson 2.0 Dầu đặc biệt 2019,600000000.0,27/09/2025,2019,Máy dầu,SUV,Xe cũ,150000,Số tự động,Nhập khẩu,Hà Nội,https://oto.com.vn/mua-ban-xe-hyundai-tucson-ha-noi/2019-20l-diesel-dac-biet-aidxc23370889
23372430,Hyundai Tucson 2.0 Đặc biệt 2021,680000000.0,02/10/2025,2021,Máy xăng,SUV,Xe cũ,70000,Số tự động,Trong nước,Hà Nội,https://oto.com.vn/mua-ban-xe-hyundai-tucson-ha-noi/2021-20-at-dac-biet-70000-km-aidxc23372430
23371605,Hyundai Tucson 2021,725000000.0,30/09/2025,2021,Máy xăng,SUV,Xe cũ,N/A,Số tự động,N/A,Hà Nội,https://oto.com.vn/mua-ban-xe-hyundai-tucson-ha-noi/2021-aidxc23371605
23370162,Hyundai Tucson 2.0 Đặc biệt 2021,718000000.0,25/09/2025,2021,Máy xăng,SUV,Xe cũ,781500,Số tự động,Nhập khẩu,Hà Nội,https://oto.com.vn/mua-ban-xe-hyundai-tucson-ha-noi/5-229-2021-20-dac-biet-781500-km-aidxc23370162
23341697,Hyundai Tucson 2.0 Đặc biệt 2009,215000000.0,15/09/2025,2009,Máy xăng,SUV,Xe cũ,156899,Số tự động,Nhập khẩu,Hoàng Mai - Hà Nội,https://oto.com.vn/mua-ban-xe-hyundai-tucson-ha-noi/bao-duong-dinh-ky-gam-be-rat-chac-chan-aidxc23341697
23345468,Hyundai Tucson 2021,699000000.0,03/09/2025,2021,Máy xăng,SUV,Xe cũ,60000,Số tự động,Trong nước,Cầu Giấy - Hà Nội,https://oto.com.vn/mua-ban-xe-hyundai-tucson-ha-noi/bien-aidxc23345468
23354946,Hyundai Tucson 1.6 Turbo HTRAC 2022,839000000.0,18/09/2025,2022,Máy xăng,SUV,Xe cũ,56899,Số tự động,Trong nước,Hoàng Mai - Hà Nội,https://oto.com.vn/mua-ban-xe-hyundai-tucson-ha-noi/chay-6-van-full-lich-su-hang-rat-moi-aidxc23354946
23342946,Hyundai Tucson 2.0 Tiêu chuẩn 2021,645000000.0,17/09/2025,2021,Máy xăng,SUV,Xe cũ,72000,Số tự động,Trong nước,Sóc Sơn - Hà Nội,https://oto.com.vn/mua-ban-xe-hyundai-tucson-ha-noi/chu-di-giu-gin-mua-moi-aidxc23342946
23362194,Hyundai Tucson 2.0 Đặc biệt 2021,699000000.0,05/09/2025,2021,Máy xăng,SUV,Xe cũ,71289,Số tự động,Trong nước,Hoàng Mai - Hà Nội,https://oto.com.vn/mua-ban-xe-hyundai-tucson-ha-noi/mot-chu-bien-rat-moi-aidxc23362194
23370173,Hyundai Tucson 1.6 Turbo HTRAC 2023,869000000.0,25/09/2025,2023,Máy xăng,SUV,Xe cũ,13689,Số tự động,Trong nước,Hoàng Mai - Hà Nội,https://oto.com.vn/mua-ban-xe-hyundai-tucson-ha-noi/mot-chu-tu-moi-chay-1-3-van-thom-mui-moi-aidxc23370173
23369474,Hyundai Tucson 1.6 Turbo HTRAC 2023,888000000.0,23/09/2025,2023,Máy xăng,Hatchback,Xe cũ,40000,Số tự động,Trong nước,Thanh Xuân - Hà Nội,https://oto.com.vn/mua-ban-xe-hyundai-tucson-ha-noi/tusson-16-tubor-2023-aidxc23369474
23346280,Hyundai Tucson 2020,699000000.0,04/09/2025,2020,Máy dầu,N/A,Xe cũ,78000,Số tự động,Trong nước,Cầu Giấy - Hà Nội,https://oto.com.vn/mua-ban-xe-hyundai-tucson-ha-noi/xe-ban-dull-dau-phu-hop-chay-gia-dinh-aidxc23346280
23371325,Hyundai Tucson 2.0 Đặc biệt 2019,590000000.0,29/09/2025,2019,Máy xăng,SUV,Xe cũ,72000,Số tự động,Trong nước,Nam Từ Liêm - Hà Nội,https://oto.com.vn/mua-ban-xe-hyundai-tucson-ha-noi/xe-khong-loi-gia-cuc-tot-aidxc23371325
23369240,Hyundai Tucson 1.6 Turbo HTRAC 2025,980000000.0,23/09/2025,2025,Máy xăng,SUV,Xe cũ,4000,Số tự động,Trong nước,Nam Từ Liêm - Hà Nội,https://oto.com.vn/mua-ban-xe-hyundai-tucson-ha-noi/xe-sieu-luot-4000-km-re-hon-xe-moi-100-trieu-aidxc23369240
23352893,Hyundai Tucson 1.6 Turbo HTRAC 2019,638000000.0,11/09/2025,2019,Máy xăng,SUV,Xe cũ,60000,Số tự động,Trong nước,An Lão - Hải Phòng,https://oto.com.vn/mua-ban-xe-hyundai-tucson-hai-phong/full-do-cong-nghe-1-chu-tu-moi-aidxc23352893
23372494,Hyundai Tucson 2.0 Dầu Cao cấp 2018,589000000.0,02/10/2025,2018,Máy dầu,SUV,Xe cũ,49000,Số tự động,Nhập khẩu,Tp.HCM,https://oto.com.vn/mua-ban-xe-hyundai-tucson-hcm/2018-20-at-crdi-49000-km-aidxc23372494
23321262,Hyundai Tucson 1.6 Turbo HTRAC 2024,919000000.0,23/09/2025,2024,Máy xăng,SUV,Xe cũ,32000,Số tự động,Trong nước,Tân An - Long An,https://oto.com.vn/mua-ban-xe-hyundai-tucson-long-an/cam-ket-khong-dam-dung-ngap-nuoc-aidxc23321262
23370527,Hyundai Tucson 2.0 Đặc biệt 2023,790000000.0,26/09/2025,2023,Máy xăng,SUV,Xe cũ,7230,Số tự động,Nhập khẩu,Thừa Thiên Huế,https://oto.com.vn/mua-ban-xe-hyundai-tucson-thua-thien-hue/2023-20-at-dac-biet-7230-km-aidxc23370527
23370978,Hyundai Veloster 1.6 GDI Turbo 2011,270000000.0,27/09/2025,2011,Máy xăng,Sport Car,Xe cũ,100900,Số tự động,Nhập khẩu,Bình Dương,https://oto.com.vn/mua-ban-xe-hyundai-veloster-binh-duong/2011-16-gdi-at-aidxc23370978
23361524,Hyundai Veloster 1.6 GDI Turbo 2011,310000000.0,04/09/2025,2011,Máy xăng,Coupe,Xe cũ,68000,Số tự động,Nhập khẩu,Cần Thơ,https://oto.com.vn/mua-ban-xe-hyundai-veloster-can-tho/2011-16-gdi-at-68000-km-aidxc23361524
23361176,Hyundai Veloster 1.6 GDI Turbo 2011,285000000.0,03/09/2025,2011,Máy xăng,Hatchback,Xe cũ,130000,Số tự động,Nhập khẩu,Đắk Lắk,https://oto.com.vn/mua-ban-xe-hyundai-veloster-dak-lak/2011-16-gdi-at-130000-km-aidxc23361176
23370273,Hyundai Veloster 1.6 GDI Turbo 2011,295000000.0,25/09/2025,2011,Máy xăng,Coupe,Xe cũ,85000,Số tự động,Nhập khẩu,Hà Nội,https://oto.com.vn/mua-ban-xe-hyundai-veloster-ha-noi/5-233-2011-16-gdi-at-85000-km-aidxc23370273
23371045,Hyundai Veloster 2011,279000000.0,27/09/2025,2011,Máy xăng,Sport Car,Xe cũ,120000,Số tự động,Nhập khẩu,Thanh Xuân - Hà Nội,https://oto.com.vn/mua-ban-xe-hyundai-veloster-ha-noi/chinh-chu-ban-huyndai-turbo-aidxc23371045
23369548,Hyundai Veloster 1.6 GDI Turbo 2011,293000000.0,24/09/2025,2011,Máy xăng,Coupe,Xe cũ,120000,Số tự động,Nhập khẩu,Quận 6 - Tp.HCM,https://oto.com.vn/mua-ban-xe-hyundai-veloster-hcm/3-cua-chat-zindep-aidxc23369548
23371800,Hyundai Veloster 2011,293000000.0,30/09/2025,2011,Máy xăng,Coupe,Xe cũ,82000,Số tự động,Nhập khẩu,Quận 1 - Tp.HCM,https://oto.com.vn/mua-ban-xe-hyundai-veloster-hcm/huyndai-2011-aidxc23371800
23357069,Hyundai Veloster 2016,155000000.0,22/08/2025,2016,Máy xăng,Sport Car,Xe cũ,90000,Số tự động,Nhập khẩu,Đăk Hà - Kon Tum,https://oto.com.vn/mua-ban-xe-hyundai-veloster-kon-tum/xe-gd-ban-rat-dep-aidxc23357069
23367325,Hyundai Venue 1.0 T-GDi Đặc biệt 2024,495000000.0,18/09/2025,2024,Máy xăng,SUV,Xe cũ,3000,Số tự động,Nhập khẩu,Đà Nẵng,https://oto.com.vn/mua-ban-xe-hyundai-venue-da-nang/2024-di-co-3000km-ban-dac-biet-aidxc23367325
23364508,Hyundai Venue 1.0 T-GDi Đặc biệt 2024,520000000.0,11/09/2025,2024,Máy xăng,SUV,Xe cũ,1,Số tự động,Nhập khẩu,Hà Nội,https://oto.com.vn/mua-ban-xe-hyundai-venue-ha-noi/10-t-gdi-dac-biet-2024-aidxc23364508
23330397,Hyundai Venue 1.0 T-GDi Đặc biệt 2023,536000000.0,08/06/2025,2023,Máy xăng,Hatchback,Xe cũ,18000,Số tự động,Trong nước,Thanh Xuân - Hà Nội,https://oto.com.vn/mua-ban-xe-hyundai-venue-ha-noi/huyndai-10-dac-biet-2023-aidxc23330397
23363047,Hyundai Venue 1.0 T-GDi Đặc biệt 2024,493000000.0,07/09/2025,2024,Máy xăng,Crossover,Xe cũ,10000,Số tự động,Trong nước,Cầu Giấy - Hà Nội,https://oto.com.vn/mua-ban-xe-hyundai-venue-ha-noi/xe-mot-chu-tu-moi-son-zin-ca-xe-tiet-kiem-70-trieu-so-voi-xe-moi-aidxc23363047
23366968,Hyundai Venue 1.0 T-GDi Đặc biệt 2023,455000000.0,17/09/2025,2023,Máy xăng,SUV,Xe cũ,60000,Số tự động,Trong nước,Tp.HCM,https://oto.com.vn/mua-ban-xe-hyundai-venue-hcm/2023-dac-biet-60000-km-aidxc23366968
23312162,Hyundai Venue 1.0 T-GDi Đặc biệt 2023,515000000.0,15/04/2025,2023,Máy xăng,N/A,Xe cũ,47000,Số tự động,Trong nước,Tân Bình - Tp.HCM,https://oto.com.vn/mua-ban-xe-hyundai-venue-hcm/sieu-luot-chi-di-4700km-aidxc23312162
23332764,Hyundai Venue 1.0 T-GDi 2024,526000000.0,17/07/2025,2024,Máy xăng,Crossover,Xe cũ,11000,Số tự động,Nhập khẩu,Tân Phú - Tp.HCM,https://oto.com.vn/mua-ban-xe-hyundai-venue-hcm/xe-luot-gia-tot-aidxc23332764
23371227,Hyundai Veracruz 2007,283000000.0,28/09/2025,2007,Máy dầu,SUV,Xe cũ,50000,Số tự động,Nhập khẩu,Tiên Du - Bắc Ninh,https://oto.com.vn/mua-ban-xe-hyundai-veracruz-bac-ninh/xe-suat-my-may-dau-dep-nhu-audi-aidxc23371227
23368111,Hyundai Verna ls 2009,220000000.0,19/09/2025,2009,Máy xăng,Sedan,Xe cũ,150000,Số tự động,Nhập khẩu,Hà Nội,https://oto.com.vn/mua-ban-xe-hyundai-verna-ha-noi/2009-16-at-150000-km-aidxc23368111
23341740,Hyundai Verna 2010,180000000.0,15/07/2025,2010,Máy xăng,Crossover,Xe cũ,177578,Số tự động,Nhập khẩu,Thường Tín - Hà Nội,https://oto.com.vn/mua-ban-xe-hyundai-verna-ha-noi/huyndai-2010-aidxc23341740
23349227,Hyundai Verna ls 2009,145000000.0,31/07/2025,2009,Máy xăng,Sedan,Xe cũ,100000,Số tự động,Nhập khẩu,Bình Chánh - Tp.HCM,https://oto.com.vn/mua-ban-xe-hyundai-verna-hcm/phien-ban-nhap-khau-tiet-kiem-nhien-lieu-aidxc23349227
23338316,Hyundai Verna 2010,135000000.0,07/09/2025,2010,Máy xăng,Sedan,Xe cũ,180000,Số sàn,Nhập khẩu,Đoan Hùng - Phú Thọ,https://oto.com.vn/mua-ban-xe-hyundai-verna-phu-tho/sedan-5-cho-gia-re-may-so-ngon-than-vo-chac-chan-aidxc23338316
23253240,Hyundai XG 300 2005,115000000.0,23/06/2025,2005,Máy xăng,Sedan,Xe cũ,120000,Số tự động,Nhập khẩu,Bắc Từ Liêm - Hà Nội,https://oto.com.vn/mua-ban-xe-hyundai-xg-ha-noi/ban-xe-300-2005-so-tu-dong-nhap-khau-aidxc23253240
23279965,Hyundai XG 2010,680000000.0,18/07/2025,2010,Máy xăng,Sedan,Xe cũ,120000,Số tự động,Nhập khẩu,Nam Từ Liêm - Hà Nội,https://oto.com.vn/mua-ban-xe-hyundai-xg-ha-noi/equusvs460-aidxc23279965
23289374,Infiniti EX 2009,390000000.0,12/08/2025,2009,Máy xăng,Hatchback,Xe cũ,77870,Số tự động,Nhập khẩu,Bình Thạnh - Tp.HCM,https://oto.com.vn/mua-ban-xe-infiniti-ex-hcm/350-nhap-my-2009-full-do-choi-nha-mua-moi-hon-3ty-mot-thang-aidxc23289374
23348215,Infiniti QX60 3.5L 2014,630000000.0,29/07/2025,2014,Máy xăng,SUV,Xe cũ,170017,Số tự động,Nhập khẩu,Gò Vấp - Tp.HCM,https://oto.com.vn/mua-ban-xe-infiniti-qx60-hcm/-aidxc23348215
23368528,Isuzu D-Max LS 3.0 4x2 MT 2012,285000000.0,21/09/2025,2012,Máy dầu,Bán tải,Xe cũ,220000,Số sàn,Nhập khẩu,Bình Dương,https://oto.com.vn/mua-ban-xe-isuzu-d-max-binh-duong/dmax-2012-ban-30-mt-don-kieng-aidxc23368528
23363451,Isuzu D-Max LS 2.5 4x4 MT 2016,395000000.0,09/09/2025,2016,Máy dầu,Bán tải,Xe cũ,152400,Số sàn,Nhập khẩu,Đà Nẵng,https://oto.com.vn/mua-ban-xe-isuzu-d-max-da-nang/dmax-2016-ls-25-mt-152400-km-aidxc23363451
23371977,Isuzu D-Max 2022,415000000.0,01/10/2025,2022,Máy dầu,Bán tải,Xe cũ,46000,Số sàn,Nhập khẩu,Đà Nẵng,https://oto.com.vn/mua-ban-xe-isuzu-d-max-da-nang/dmax-2022-46000-km-aidxc23371977
23366158,Isuzu D-Max 4x4 2008,185000000.0,15/09/2025,2008,Máy dầu,Bán tải,Xe cũ,200000,Số sàn,Trong nước,Đắk Nông,https://oto.com.vn/mua-ban-xe-isuzu-d-max-dak-nong/dmax-2008-200000-km-aidxc23366158
23366195,Isuzu D-Max LS 2.5 4x4 MT 2009,195000000.0,16/09/2025,2009,Máy dầu,Bán tải,Xe cũ,250000,Số sàn,Trong nước,Gia Nghĩa - Đắk Nông,https://oto.com.vn/mua-ban-xe-isuzu-d-max-dak-nong/dmax-2008-so-san-2-cau-may-zin-2500000-km-aidxc23366195
23371625,Isuzu D-Max LS 2.5 4x4 MT 2015,300000000.0,30/09/2025,2015,Máy dầu,Bán tải,Xe cũ,50000,Số sàn,Nhập khẩu,Đắk Nông,https://oto.com.vn/mua-ban-xe-isuzu-d-max-dak-nong/dmax-2015-ls-25-4x2-mt-50000-km-aidxc23371625
23363758,Isuzu D-Max LS 3.0 4x4 MT 2011,265000000.0,10/09/2025,2011,Máy dầu,Bán tải,Xe cũ,135000,Số sàn,Nhập khẩu,Hà Nội,https://oto.com.vn/mua-ban-xe-isuzu-d-max-ha-noi/dmax-2011-ls-30-4x4-mt-135000-km-aidxc23363758
23366705,Isuzu D-Max LS 2.5 4x4 MT 2016,365000000.0,17/09/2025,2016,Máy dầu,Bán tải,Xe cũ,180000,Số sàn,Nhập khẩu,Hà Nội,https://oto.com.vn/mua-ban-xe-isuzu-d-max-ha-noi/dmax-2016-ls-25-4x4-mt-2-cau-aidxc23366705
23372375,Isuzu D-Max LS 2.5 4x4 AT 2016,420000000.0,02/10/2025,2016,Máy dầu,Bán tải,Xe cũ,160000,Số tự động,Nhập khẩu,Hà Nội,https://oto.com.vn/mua-ban-xe-isuzu-d-max-ha-noi/dmax-sx-2016-25at-4x4-noi-tieng-ben-kinh-te-aidxc23372375
23345287,Isuzu D-Max LS 3.0 4x2 AT 2008,195000000.0,28/08/2025,2008,Máy dầu,Bán tải,Xe cũ,160000,Số tự động,Trong nước,Hà Đông - Hà Nội,https://oto.com.vn/mua-ban-xe-isuzu-d-max-ha-noi/gia-chua-den-2-dong-aidxc23345287
23345442,Isuzu D-Max LS 4x2 MT 2011,230000000.0,28/08/2025,2011,Máy dầu,Bán tải,Xe cũ,160000,Số sàn,Trong nước,Hà Đông - Hà Nội,https://oto.com.vn/mua-ban-xe-isuzu-d-max-ha-noi/so-san-1-cau-aidxc23345442
23361547,Isuzu D-Max LS 2.5 4x4 MT 2016,346000000.0,04/09/2025,2016,Máy dầu,Bán tải,Xe cũ,162000,Số sàn,Nhập khẩu,Tp.HCM,https://oto.com.vn/mua-ban-xe-isuzu-d-max-hcm/2016-ls-25-4x2-mt-162000-km-aidxc23361547
23364447,Isuzu D-Max LS 2.5 4x4 MT 2017,450000000.0,11/09/2025,2017,Máy dầu,Bán tải,Xe cũ,300000,Số sàn,Nhập khẩu,Tp.HCM,https://oto.com.vn/mua-ban-xe-isuzu-d-max-hcm/400-2017-ls-25-4x2-mt-300000-km-aidxc23364447
23371854,Isuzu D-Max LS 2.5 4x4 MT 2016,450000000.0,30/09/2025,2016,Máy dầu,Bán tải,Xe cũ,317630,Số sàn,Nhập khẩu,Tp.HCM,https://oto.com.vn/mua-ban-xe-isuzu-d-max-hcm/dmax-2016-ls-25-4x2-mt-317630-km-aidxc23371854
23366033,Isuzu D-Max LS 3.0 4x4 MT 2013,358000000.0,15/09/2025,2013,Máy dầu,Bán tải,Xe cũ,234567,Số sàn,Nhập khẩu,Đức Trọng - Lâm Đồng,https://oto.com.vn/mua-ban-xe-isuzu-d-max-lam-dong/dmax-2013-ls-30-4x4-mt-234567-km-aidxc23366033
23371612,Isuzu Hi Lander X-treme 2004,135000000.0,30/09/2025,2004,Máy dầu,SUV,Xe cũ,230000,Số tự động,Trong nước,Bình Thuận,https://oto.com.vn/mua-ban-xe-isuzu-hi-lander-binh-thuan/2004-x-treme-at-230000-km-aidxc23371612
23317281,Isuzu Hi Lander 2.5AT 2004,115000000.0,03/07/2025,2004,Máy dầu,SUV,Xe cũ,155000,Số tự động,Trong nước,Hải Châu - Đà Nẵng,https://oto.com.vn/mua-ban-xe-isuzu-hi-lander-da-nang/ban-so-tu-dong-may-dau-7-cho-aidxc23317281
23336648,Isuzu Hi Lander 2.5AT 2005,155000000.0,01/07/2025,2005,Máy dầu,SUV,Xe cũ,250000,Số tự động,Trong nước,Biên Hòa - Đồng Nai,https://oto.com.vn/mua-ban-xe-isuzu-hi-lander-dong-nai/so-tu-dong-250000km-aidxc23336648
23361442,Isuzu Hi Lander 2.5AT 2004,110000000.0,03/09/2025,2004,Máy dầu,SUV,Xe cũ,138000,Số sàn,Trong nước,Đồng Tháp,https://oto.com.vn/mua-ban-xe-isuzu-hi-lander-dong-thap/hilander-2004-25-mt-138000-km-aidxc23361442
23367754,Isuzu Hi Lander 2006,129000000.0,19/09/2025,2006,Máy xăng,SUV,Xe cũ,N/A,Số tự động,N/A,Hà Nội,https://oto.com.vn/mua-ban-xe-isuzu-hi-lander-ha-noi/2006-so-tu-dong-tai-aidxc23367754
23264416,Isuzu Hi Lander 2009,135000000.0,14/04/2025,2009,Máy dầu,N/A,Xe cũ,12000,Số sàn,Trong nước,Hà Đông - Hà Nội,https://oto.com.vn/mua-ban-xe-isuzu-hi-lander-ha-noi/xe-dep-chinh-chu-aidxc23264416
23370407,Isuzu Hi Lander 2006,130000000.0,26/09/2025,2006,Máy dầu,SUV,Xe cũ,123456,Số sàn,Trong nước,Hậu Giang,https://oto.com.vn/mua-ban-xe-isuzu-hi-lander-hau-giang/2006-123456-km-aidxc23370407
23364491,Isuzu Hi Lander X-treme 2009,165000000.0,11/09/2025,2009,Máy xăng,Bán tải,Xe cũ,100000,Số sàn,Trong nước,Tp.HCM,https://oto.com.vn/mua-ban-xe-isuzu-hi-lander-hcm/2009-x-treme-25-mt-100000-km-aidxc23364491
23372143,Isuzu Hi Lander LX 2005,107000000.0,01/10/2025,2005,Máy dầu,SUV,Xe cũ,321584,Số sàn,Nhập khẩu,Tiền Giang,https://oto.com.vn/mua-ban-xe-isuzu-hi-lander-tien-giang/2005-lx-321584-km-aidxc23372143
23361500,Isuzu mu-X 1.9 B7 4x2 MT 2019,465000000.0,04/09/2025,2019,Máy dầu,SUV,Xe cũ,200,Số sàn,Nhập khẩu,Cần Thơ,https://oto.com.vn/mua-ban-xe-isuzu-mu-x-can-tho/can-ban-gap-mux-2019-aidxc23361500
23363635,Isuzu mu-X 2.5 4x2 MT 2017,420000000.0,10/09/2025,2017,Máy dầu,SUV,Xe cũ,100000,Số sàn,Nhập khẩu,Đắk Lắk,https://oto.com.vn/mua-ban-xe-isuzu-mu-x-dak-lak/2017-25-4x2-mt-100000-km-aidxc23363635
23365727,Isuzu mu-X 1.9 PRESTIGE 4X2 AT 2018,565000000.0,14/09/2025,2018,Máy dầu,SUV,Xe cũ,104000,Số tự động,Nhập khẩu,Buôn Ma Thuột - Đắk Lắk,https://oto.com.vn/mua-ban-xe-isuzu-mu-x-dak-lak/2018-19-4x2-at-aidxc23365727
23372331,Isuzu mu-X 2.5 4x2 MT 2017,439000000.0,02/10/2025,2017,Máy dầu,SUV,Xe cũ,105000,Số sàn,Nhập khẩu,Đồng Nai,https://oto.com.vn/mua-ban-xe-isuzu-mu-x-dong-nai/2017-25-4x2-mt-xe-gia-dinh-di-ky-aidxc23372331
23368674,Isuzu mu-X B7 2021,580000000.0,21/09/2025,2021,Máy dầu,SUV,Xe cũ,90000,Số sàn,Nhập khẩu,Đồng Nai,https://oto.com.vn/mua-ban-xe-isuzu-mu-x-dong-nai/2021-b7-90000-km-aidxc23368674
23361948,Isuzu mu-X 3.0 2017,468000000.0,05/09/2025,2017,Máy dầu,SUV,Xe cũ,138000,Số tự động,Nhập khẩu,Đồng Tháp,https://oto.com.vn/mua-ban-xe-isuzu-mu-x-dong-thap/2017-30-at-xe-dep-may-moc-bao-zin-aidxc23361948
23361466,Isuzu mu-X 2019,525000000.0,04/09/2025,2019,Máy xăng,SUV,Xe cũ,N/A,Số tự động,Nhập khẩu,Hà Nội,https://oto.com.vn/mua-ban-xe-isuzu-mu-x-ha-noi/2019-aidxc23361466
23367557,Isuzu mu-X 3.0 PRESTIGE 4X4 AT 2016,480000000.0,18/09/2025,2016,Máy dầu,SUV,Xe cũ,72000,Số tự động,Nhập khẩu,Tp.HCM,https://oto.com.vn/mua-ban-xe-isuzu-mu-x-hcm/2016-may-dau-so-tu-dong-aidxc23367557
23365603,Isuzu mu-X 1.9 PRESTIGE 4X2 AT 2018,565000000.0,14/09/2025,2018,Máy dầu,SUV,Xe cũ,74000,Số tự động,Nhập khẩu,Tp.HCM,https://oto.com.vn/mua-ban-xe-isuzu-mu-x-hcm/2018-19-4x2-at-74000-km-aidxc23365603
23370738,Isuzu mu-X 1.9 PRESTIGE 4X2 AT 2019,615000000.0,27/09/2025,2019,Máy dầu,SUV,Xe cũ,100000,Số tự động,Nhập khẩu,Hoàng Mai - Tp.HCM,https://oto.com.vn/mua-ban-xe-isuzu-mu-x-hcm/2019-19-4x2-at-100000-km-aidxc23370738
23367690,Isuzu mu-X 1.9 PRESTIGE 4X2 AT 2019,579000000.0,19/09/2025,2019,Máy dầu,Bán tải,Xe cũ,89000,Số tự động,Nhập khẩu,Bình Tân - Tp.HCM,https://oto.com.vn/mua-ban-xe-isuzu-mu-x-hcm/2019-19-4x2-at-89000-km-aidxc23367690
23365995,Isuzu mu-X 3.0 PRESTIGE 4X4 AT 2019,690000000.0,15/09/2025,2019,Máy dầu,Bán tải,Xe cũ,600000,Số tự động,Nhập khẩu,Tp.HCM,https://oto.com.vn/mua-ban-xe-isuzu-mu-x-hcm/2019-30l-4x4-at-600000-km-aidxc23365995
23367161,Isuzu mu-X 2.5 4x2 MT 2016,410000000.0,17/09/2025,2016,Máy dầu,SUV,Xe cũ,146000,Số sàn,Nhập khẩu,Tp.HCM,https://oto.com.vn/mua-ban-xe-isuzu-mu-x-hcm/25-so-san-doi-cuoi-2016-aidxc23367161
23364933,Isuzu mu-X 1.9 PRESTIGE 4X2 AT 2018,550000000.0,12/09/2025,2018,Máy dầu,SUV,Xe cũ,240000,Số tự động,Nhập khẩu,Lâm Đồng,https://oto.com.vn/mua-ban-xe-isuzu-mu-x-lam-dong/2018-19-4x2-at-240000-km-aidxc23364933
23366926,Isuzu mu-X 2018,499000000.0,17/09/2025,2018,Máy dầu,Bán tải,Xe cũ,282000,Số tự động,Nhập khẩu,Quảng Nam,https://oto.com.vn/mua-ban-xe-isuzu-mu-x-quang-nam/mux-2018-aidxc23366926
23353859,Isuzu NQR 550 2023,805000000.0,15/09/2025,2023,Máy dầu,Xe tải,Xe cũ,30000,Số sàn,Trong nước,Đông Anh - Hà Nội,https://oto.com.vn/mua-ban-xe-isuzu-nqr-ha-noi/ban-75me4-thung-mui-bat-tai-55tan-aidxc23353859
23371493,Isuzu QKR 2018,300000000.0,29/09/2025,2018,Máy dầu,Xe tải,Xe cũ,99,Số sàn,Trong nước,Hoàng Mai - Hà Nội,https://oto.com.vn/mua-ban-xe-isuzu-qkr-ha-noi/ban-xe-77fe4-gia-3xx-aidxc23371493
23336470,Isuzu QKR 2018,350000000.0,30/06/2025,2018,Máy dầu,Xe tải,Xe cũ,92274,Số sàn,Trong nước,Quận 2 - Tp.HCM,https://oto.com.vn/mua-ban-xe-isuzu-qkr-hcm/ban-xe-tai-24-tan-doi-2018-aidxc23336470
23333145,Isuzu QKR 270 2019,385000000.0,16/06/2025,2019,Máy dầu,Xe tải,Xe cũ,13000,Số sàn,Trong nước,Tp.HCM,https://oto.com.vn/mua-ban-xe-isuzu-qkr-hcm/lsuzu-2019-thung-kin-xe-chay-giu-gin-do-choi-day-du-xe-chay-nghiem-chinh-uu-tien-bac-nao-nhanh-aidxc23333145
23364083,Isuzu QKR 2022,500000000.0,11/09/2025,2022,Máy dầu,Xe tải,Xe cũ,800000,Số sàn,Nhập khẩu,Vĩnh Phúc,https://oto.com.vn/mua-ban-xe-isuzu-qkr-vinh-phuc/2022-800000-km-aidxc23364083
23349165,Isuzu Trooper 1999,69000000.0,31/07/2025,1999,Máy xăng,SUV,Xe cũ,155000,Số sàn,Nhập khẩu,Hải Châu - Đà Nẵng,https://oto.com.vn/mua-ban-xe-isuzu-trooper-da-nang/ban-mt-nhap-nhat-ban-2-tui-khi-2-gian-lanh-2-cau-bao-moi-dia-hinh-xe-sieu-aidxc23349165
23347484,JAC A5 2017,920000000.0,28/07/2025,2017,Máy dầu,Xe tải,Xe cũ,127000,Số sàn,Nhập khẩu,Plei Ku - Gia Lai,https://oto.com.vn/mua-ban-xe-jac-a5-gia-lai/k5-xe-ben-4-chan-aidxc23347484
23333671,JAC A5 2022,248000000.0,18/06/2025,2022,Máy dầu,Xe tải,Xe cũ,1000,Số sàn,Trong nước,Cầu Giấy - Hà Nội,https://oto.com.vn/mua-ban-xe-jac-a5-ha-noi/jupiter-thanh-ly-aidxc23333671
23358783,JAC A5 2022,210000000.0,26/08/2025,2022,Máy dầu,Xe tải,Xe cũ,100000,Số sàn,Trong nước,Vinh - Nghệ An,https://oto.com.vn/mua-ban-xe-jac-a5-nghe-an/co-hoi-so-huu-xe-tai-trang-dep-tai-tp-hcm-aidxc23358783
23335716,JAC N200S 2023,264000000.0,26/06/2025,2023,Máy dầu,Xe tải,Xe cũ,10000,Số sàn,Trong nước,Bình Thủy - Cần Thơ,https://oto.com.vn/mua-ban-xe-jac-n200s-can-tho/jupiter-phat-mai-xe-aidxc23335716
23368578,Jaguar XE 2.0 HSE 2016,600000000.0,21/09/2025,2016,Máy xăng,Sedan,Xe cũ,93000,Số tự động,Nhập khẩu,Quận 4 - Tp.HCM,https://oto.com.vn/mua-ban-xe-jaguar-xe-hcm/2016-93000-km-aidxc23368578
23331899,Jaguar XF 2018,1099000000.0,12/06/2025,2018,Máy xăng,Sedan,Xe cũ,70000,Số tự động,Nhập khẩu,Hải Châu - Đà Nẵng,https://oto.com.vn/mua-ban-xe-jaguar-xf-da-nang/nhap-khau-anh-aidxc23331899
23331904,Jaguar XF 2018,1099000000.0,24/09/2025,2018,Máy xăng,Sedan,Xe cũ,70000,Số tự động,Nhập khẩu,Gia Lâm - Hà Nội,https://oto.com.vn/mua-ban-xe-jaguar-xf-ha-noi/nhap-khau-anh-aidxc23331904
23364700,Jaguar XF 2016,890000000.0,12/09/2025,2016,Máy xăng,Sedan,Xe cũ,60000,Số tự động,Nhập khẩu,Tp.HCM,https://oto.com.vn/mua-ban-xe-jaguar-xf-hcm/2016-60000-km-aidxc23364700
23269477,Jaguar XF 2018,999000000.0,15/09/2025,2018,Máy xăng,Sedan,Xe cũ,70000,Số tự động,Nhập khẩu,Quận 1 - Tp.HCM,https://oto.com.vn/mua-ban-xe-jaguar-xf-hcm/nhap-khau-anh-aidxc23269477
23368550,Jaguar XF 2.0 AT 2014,626000000.0,21/09/2025,2014,Máy xăng,Sedan,Xe cũ,90000,Số tự động,Nhập khẩu,Khánh Hòa,https://oto.com.vn/mua-ban-xe-jaguar-xf-khanh-hoa/2014-20at-fremium-fulloption-xuat-my-aidxc23368550
23350400,Jaguar XJ series 2010,900000000.0,03/09/2025,2010,Máy dầu,Sedan,Xe cũ,91000,Số tự động,Nhập khẩu,Thủ Đức - Tp.HCM,https://oto.com.vn/mua-ban-xe-jaguar-xj-series-hcm/xe-dam-bao-chat-luong-cam-ket-khong-loi-ho-tro-kiem-tra-tai-hang-aidxc23350400
23340275,Jaguar XJL V8 2014,1550000000.0,28/08/2025,2014,Máy xăng,Sedan,Xe cũ,44000,Số tự động,Nhập khẩu,Nam Từ Liêm - Hà Nội,https://oto.com.vn/mua-ban-xe-jaguar-xjl-ha-noi/ban-dac-biet-hieu-suat-cao-super-sport-aidxc23340275
23333672,Jeep A2 1995,165000000.0,18/06/2025,1995,Máy xăng,Bán tải,Xe cũ,100000,Số sàn,Nhập khẩu,Đà Nẵng,https://oto.com.vn/mua-ban-xe-jeep-a2-da-nang/thanh-ly-em-ay-gap-aidxc23333672
23364285,Jeep A2 1980,260000000.0,11/09/2025,1980,Máy xăng,Special Purpose,Xe cũ,200,Số sàn,Nhập khẩu,Đồng Nai,https://oto.com.vn/mua-ban-xe-jeep-a2-dong-nai/truoc-nam-1980-200-km-aidxc23364285
23339965,Jeep Cherokee 2023,4599000000.0,11/07/2025,2023,Máy xăng,SUV,Xe cũ,25555,Số tự động,Nhập khẩu,Quận 7 - Tp.HCM,https://oto.com.vn/mua-ban-xe-jeep-cherokee-hcm/tiet-kiem-ngay-2ti-bank-70-aidxc23339965
23353735,Jeep Grand Cheroke 2024,3999000000.0,14/08/2025,2024,Máy xăng,SUV,Xe cũ,26000,Số tự động,Nhập khẩu,Quận 7 - Tp.HCM,https://oto.com.vn/mua-ban-xe-jeep-grand-cheroke-hcm/duy-nhat-vn-aidxc23353735
23342469,Jeep Grand Cheroke 2023,4589000000.0,18/09/2025,2023,Máy xăng,SUV,Xe cũ,25000,Số tự động,Nhập khẩu,Quận 7 - Tp.HCM,https://oto.com.vn/mua-ban-xe-jeep-grand-cheroke-hcm/phien-ban-limited-7-cho-dong-co-v6-36l-manh-me-aidxc23342469
23363994,Jeep Wrangler Rubicon 2022,2999000000.0,10/09/2025,2022,Máy xăng,SUV,Xe cũ,4998,Số tự động,Nhập khẩu,Hà Nội,https://oto.com.vn/mua-ban-xe-jeep-wrangler-ha-noi/unlimited-2022-aidxc23363994
23315217,Jeep Wrangler Rubicon 2022,2550000000.0,24/04/2025,2022,Máy xăng,SUV,Xe cũ,50000,Số tự động,Nhập khẩu,Quận 7 - Tp.HCM,https://oto.com.vn/mua-ban-xe-jeep-wrangler-hcm/2-ty-550-trieu-aidxc23315217
23338065,Jeep Wrangler Rubicon 2021,2499000000.0,08/09/2025,2021,Máy xăng,SUV,Xe cũ,45000,Số tự động,Nhập khẩu,Quận 7 - Tp.HCM,https://oto.com.vn/mua-ban-xe-jeep-wrangler-hcm/suv-dia-hinh-cuc-chat-danh-cho-dan-dam-me-off-road-aidxc23338065
23337881,Jeep Wrangler Rubicon 2021,2499000000.0,04/09/2025,2021,Máy xăng,SUV,Xe cũ,45000,Số tự động,Nhập khẩu,Quận 7 - Tp.HCM,https://oto.com.vn/mua-ban-xe-jeep-wrangler-hcm/tiet-kiem-hon-1ti-bank-70-aidxc23337881
23326384,Jeep Wrangler Rubicon 2021,2449000000.0,09/09/2025,2021,Máy xăng,SUV,Xe cũ,43000,Số tự động,Nhập khẩu,Quận 7 - Tp.HCM,https://oto.com.vn/mua-ban-xe-jeep-wrangler-hcm/xe-suv-manh-me-phong-cach-off-road-dinh-cao-aidxc23326384
23350340,KenBo Xe du lịch 2018,120000000.0,04/08/2025,2018,Máy xăng,Van/Minivan,Xe cũ,80000,Số sàn,Trong nước,Hà Đông - Hà Nội,https://oto.com.vn/mua-ban-xe-kenbo-xe-du-lich-ha-noi/may-xang-xe-da-chay-8-van-km-aidxc23350340
23365389,KenBo Xe du lịch 2018,120000000.0,13/09/2025,2018,Máy xăng,Van/Minivan,Xe cũ,80000,Số sàn,Trong nước,Hà Đông - Hà Nội,https://oto.com.vn/mua-ban-xe-kenbo-xe-du-lich-ha-noi/may-xang-xe-da-chay-8-van-km-aidxc23365389
23336277,KenBo Xe tải thùng 2023,180000000.0,30/09/2025,2023,Máy xăng,Van/Minivan,Xe cũ,30000,Số sàn,Trong nước,Đông Anh - Hà Nội,https://oto.com.vn/mua-ban-xe-kenbo-xe-tai-thung-ha-noi/ban-van-2-cho-sx-2023-xe-chay-hon-3-van-aidxc23336277
23371683,Kia Carens EX 2.0 MT 2016,230000000.0,30/09/2025,2016,Máy xăng,MPV,Xe cũ,190000,Số sàn,Trong nước,An Giang,https://oto.com.vn/mua-ban-xe-kia-carens-an-giang/2016-ex-mt-20-190000-km-aidxc23371683
23371887,Kia Carens EX 2.0 MT 2009,190000000.0,30/09/2025,2009,Máy xăng,MPV,Xe cũ,200000,Số sàn,Nhập khẩu,Đắk Lắk,https://oto.com.vn/mua-ban-xe-kia-carens-dak-lak/2009-ex-20-mt-200000-km-aidxc23371887
23370269,Kia Carens EX 2.0 MT 2010,150000000.0,25/09/2025,2010,Máy xăng,MPV,Xe cũ,160000,Số sàn,Nhập khẩu,Đồng Nai,https://oto.com.vn/mua-ban-xe-kia-carens-dong-nai/2010-ex-15-mt-1600000-km-aidxc23370269
23369644,Kia Carens EX 2.0 MT 2016,225000000.0,24/09/2025,2016,Máy xăng,MPV,Xe cũ,70000,Số sàn,Nhập khẩu,Gia Lai,https://oto.com.vn/mua-ban-xe-kia-carens-gia-lai/2016-ex-mt-20-70000-km-aidxc23369644
23368197,Kia Carens SX 2.0 AT 2010,195000000.0,20/09/2025,2010,Máy xăng,MPV,Xe cũ,210000,Số tự động,Trong nước,Cầu Giấy - Hà Nội,https://oto.com.vn/mua-ban-xe-kia-carens-ha-noi/20092025-lien-he-a-trung-thanh-pho-0944212487-aidxc23368197
23371576,Kia Carens SX 2.0 AT 2010,215000000.0,30/09/2025,2010,Máy xăng,MPV,Xe cũ,95000,Số tự động,Nhập khẩu,Hà Nội,https://oto.com.vn/mua-ban-xe-kia-carens-ha-noi/2010-sx-20-at-95000-km-aidxc23371576
23372057,Kia Carens 2012,229000000.0,01/10/2025,2012,Máy xăng,N/A,Xe cũ,N/A,Số tự động,Nhập khẩu,Hà Nội,https://oto.com.vn/mua-ban-xe-kia-carens-ha-noi/2012-aidxc23372057
23371126,Kia Carens 1.5G Luxury 2023,595000000.0,29/09/2025,2023,Máy xăng,SUV,Xe cũ,26000,Số tự động,Trong nước,Cầu Giấy - Hà Nội,https://oto.com.vn/mua-ban-xe-kia-carens-ha-noi/ho-tro-tra-gop-len-toi-70-aidxc23371126
23335730,Kia Carens SX 2.0 AT 2011,230000000.0,29/09/2025,2011,Máy xăng,MPV,Xe cũ,120000,Số tự động,Trong nước,Đông Anh - Hà Nội,https://oto.com.vn/mua-ban-xe-kia-carens-ha-noi/xe-tu-nhan-chay-12van-aidxc23335730
23371648,Kia Carens SX 2.0 MT 2011,145000000.0,30/09/2025,2011,Máy xăng,MPV,Xe cũ,133333,Số sàn,Nhập khẩu,Hà Tĩnh,https://oto.com.vn/mua-ban-xe-kia-carens-ha-tinh/2011-sx-20-mt-133333-km-aidxc23371648
23364196,Kia Carens S 2.0 MT 2015,220000000.0,11/09/2025,2015,Máy xăng,MPV,Xe cũ,120000,Số sàn,Trong nước,Chí Linh - Hải Dương,https://oto.com.vn/mua-ban-xe-kia-carens-hai-duong/2015-mt-20-12v-aidxc23364196
23372187,Kia Carens 1.7 CRDi AT 2008,239000000.0,01/10/2025,2008,Máy dầu,MPV,Xe cũ,140000,Số tự động,Nhập khẩu,Tp.HCM,https://oto.com.vn/mua-ban-xe-kia-carens-hcm/2008-crdi-20-at-zin-det-aidxc23372187
23372407,Kia Carens 1.7 CRDi AT 2009,217000000.0,02/10/2025,2009,Máy dầu,MPV,Xe cũ,156,Số tự động,Nhập khẩu,Tp.HCM,https://oto.com.vn/mua-ban-xe-kia-carens-hcm/2009-7c-20-at-dau-tu-dong156-ngan-km-aidxc23372407
23369400,Kia Carens 1.5G Luxury 2022,529000000.0,23/09/2025,2022,Máy xăng,MPV,Xe cũ,45000,Số tự động,Trong nước,Tp.HCM,https://oto.com.vn/mua-ban-xe-kia-carens-hcm/2022-15g-luxury-45000-km-aidxc23369400
23368833,Kia Carens SX 2.0 MT 2011,125000000.0,22/09/2025,2011,Máy xăng,MPV,Xe cũ,N/A,Số sàn,Nhập khẩu,Tp.HCM,https://oto.com.vn/mua-ban-xe-kia-carens-hcm/ban-caren-2011-mt-aidxc23368833
23365931,Kia Carnival 3.5G Signature 2023,1230000000.0,15/09/2025,2023,Máy xăng,MPV,Xe cũ,69000,Số tự động,Trong nước,Đống Đa - Hà Nội,https://oto.com.vn/mua-ban-xe-kia-carnival-ha-noi/35-signature-2022-aidxc23365931
23370082,Kia Carnival 2.2D Signature 2023,1268000000.0,25/09/2025,2023,Máy dầu,MPV,Xe cũ,60000,Số tự động,Trong nước,Cầu Giấy - Hà Nội,https://oto.com.vn/mua-ban-xe-kia-carnival-ha-noi/chat-xe-sieu-dep-aidxc23370082
23313412,Kia Carnival Royal 2023,1990000000.0,25/09/2025,2023,Máy xăng,MPV,Xe cũ,22000,Số tự động,Trong nước,Bắc Từ Liêm - Hà Nội,https://oto.com.vn/mua-ban-xe-kia-carnival-ha-noi/chay-2v-km-zin-sieu-moi-aidxc23313412
23364071,Kia Carnival 2.2D Signature 2023,1259000000.0,11/09/2025,2023,Máy dầu,MPV,Xe cũ,60000,Số tự động,Trong nước,Cầu Giấy - Hà Nội,https://oto.com.vn/mua-ban-xe-kia-carnival-ha-noi/cuc-dep-aidxc23364071
23316741,Kia Carnival 2.2D Signature 2022,1230000000.0,04/09/2025,2022,Máy dầu,MPV,Xe cũ,50000,Số tự động,Trong nước,Long Biên - Hà Nội,https://oto.com.vn/mua-ban-xe-kia-carnival-ha-noi/full-dau-bao-check-thoai-mai-aidxc23316741
23363214,Kia Carnival 2.2D Signature 2024,1385000000.0,08/09/2025,2024,Máy dầu,MPV,Xe cũ,9000,Số tự động,Trong nước,Hà Nội,https://oto.com.vn/mua-ban-xe-kia-carnival-ha-noi/net-cang-aidxc23363214
23363078,Kia Carnival 2.2D Signature 2024,1390000000.0,07/09/2025,2024,Máy dầu,MPV,Xe cũ,28000,Số tự động,Trong nước,Hà Nội,https://oto.com.vn/mua-ban-xe-kia-carnival-ha-noi/sieu-cop-aidxc23363078
23363967,Kia Carnival 2.2D Signature 2023,1279000000.0,10/09/2025,2023,Máy dầu,MPV,Xe cũ,40000,Số tự động,Trong nước,Cầu Giấy - Hà Nội,https://oto.com.vn/mua-ban-xe-kia-carnival-ha-noi/xe-moi-cung-bao-check-100-aidxc23363967
23366664,Kia Carnival 2025,1800000000.0,16/09/2025,2025,Hybrid,MPV,Xe cũ,1000,Số tự động,Trong nước,Hải An - Hải Phòng,https://oto.com.vn/mua-ban-xe-kia-carnival-hai-phong/xe-luot-odo-cuc-thap-gia-tot-aidxc23366664
23367377,Kia Carnival 2.2D Signature 2022,1175000000.0,18/09/2025,2022,Máy dầu,MPV,Xe cũ,70000,Số tự động,Trong nước,Quận 8 - Tp.HCM,https://oto.com.vn/mua-ban-xe-kia-carnival-hcm/1-chu-odo-chuan-7-van-xe-dep-chuan-chinh-aidxc23367377
23372063,Kia Carnival 2.2D Signature 2021,1070000000.0,01/10/2025,2021,Máy dầu,MPV,Xe cũ,63000,Số tự động,Trong nước,Tp.HCM,https://oto.com.vn/mua-ban-xe-kia-carnival-hcm/2021-22d-signature-63000-km-aidxc23372063
23372503,Kia Carnival 3.5G Signature 2022,1180000000.0,02/10/2025,2022,Máy xăng,MPV,Xe cũ,39000,Số tự động,Trong nước,Tp.HCM,https://oto.com.vn/mua-ban-xe-kia-carnival-hcm/2022-35g-signature-7-cho-39000-km-aidxc23372503
23371492,Kia Carnival 3.5G Signature 2022,1190000000.0,29/09/2025,2022,Máy xăng,MPV,Xe cũ,40000,Số tự động,Trong nước,Thủ Đức - Tp.HCM,https://oto.com.vn/mua-ban-xe-kia-carnival-hcm/mpv-cao-cap-day-du-tien-nghi-aidxc23371492
23353683,Kia Carnival 2.2D Signature 2023,1399000000.0,18/09/2025,2023,Máy xăng,MPV,Xe cũ,14800,Số tự động,Trong nước,Quận 7 - Tp.HCM,https://oto.com.vn/mua-ban-xe-kia-carnival-hcm/sieu-luot-cap-ben-aidxc23353683
23364723,Kia Carnival 2.5 AT 2023,1369000000.0,12/09/2025,2023,Máy xăng,MPV,Xe cũ,21000,Số tự động,Trong nước,Tân An - Long An,https://oto.com.vn/mua-ban-xe-kia-carnival-long-an/ban-full-xang-xe-dep-gia-tot-thuong-luong-aidxc23364723
23347276,Kia Carnival 2.2D Premium 2021,968000000.0,07/09/2025,2021,Máy dầu,MPV,Xe cũ,60000,Số tự động,Trong nước,Đoan Hùng - Phú Thọ,https://oto.com.vn/mua-ban-xe-kia-carnival-phu-tho/can-ban-gap-xe-mpv-day-du-tien-nghi-ban-premium-aidxc23347276
23315777,Kia CD5 2004,48000000.0,28/07/2025,2004,Máy xăng,Hatchback,Xe cũ,160000,Số sàn,Trong nước,Thạch Thất - Hà Nội,https://oto.com.vn/mua-ban-xe-kia-cd5-ha-noi/bien-thu-do-dang-kiem-moi-aidxc23315777
23371288,Kia Cerato 2.0 AT Premium 2020,499000000.0,29/09/2025,2020,Máy xăng,Sedan,Xe cũ,80000,Số tự động,Nhập khẩu,Đà Nẵng,https://oto.com.vn/mua-ban-xe-kia-cerato-da-nang/2020-20-at-premium-80000-km-aidxc23371288
23358338,Kia Cerato 1.6 AT Luxury 2020,469000000.0,25/09/2025,2020,Máy xăng,Sedan,Xe cũ,50000,Số tự động,Trong nước,Tây Hồ - Hà Nội,https://oto.com.vn/mua-ban-xe-kia-cerato-ha-noi/1-chu-sieu-chat-aidxc23358338
23370197,Kia Cerato 2.0 AT Premium 2016,360000000.0,25/09/2025,2016,Máy xăng,Sedan,Xe cũ,60000,Số tự động,Trong nước,Đông Anh - Hà Nội,https://oto.com.vn/mua-ban-xe-kia-cerato-ha-noi/1-chu-sieu-moi-gia-tot-co-cam-ket-chat-luong-bang-van-ban-aidxc23370197
23349357,Kia Cerato 2021,479000000.0,05/09/2025,2021,Máy xăng,Sedan,Xe cũ,70000,Số tự động,Trong nước,Hà Nội,https://oto.com.vn/mua-ban-xe-kia-cerato-ha-noi/1-chu-tu-moi-chay-70000km-full-ls-bao-duong-aidxc23349357
23363780,Kia Cerato 2.0 AT Premium 2020,485000000.0,10/09/2025,2020,Máy xăng,Sedan,Xe cũ,39000,Số tự động,Trong nước,Nam Từ Liêm - Hà Nội,https://oto.com.vn/mua-ban-xe-kia-cerato-ha-noi/1-chu-tu-moi-ky-cong-chung-od-39-van-zin-aidxc23363780
23364006,Kia Cerato 2.0 AT Premium 2020,470000000.0,10/09/2025,2020,Máy xăng,Sedan,Xe cũ,72000,Số tự động,Trong nước,Hoàng Mai - Hà Nội,https://oto.com.vn/mua-ban-xe-kia-cerato-ha-noi/salon-xin-duoc-chao-ban-chiec-xe-aidxc23364006
23345882,Kia Cerato 1.6 AT Luxury 2018,438000000.0,26/09/2025,2018,Máy xăng,Sedan,Xe cũ,72000,Số tự động,Trong nước,Bắc Từ Liêm - Hà Nội,https://oto.com.vn/mua-ban-xe-kia-cerato-ha-noi/tai-chinh-rat-hop-ly-aidxc23345882
23368865,Kia Cerato 2.0 AT Premium 2019,450000000.0,22/09/2025,2019,Máy xăng,Sedan,Xe cũ,76000,Số tự động,Trong nước,Thanh Xuân - Hà Nội,https://oto.com.vn/mua-ban-xe-kia-cerato-ha-noi/xe-cu-chat-luong-cao-gia-tot-aidxc23368865
23366999,Kia Cerato 1.6 AT Luxury 2020,475000000.0,17/09/2025,2020,Máy xăng,Sedan,Xe cũ,60000,Số tự động,Trong nước,Sóc Sơn - Hà Nội,https://oto.com.vn/mua-ban-xe-kia-cerato-ha-noi/xe-trang-bi-du-option-tien-nghi-gia-tot-aidxc23366999
23363149,Kia Cerato 1.6 AT Deluxe 2009,210000000.0,08/09/2025,2009,Máy xăng,Sedan,Xe cũ,150000,Số tự động,Nhập khẩu,Hải Phòng,https://oto.com.vn/mua-ban-xe-kia-cerato-hai-phong/at-2009-nhap-han-aidxc23363149
23350511,Kia Cerato 1.6 MT 2019,375000000.0,08/09/2025,2019,Máy xăng,Sedan,Xe cũ,90000,Số sàn,Trong nước,An Lão - Hải Phòng,https://oto.com.vn/mua-ban-xe-kia-cerato-hai-phong/mau-sedan-hot-xe-dep-gia-re-aidxc23350511
23368429,Kia Cerato 1.6 AT Deluxe 2016,368000000.0,20/09/2025,2016,Máy xăng,Sedan,Xe cũ,130000,Số tự động,Trong nước,An Lão - Hải Phòng,https://oto.com.vn/mua-ban-xe-kia-cerato-hai-phong/mau-sedan-tre-trung-gia-tot-thuong-luong-aidxc23368429
23350510,Kia Cerato 1.6 MT 2019,375000000.0,08/09/2025,2019,Máy xăng,Sedan,Xe cũ,90000,Số sàn,Trong nước,An Lão - Hải Phòng,https://oto.com.vn/mua-ban-xe-kia-cerato-hai-phong/xe-trang-bi-nhieu-do-xe-gia-tot-tai-aidxc23350510
23369856,Kia Cerato 1.6 AT Luxury 2020,550000000.0,24/09/2025,2020,Máy xăng,Sedan,Xe cũ,18000,Số tự động,Trong nước,Tp.HCM,https://oto.com.vn/mua-ban-xe-kia-cerato-hcm/2020-16-at-luxury-18000-km-aidxc23369856
23354817,Kia Cerato 1.6 MT 2021,439000000.0,23/09/2025,2021,Máy xăng,Sedan,Xe cũ,50000,Số sàn,Trong nước,Tân An - Long An,https://oto.com.vn/mua-ban-xe-kia-cerato-long-an/cam-ket-khong-dam-dung-ngap-nuoc-aidxc23354817
23370136,Kia Cerato 1.6 AT Deluxe 2009,190000000.0,25/09/2025,2009,Máy xăng,Sedan,Xe cũ,131000,Số tự động,Nhập khẩu,Tây Ninh,https://oto.com.vn/mua-ban-xe-kia-cerato-tay-ninh/2009-16-at-131000-km-aidxc23370136
23364276,Kia Forte 2012,280000000.0,11/09/2025,2012,Máy xăng,Sedan,Xe cũ,160000,Số tự động,Trong nước,Vũng Tàu - Bà Rịa Vũng Tàu,https://oto.com.vn/mua-ban-xe-kia-forte-ba-ria-vung-tau/2012-20-at-160000-km-aidxc23364276
23369198,Kia Forte 2011,258000000.0,23/09/2025,2011,Máy xăng,Sedan,Xe cũ,95000,Số tự động,Nhập khẩu,Bình Dương,https://oto.com.vn/mua-ban-xe-kia-forte-binh-duong/ban-full-cua-noc-gia-re-ngang-ban-thuong-aidxc23369198
23367783,Kia Forte SLI 1.6 AT 2009,210000000.0,19/09/2025,2009,Máy xăng,Sedan,Xe cũ,200000,Số tự động,Nhập khẩu,Đắk Lắk,https://oto.com.vn/mua-ban-xe-kia-forte-dak-lak/2009-sli-16-at-200000-km-aidxc23367783
23367184,Kia Forte 2011,235000000.0,17/09/2025,2011,Máy xăng,Sedan,Xe cũ,N/A,Số tự động,N/A,Hà Nội,https://oto.com.vn/mua-ban-xe-kia-forte-ha-noi/2011-so-tu-dong-aidxc23367184
23368487,Kia Forte 2012,239000000.0,21/09/2025,2012,Máy xăng,Sedan,Xe cũ,N/A,Số tự động,N/A,Hà Nội,https://oto.com.vn/mua-ban-xe-kia-forte-ha-noi/2012-so-tu-dong-aidxc23368487
23368811,Kia Forte SX 1.6 AT 2012,250000000.0,22/09/2025,2012,Máy xăng,Sedan,Xe cũ,11000,Số tự động,Trong nước,Hà Nội,https://oto.com.vn/mua-ban-xe-kia-forte-ha-noi/2012-sx-16-at-11v-km-cang-det-luon-aidxc23368811
23356205,Kia Forte SLI 1.6 AT 2011,210000000.0,22/09/2025,2011,Máy xăng,Sedan,Xe cũ,100000,Số tự động,Trong nước,Đông Anh - Hà Nội,https://oto.com.vn/mua-ban-xe-kia-forte-ha-noi/xe-tu-nhan-ko-taxi-dich-vu-aidxc23356205
23369786,Kia Forte SX 1.6 MT 2011,165000000.0,24/09/2025,2011,Máy xăng,Sedan,Xe cũ,130000,Số sàn,Nhập khẩu,Hà Tĩnh,https://oto.com.vn/mua-ban-xe-kia-forte-ha-tinh/2011-sx-16-mt-130000-km-aidxc23369786
23325472,Kia Forte SX 1.6 MT 2011,199000000.0,23/09/2025,2011,Máy xăng,Sedan,Xe cũ,140000,Số sàn,Trong nước,Hải Phòng,https://oto.com.vn/mua-ban-xe-kia-forte-hai-phong/2011-mt-xe-gia-dinh-keo-chi-zin-aidxc23325472
23369632,Kia Forte SX 1.6 AT 2009,235000000.0,24/09/2025,2009,Máy xăng,Sedan,Xe cũ,200000,Số tự động,Trong nước,An Lão - Hải Phòng,https://oto.com.vn/mua-ban-xe-kia-forte-hai-phong/xe-ban-cao-cap-nhat-1-chu-tu-dau-aidxc23369632
23370651,Kia Forte SX 1.6 AT 2011,245000000.0,26/09/2025,2011,Máy xăng,Sedan,Xe cũ,N/A,Số tự động,Nhập khẩu,Tp.HCM,https://oto.com.vn/mua-ban-xe-kia-forte-hcm/sx-16-at-2011-245-trieu-aidxc23370651
23363284,Kia Forte Koup 2010,228000000.0,09/09/2025,2010,Máy xăng,Coupe,Xe cũ,100000,Số tự động,Nhập khẩu,Tp.HCM,https://oto.com.vn/mua-ban-xe-kia-forte-koup-hcm/xe-coupe-nhap-khau-nguyen-chiec-mau-vang-noi-bat-aidxc23363284
23367422,Kia Forte SX 1.6 MT 2011,220000000.0,18/09/2025,2011,Máy xăng,Sedan,Xe cũ,12000,Số sàn,Nhập khẩu,Bỉm Sơn - Thanh Hóa,https://oto.com.vn/mua-ban-xe-kia-forte-thanh-hoa/2011-sx-16-mt-12000-km-aidxc23367422
23367712,Kia Forte SX 1.6 AT 2011,240000000.0,19/09/2025,2011,Máy xăng,Sedan,Xe cũ,90000,Số tự động,Trong nước,Thừa Thiên Huế,https://oto.com.vn/mua-ban-xe-kia-forte-thua-thien-hue/2011-sx-16-at-90000-km-aidxc23367712
23372286,Kia Forte SX 1.6 MT 2011,170000000.0,02/10/2025,2011,Máy xăng,Sedan,Xe cũ,165000,Số sàn,Trong nước,Trà Vinh,https://oto.com.vn/mua-ban-xe-kia-forte-tra-vinh/2011-sx-16-mt-165000-km-aidxc23372286
23368112,Kia Forte SX 1.6 AT 2012,268000000.0,19/09/2025,2012,Máy xăng,Sedan,Xe cũ,68000,Số tự động,Nhập khẩu,Vĩnh Phúc,https://oto.com.vn/mua-ban-xe-kia-forte-vinh-phuc/2012-sx-16-at-68000-km-aidxc23368112
23367891,Kia K140 2015,220000000.0,19/09/2025,2015,Máy dầu,Xe tải,Xe cũ,N/A,Số tự động,Trong nước,Buôn Ma Thuột - Đắk Lắk,https://oto.com.vn/mua-ban-xe-kia-k140-dak-lak/220-trieu-co-thuong-luong-aidxc23367891
23287644,Kia K140 2016,240000000.0,24/09/2025,2016,Máy dầu,Xe tải,Xe cũ,10000,Số sàn,Trong nước,Đông Anh - Hà Nội,https://oto.com.vn/mua-ban-xe-kia-k140-ha-noi/ban-k165-doi-ap-chot-2016-thung-kin-may-co-aidxc23287644
23316994,Kia K140 2016,245000000.0,28/09/2025,2016,Máy dầu,Xe tải,Xe cũ,80000,Số sàn,Trong nước,Đông Anh - Hà Nội,https://oto.com.vn/mua-ban-xe-kia-k140-ha-noi/ban-sx-2016-tai-du-14-tanxe-dep-xuat-sac-aidxc23316994
23128995,Kia K165 2016,240000000.0,04/09/2025,2016,Máy dầu,Xe tải,Xe cũ,10000,Số sàn,Trong nước,Đông Anh - Hà Nội,https://oto.com.vn/mua-ban-xe-kia-k165-ha-noi/ban-tai-23-tan-thung-kin-doi-2016-thung-3m5-aidxc23128995
23364479,Kia K200 2020,295000000.0,11/09/2025,2020,Máy xăng,N/A,Xe cũ,N/A,Số tự động,N/A,Cần Thơ,https://oto.com.vn/mua-ban-xe-kia-k200-can-tho/2020-tai-aidxc23364479
23372303,Kia K200 2020,3350000000.0,02/10/2025,2020,Máy dầu,Xe tải,Xe cũ,110000,Số sàn,Trong nước,Bảo Lộc - Lâm Đồng,https://oto.com.vn/mua-ban-xe-kia-k200-lam-dong/xe-nhu-moi-aidxc23372303
23353622,Kia K250L k250 2022,360000000.0,12/08/2025,2022,Máy dầu,Xe tải,Xe cũ,36000,Số sàn,Trong nước,Chợ Mới - An Giang,https://oto.com.vn/mua-ban-xe-kia-k250l-an-giang/k250-2022-aidxc23353622
23333069,Kia K250L k250 2022,380000000.0,16/06/2025,2022,Máy dầu,Xe tải,Xe cũ,64000,Số tự động,Trong nước,Hoàng Mai - Hà Nội,https://oto.com.vn/mua-ban-xe-kia-k250l-ha-noi/xe-2022-aidxc23333069
23361311,Kia K2700 2013,158000000.0,03/09/2025,2013,Máy xăng,N/A,Xe cũ,N/A,Số tự động,N/A,Hà Nội,https://oto.com.vn/mua-ban-xe-kia-k2700-ha-noi/2013-aidxc23361311
23372077,Kia K3 2019,435000000.0,01/10/2025,2019,Máy xăng,Sedan,Xe cũ,100000,Số tự động,Trong nước,Bình Dương,https://oto.com.vn/mua-ban-xe-kia-k3-binh-duong/2019-100000-km-aidxc23372077
22997248,Kia K3 2.0AT 2014,340000000.0,25/09/2025,2014,Máy xăng,Sedan,Xe cũ,120000,Số tự động,Trong nước,Thuận An - Bình Dương,https://oto.com.vn/mua-ban-xe-kia-k3-binh-duong/340-tr-aidxc22997248
23371003,Kia K3 2022,545000000.0,27/09/2025,2022,Máy xăng,Sedan,Xe cũ,64000,Số tự động,Trong nước,Tân Uyên - Bình Dương,https://oto.com.vn/mua-ban-xe-kia-k3-binh-duong/lien-he-0867676943-aidxc23371003
23371793,Kia K3 1.6MT 2022,415000000.0,30/09/2025,2022,Máy xăng,Sedan,Xe cũ,56700,Số sàn,Trong nước,Đà Nẵng,https://oto.com.vn/mua-ban-xe-kia-k3-da-nang/2022-16-mt-aidxc23371793
23371134,Kia K3 2.0 Premium 2022,565000000.0,28/09/2025,2022,Máy xăng,Sedan,Xe cũ,60000,Số tự động,Trong nước,Thanh Xuân - Hà Nội,https://oto.com.vn/mua-ban-xe-kia-k3-ha-noi/20-premium-2022-aidxc23371134
23371253,Kia K3 1.6 Premium 2022,525000000.0,28/09/2025,2022,Máy xăng,Sedan,Xe cũ,58500,Số tự động,Nhập khẩu,Long Biên - Hà Nội,https://oto.com.vn/mua-ban-xe-kia-k3-ha-noi/2022-premium-16-at-58500-km-aidxc23371253
23329884,Kia K3 1.6AT 2022,540000000.0,06/09/2025,2022,Máy xăng,N/A,Xe cũ,45000,Số tự động,Trong nước,Cầu Giấy - Hà Nội,https://oto.com.vn/mua-ban-xe-kia-k3-ha-noi/gia-thuong-luong-co-bot-loc-aidxc23329884
23364693,Kia K3 1.6AT 2022,500000000.0,12/09/2025,2022,Máy xăng,Sedan,Xe cũ,110000,Số tự động,Trong nước,Cầu Giấy - Hà Nội,https://oto.com.vn/mua-ban-xe-kia-k3-ha-noi/jupiter-thanh-ly-aidxc23364693
23356333,Kia K3 2.0 Premium 2025,625000000.0,25/09/2025,2025,Máy xăng,Sedan,Xe cũ,15000,Số tự động,Trong nước,Hà Đông - Hà Nội,https://oto.com.vn/mua-ban-xe-kia-k3-ha-noi/sieu-luot-15000-km-xe-dep-gia-tot-tai-aidxc23356333
23363150,Kia K3 1.6AT 2013,315000000.0,08/09/2025,2013,Máy xăng,Sedan,Xe cũ,150000,Số tự động,Trong nước,Hải Phòng,https://oto.com.vn/mua-ban-xe-kia-k3-hai-phong/16-at-2013-xe-gia-dinh-zin-het-aidxc23363150
23345002,Kia K3 2.0 Premium 2022,525000000.0,21/09/2025,2022,Máy xăng,Sedan,Xe cũ,40000,Số tự động,Trong nước,Kiến An - Hải Phòng,https://oto.com.vn/mua-ban-xe-kia-k3-hai-phong/chu-di-giu-gin-bao-check-test-aidxc23345002
23368263,Kia K3 1.6AT 2013,298000000.0,20/09/2025,2013,Máy xăng,Sedan,Xe cũ,110275,Số tự động,Trong nước,An Lão - Hải Phòng,https://oto.com.vn/mua-ban-xe-kia-k3-hai-phong/xe-gia-dinh-may-nguyen-ban-dam-chac-aidxc23368263
23369004,Kia K3 2.0 Premium 2022,579000000.0,22/09/2025,2022,Máy xăng,N/A,Xe cũ,37000,Số tự động,Trong nước,Tân Phú - Tp.HCM,https://oto.com.vn/mua-ban-xe-kia-k3-hcm/gia-re-can-ban-gap-aidxc23369004
23371925,Kia K3 2.0AT 2014,320000000.0,01/10/2025,2014,Máy xăng,Sedan,Xe cũ,70000,Số tự động,Nhập khẩu,Vĩnh Long,https://oto.com.vn/mua-ban-xe-kia-k3-vinh-long/2014-20-at-70000-km-aidxc23371925
23372487,Kia K3 1.6AT 2015,265000000.0,02/10/2025,2015,Máy xăng,Sedan,Xe cũ,130000,Số tự động,Trong nước,Vĩnh Phúc,https://oto.com.vn/mua-ban-xe-kia-k3-vinh-phuc/2015-16-at-130000-km-aidxc23372487
23363768,Kia K5 2.0 Premium 2022,750000000.0,10/09/2025,2022,Máy xăng,Sedan,Xe cũ,200000,Số tự động,Trong nước,Đắk Lắk,https://oto.com.vn/mua-ban-xe-kia-k5-dak-lak/2022-20-premium-200000-km-aidxc23363768
23364467,Kia K5 2.0 Luxury 2022,645000000.0,11/09/2025,2022,Máy xăng,Sedan,Xe cũ,58000,Số tự động,Trong nước,Hà Nội,https://oto.com.vn/mua-ban-xe-kia-k5-ha-noi/2022-20-luxury-58000-km-aidxc23364467
23363346,Kia K5 2022,645000000.0,09/09/2025,2022,Máy xăng,Sedan,Xe cũ,58000,Số tự động,N/A,Hà Nội,https://oto.com.vn/mua-ban-xe-kia-k5-ha-noi/2022-aidxc23363346
23363310,Kia K5 2022,650000000.0,09/09/2025,2022,Máy xăng,Sedan,Xe cũ,58000,Số tự động,N/A,Hà Nội,https://oto.com.vn/mua-ban-xe-kia-k5-ha-noi/2022-tai-aidxc23363310
23370808,Kia K5 2022,660000000.0,27/09/2025,2022,Máy xăng,Sedan,Xe cũ,60000,Số tự động,N/A,Hà Nội,https://oto.com.vn/mua-ban-xe-kia-k5-ha-noi/2022-tai-aidxc23370808
23364600,Kia K5 2024,799000000.0,12/09/2025,2024,Máy xăng,Sedan,Xe cũ,10000,Số tự động,N/A,Hà Nội,https://oto.com.vn/mua-ban-xe-kia-k5-ha-noi/2024-tai-aidxc23364600
23364959,Kia K5 2.0 Luxury 2022,645000000.0,12/09/2025,2022,Máy xăng,Sedan,Xe cũ,58000,Số tự động,Trong nước,Cầu Giấy - Hà Nội,https://oto.com.vn/mua-ban-xe-kia-k5-ha-noi/bao-check-test-aidxc23364959
23367076,Kia K5 2.0 Premium 2022,690000000.0,17/09/2025,2022,Máy xăng,Sedan,Xe cũ,75000,Số tự động,Trong nước,Cầu Giấy - Hà Nội,https://oto.com.vn/mua-ban-xe-kia-k5-ha-noi/jupiter-thanh-ly-aidxc23367076
23367574,Kia K5 2.0 Premium 2022,715000000.0,18/09/2025,2022,Máy xăng,Sedan,Xe cũ,50000,Số tự động,Nhập khẩu,Cầu Giấy - Hà Nội,https://oto.com.vn/mua-ban-xe-kia-k5-ha-noi/odo-5-van-km-zin-xe-dep-khong-loi-nho-aidxc23367574
23365723,Kia K5 2.0 Luxury 2022,655000000.0,17/09/2025,2022,Máy xăng,Sedan,Xe cũ,58000,Số tự động,Trong nước,Hà Nội,https://oto.com.vn/mua-ban-xe-kia-k5-ha-noi/odo-chuan-58-van-km-aidxc23365723
23361415,Kia K5 2010,295000000.0,03/09/2025,2010,Máy xăng,Sedan,Xe cũ,180000,Số tự động,Nhập khẩu,Tp.HCM,https://oto.com.vn/mua-ban-xe-kia-k5-hcm/2010-toi-khong-ro-180000-km-aidxc23361415
23372244,Kia K5 2.0 Premium 2022,720000000.0,02/10/2025,2022,Máy xăng,Sedan,Xe cũ,70000,Số tự động,Trong nước,Tp.HCM,https://oto.com.vn/mua-ban-xe-kia-k5-hcm/2022-20-premium-70000-km-aidxc23372244
23370037,Kia K5 2022,680000000.0,25/09/2025,2022,Máy xăng,Sedan,Xe cũ,22000,Số tự động,Nhập khẩu,Tp.HCM,https://oto.com.vn/mua-ban-xe-kia-k5-hcm/2022-22000-km-aidxc23370037
23370683,Kia K5 2.0 Premium 2022,745000000.0,26/09/2025,2022,Máy xăng,Sedan,Xe cũ,21500,Số tự động,Nhập khẩu,Tp.HCM,https://oto.com.vn/mua-ban-xe-kia-k5-hcm/2023-20-premium-21500-km-aidxc23370683
23362414,Kia K5 2.0 Luxury 2022,685000000.0,05/09/2025,2022,Máy xăng,Sedan,Xe cũ,37000,Số tự động,Trong nước,Gò Vấp - Tp.HCM,https://oto.com.vn/mua-ban-xe-kia-k5-hcm/ban-luxury-2022-sieu-luot-bao-check-hang-aidxc23362414
23370503,Kia Morning Van 1.0 AT 2012,125000000.0,26/09/2025,2012,Máy xăng,Hatchback,Xe cũ,131000,Số tự động,Nhập khẩu,Bắc Ninh,https://oto.com.vn/mua-ban-xe-kia-morning-bac-ninh/2012-van-10-at-131000-km-aidxc23370503
23339672,Kia Morning Si 1.25 AT 2016,239000000.0,16/09/2025,2016,Máy xăng,Hatchback,Xe cũ,89000,Số tự động,Trong nước,Dĩ An - Bình Dương,https://oto.com.vn/mua-ban-xe-kia-morning-binh-duong/mau-vang-cat-xe-chuan-gia-dinh-aidxc23339672
23338572,Kia Morning Luxury 2020,299000000.0,16/09/2025,2020,Máy xăng,Hatchback,Xe cũ,60000,Số tự động,Trong nước,Dĩ An - Bình Dương,https://oto.com.vn/mua-ban-xe-kia-morning-binh-duong/xe-gia-dinh-chat-luong-cao-gia-cuc-tot-aidxc23338572
23339673,Kia Morning AT 2011,209000000.0,16/09/2025,2011,Máy xăng,Hatchback,Xe cũ,133000,Số tự động,Nhập khẩu,Dĩ An - Bình Dương,https://oto.com.vn/mua-ban-xe-kia-morning-binh-duong/xe-gia-dinh-tiet-kiem-nhien-lieu-aidxc23339673
23370371,Kia Morning 2009,150000000.0,26/09/2025,2009,Máy xăng,Hatchback,Xe cũ,850000,Số tự động,Trong nước,Đồng Nai,https://oto.com.vn/mua-ban-xe-kia-morning-dong-nai/2009-850000-km-aidxc23370371
23372518,Kia Morning SX 1.1 AT Sport 2010,155000000.0,02/10/2025,2010,Máy xăng,Hatchback,Xe cũ,99000,Số tự động,Nhập khẩu,Long Thành - Đồng Nai,https://oto.com.vn/mua-ban-xe-kia-morning-dong-nai/2010-sx-11-at-sport-99000-km-aidxc23372518
23370798,Kia Morning Si 1.25 MT 2017,180000000.0,27/09/2025,2017,Máy xăng,Hatchback,Xe cũ,46000,Số sàn,Nhập khẩu,Đồng Nai,https://oto.com.vn/mua-ban-xe-kia-morning-dong-nai/2017-si-125-mt-46000-km-aidxc23370798
23369520,Kia Morning SLX 1.0 AT 2009,145000000.0,24/09/2025,2009,Máy xăng,Hatchback,Xe cũ,140000,Số tự động,Nhập khẩu,Hà Nội,https://oto.com.vn/mua-ban-xe-kia-morning-ha-noi/2009-slx-10-at-140000-km-aidxc23369520
23371597,Kia Morning GT-LINE 2022,350000000.0,30/09/2025,2022,Máy xăng,Hatchback,Xe cũ,30000,Số tự động,Nhập khẩu,Hà Nội,https://oto.com.vn/mua-ban-xe-kia-morning-ha-noi/2022-gt-line-30000-km-aidxc23371597
23362624,Kia Morning Si 1.25 AT 2016,235000000.0,06/09/2025,2016,Máy xăng,Hatchback,Xe cũ,110000,Số tự động,Trong nước,Thanh Xuân - Hà Nội,https://oto.com.vn/mua-ban-xe-kia-morning-ha-noi/chinh-chu-ban-xe-moning-si-at-2016-aidxc23362624
23370487,Kia Morning Van 1.0 AT 2010,95000000.0,26/09/2025,2010,Máy xăng,Hatchback,Xe cũ,10000,Số tự động,Nhập khẩu,Hoàng Mai - Hà Nội,https://oto.com.vn/mua-ban-xe-kia-morning-ha-noi/chinh-chu-su-dung-aidxc23370487
23366468,Kia Morning 2018,278000000.0,16/09/2025,2018,Máy xăng,Hatchback,Xe cũ,50000,Số tự động,Trong nước,Quốc Oai - Hà Nội,https://oto.com.vn/mua-ban-xe-kia-morning-ha-noi/dep-long-lanh-aidxc23366468
23369053,Kia Morning Luxury 2020,298000000.0,22/09/2025,2020,Máy xăng,Hatchback,Xe cũ,60000,Số tự động,Trong nước,Quốc Oai - Hà Nội,https://oto.com.vn/mua-ban-xe-kia-morning-ha-noi/dep-nhu-hoa-hau-aidxc23369053
23349682,Kia Morning 1.25 MT 2021,225000000.0,04/09/2025,2021,Máy xăng,N/A,Xe cũ,50000,Số tự động,Trong nước,Cầu Giấy - Hà Nội,https://oto.com.vn/mua-ban-xe-kia-morning-ha-noi/san-1-em-gia-sieu-tiet-kiem-tranh-nang-mua-he-dieu-hoa-sieu-mat-aidxc23349682
23348523,Kia Morning Si 1.25 AT 2017,265000000.0,17/09/2025,2017,Máy xăng,Hatchback,Xe cũ,38000,Số tự động,Trong nước,Thanh Xuân - Hà Nội,https://oto.com.vn/mua-ban-xe-kia-morning-ha-noi/xe-cuc-chat-ten-tu-nhan-1-chu-tu-dau-bien-aidxc23348523
23343075,Kia Morning Si 1.25 AT 2016,259000000.0,17/09/2025,2016,Máy xăng,Hatchback,Xe cũ,80000,Số tự động,Trong nước,Sóc Sơn - Hà Nội,https://oto.com.vn/mua-ban-xe-kia-morning-ha-noi/xe-trang-bi-full-option-gia-tot-sang-ten-ngay-aidxc23343075
23348691,Kia Morning GT-LINE 2022,370000000.0,09/09/2025,2022,Máy xăng,Hatchback,Xe cũ,40000,Số tự động,Trong nước,Sóc Sơn - Hà Nội,https://oto.com.vn/mua-ban-xe-kia-morning-ha-noi/xe-tu-nhan-1-chu-tu-dau-full-lich-su-hang-aidxc23348691
23364020,Kia Morning 2011,230000000.0,11/09/2025,2011,Máy xăng,Hatchback,Xe cũ,100000,Số tự động,Trong nước,Chí Linh - Hải Dương,https://oto.com.vn/mua-ban-xe-kia-morning-hai-duong/xe-dep-ban-dac-biet-aidxc23364020
23369529,Kia Morning AT 2011,130000000.0,24/09/2025,2011,Máy xăng,Hatchback,Xe cũ,N/A,Số tự động,N/A,Hải Phòng,https://oto.com.vn/mua-ban-xe-kia-morning-hai-phong/2011-so-tu-dong-tai-aidxc23369529
23370663,Kia Morning LX 1.0 AT 2012,135000000.0,26/09/2025,2012,Máy xăng,Hatchback,Xe cũ,150000,Số tự động,Nhập khẩu,Hải Phòng,https://oto.com.vn/mua-ban-xe-kia-morning-hai-phong/2012-10-at-150000-km-aidxc23370663
23370801,Kia Morning MT 2015,137000000.0,27/09/2025,2015,Máy xăng,Hatchback,Xe cũ,90000,Số sàn,Nhập khẩu,Hải Phòng,https://oto.com.vn/mua-ban-xe-kia-morning-hai-phong/mt-2015-137-trieu-aidxc23370801
23370263,Kia Morning AT 2011,208000000.0,25/09/2025,2011,Máy xăng,Hatchback,Xe cũ,120000,Số tự động,Nhập khẩu,An Lão - Hải Phòng,https://oto.com.vn/mua-ban-xe-kia-morning-hai-phong/odo-120000-km-aidxc23370263
23369514,Kia Morning SX 1.1 AT Sport 2011,168000000.0,24/09/2025,2011,Máy xăng,Hatchback,Xe cũ,102000,Số tự động,Trong nước,Tp.HCM,https://oto.com.vn/mua-ban-xe-kia-morning-hcm/2011-sx-11-at-sport-102000-km-aidxc23369514
23371529,Kia Morning MT 2015,150000000.0,29/09/2025,2015,Máy xăng,Hatchback,Xe cũ,150000,Số sàn,Trong nước,Tp.HCM,https://oto.com.vn/mua-ban-xe-kia-morning-hcm/ban-xe-chinh-chu-2015-mt-aidxc23371529
23364346,Kia Morning AT 2018,290000000.0,11/09/2025,2018,Máy xăng,Hatchback,Xe cũ,27000,Số tự động,Trong nước,Gò Vấp - Tp.HCM,https://oto.com.vn/mua-ban-xe-kia-morning-hcm/xe-chinh-chu-aidxc23364346
23371039,Kia Morning 1.25 MT 2016,152000000.0,27/09/2025,2016,Máy xăng,Hatchback,Xe cũ,130000,Số sàn,Trong nước,Khoái Châu - Hưng Yên,https://oto.com.vn/mua-ban-xe-kia-morning-hung-yen/ban-base-bao-ho-so-xe-tu-nhan-may-so-keo-chi-zin-moi-con-oc-man-hinh-camera-du-het-n-aidxc23371039
23371037,Kia Morning SLX 1.0 AT 2008,128000000.0,27/09/2025,2008,Máy xăng,Hatchback,Xe cũ,150000,Số tự động,Nhập khẩu,Khoái Châu - Hưng Yên,https://oto.com.vn/mua-ban-xe-kia-morning-hung-yen/nhap-khau-xe-chat-khong-dam-va-ngap-nuoc-noi-ngoai-that-tuoi-tre-lop-dep-dang-kiem-aidxc23371037
23371541,Kia Morning SLX 1.0 AT 2008,128000000.0,29/09/2025,2008,Máy xăng,Hatchback,Xe cũ,150000,Số tự động,Nhập khẩu,Khoái Châu - Hưng Yên,https://oto.com.vn/mua-ban-xe-kia-morning-hung-yen/nhap-khau-xe-chat-khong-dam-va-ngap-nuoc-noi-ngoai-that-tuoi-tre-lop-dep-dang-kiem-aidxc23371541
23364345,Kia Morning Si 1.25 MT 2018,225000000.0,11/09/2025,2018,Máy xăng,Hatchback,Xe cũ,80000,Số sàn,Trong nước,Bảo Lộc - Lâm Đồng,https://oto.com.vn/mua-ban-xe-kia-morning-lam-dong/xe-mot-chu-aidxc23364345
23359892,Kia Morning Si 1.25 AT 2016,268000000.0,02/10/2025,2016,Máy xăng,Hatchback,Xe cũ,85000,Số tự động,Trong nước,Bảo Lộc - Lâm Đồng,https://oto.com.vn/mua-ban-xe-kia-morning-lam-dong/xe-nhu-moi-aidxc23359892
23348893,Kia Morning Standard MT 2013,119000000.0,10/09/2025,2013,Máy xăng,Hatchback,Xe cũ,110000,Số sàn,Trong nước,Hạ Hòa - Phú Thọ,https://oto.com.vn/mua-ban-xe-kia-morning-phu-tho/gia-tot-sang-ten-ngay-aidxc23348893
23363264,Kia Morning SLX 1.0 AT 2010,150000000.0,09/09/2025,2010,Máy xăng,Hatchback,Xe cũ,170000,Số tự động,Nhập khẩu,Vĩnh Tường - Vĩnh Phúc,https://oto.com.vn/mua-ban-xe-kia-morning-vinh-phuc/nhap-khau-aidxc23363264
23372211,Kia Morning 1.25 MT 2016,142000000.0,01/10/2025,2016,Máy xăng,Hatchback,Xe cũ,172000,Số sàn,Trong nước,Yên Bái - Yên Bái,https://oto.com.vn/mua-ban-xe-kia-morning-yen-bai/xe-nho-gon-tiet-kiem-aidxc23372211
23342927,Kia Optima 2.0 AT 2020,520000000.0,18/07/2025,2020,Máy xăng,Sedan,Xe cũ,98000,Số tự động,Trong nước,Quy Nhơn - Bình Định,https://oto.com.vn/mua-ban-xe-kia-optima-binh-dinh/sedan-hang-d-gia-hop-ly-chat-luong-cao-aidxc23342927
23275718,Kia Optima 2.0 AT 2013,430000000.0,25/09/2025,2013,Máy xăng,Sedan,Xe cũ,72000,Số tự động,Nhập khẩu,Thuận An - Bình Dương,https://oto.com.vn/mua-ban-xe-kia-optima-binh-duong/xe-sieu-dep-aidxc23275718
23362705,Kia Optima 2015,350000000.0,06/09/2025,2015,Máy xăng,Sedan,Xe cũ,100000,Số tự động,Trong nước,Đà Nẵng,https://oto.com.vn/mua-ban-xe-kia-optima-da-nang/2015-100000-km-aidxc23362705
23363457,Kia Optima 2.0 AT 2014,370000000.0,09/09/2025,2014,Máy xăng,Sedan,Xe cũ,164000,Số tự động,Nhập khẩu,Hà Nội,https://oto.com.vn/mua-ban-xe-kia-optima-ha-noi/2014-20-at-164000-km-aidxc23363457
23363636,Kia Optima 2.0 AT 2014,370000000.0,10/09/2025,2014,Máy xăng,Sedan,Xe cũ,164000,Số tự động,Nhập khẩu,Hà Nội,https://oto.com.vn/mua-ban-xe-kia-optima-ha-noi/2014-20-at-164000-km-aidxc23363636
23362520,Kia Optima 2016,450000000.0,06/09/2025,2016,Máy xăng,Sedan,Xe cũ,93000,Số tự động,Nhập khẩu,Hà Nội,https://oto.com.vn/mua-ban-xe-kia-optima-ha-noi/2016-aidxc23362520
23300525,Kia Optima 2.0 GAT Luxury 2021,570000000.0,20/03/2025,2021,Máy xăng,Sedan,Xe cũ,59000,Số tự động,Trong nước,Hoàn Kiếm - Hà Nội,https://oto.com.vn/mua-ban-xe-kia-optima-ha-noi/570-trieu-aidxc23300525
23371278,Kia Optima 2014,399000000.0,29/09/2025,2014,Máy xăng,Sedan,Xe cũ,7,Số tự động,Nhập khẩu,Hà Nội,https://oto.com.vn/mua-ban-xe-kia-optima-ha-noi/odo-7-van-aidxc23371278
23367226,Kia Optima 2.0 AT 2020,498000000.0,17/09/2025,2020,Máy xăng,Sedan,Xe cũ,100000,Số tự động,Nhập khẩu,Tp.HCM,https://oto.com.vn/mua-ban-xe-kia-optima-hcm/20-at-luxury-2020-498-trieu-aidxc23367226
23369042,Kia Optima 2.0 ATH 2017,445000000.0,22/09/2025,2017,Máy xăng,Sedan,Xe cũ,90000,Số tự động,Trong nước,Tp.HCM,https://oto.com.vn/mua-ban-xe-kia-optima-hcm/2017-20-ath-90000-km-gia-tot-aidxc23369042
23362892,Kia Optima 2.0 AT 2020,518000000.0,06/09/2025,2020,Máy xăng,Sedan,Xe cũ,59000,Số tự động,Trong nước,Tp.HCM,https://oto.com.vn/mua-ban-xe-kia-optima-hcm/20at-luxury-2020-xe-dep-keng-nhu-moi-aidxc23362892
23337210,Kia Optima 2.0 GAT Luxury 2020,520000000.0,03/08/2025,2020,Máy xăng,Sedan,Xe cũ,60000,Số tự động,Trong nước,Cẩm Khê - Phú Thọ,https://oto.com.vn/mua-ban-xe-kia-optima-phu-tho/mot-chu-tu-moi-full-bao-duong-hang-aidxc23337210
23353743,Kia Optima 2.0 GAT Luxury 2020,499000000.0,14/08/2025,2020,Máy xăng,Sedan,Xe cũ,99000,Số tự động,Trong nước,Tam Dương - Vĩnh Phúc,https://oto.com.vn/mua-ban-xe-kia-optima-vinh-phuc/20-luxury-2020-dang-cap-phan-khuc-cao-aidxc23353743
23371955,Kia Picanto S 1.25 AT 2013,229000000.0,01/10/2025,2013,Máy xăng,Hatchback,Xe cũ,116000,Số tự động,Trong nước,Bà Rịa Vũng Tàu,https://oto.com.vn/mua-ban-xe-kia-picanto-ba-ria-vung-tau/2013-s-125-at-116000-km-aidxc23371955
23366990,Kia Picanto S 1.25 AT 2013,229000000.0,17/09/2025,2013,Máy xăng,Sedan,Xe cũ,150000,Số tự động,Trong nước,Bà Rịa - Bà Rịa Vũng Tàu,https://oto.com.vn/mua-ban-xe-kia-picanto-ba-ria-vung-tau/picato-125at-aidxc23366990
23371266,Kia Picanto S 1.25 AT 2014,195000000.0,28/09/2025,2014,Máy xăng,Hatchback,Xe cũ,124000,Số tự động,Trong nước,Bình Dương,https://oto.com.vn/mua-ban-xe-kia-picanto-binh-duong/xe-s-at-aidxc23371266
23369833,Kia Picanto S 1.25 AT 2014,225000000.0,24/09/2025,2014,Máy xăng,Hatchback,Xe cũ,52000,Số tự động,Trong nước,Cần Thơ,https://oto.com.vn/mua-ban-xe-kia-picanto-can-tho/2014-s-at-52000-km-aidxc23369833
23362586,Kia Picanto S 1.25 AT 2013,220000000.0,06/09/2025,2013,Máy xăng,Hatchback,Xe cũ,125456,Số tự động,Trong nước,Đắk Lắk,https://oto.com.vn/mua-ban-xe-kia-picanto-dak-lak/2013-s-125-at-125456-km-aidxc23362586
23370029,Kia Picanto 1.0 MT 2014,175000000.0,25/09/2025,2014,Máy xăng,Hatchback,Xe cũ,150000,Số sàn,Trong nước,Đắk Lắk,https://oto.com.vn/mua-ban-xe-kia-picanto-dak-lak/2014-s-mt-150000-km-aidxc23370029
23372091,Kia Picanto 2007,118000000.0,01/10/2025,2007,Máy xăng,Hatchback,Xe cũ,139,Số tự động,Trong nước,Đồng Nai,https://oto.com.vn/mua-ban-xe-kia-picanto-dong-nai/2007-139-km-aidxc23372091
23372074,Kia Picanto 2013,150000000.0,01/10/2025,2013,Máy xăng,Hatchback,Xe cũ,108731,Số sàn,Nhập khẩu,Đồng Nai,https://oto.com.vn/mua-ban-xe-kia-picanto-dong-nai/2013-s-125-mt-108731-km-aidxc23372074
23363848,Kia Picanto 2013,235000000.0,10/09/2025,2013,Máy xăng,Hatchback,Xe cũ,15000,Số tự động,Nhập khẩu,Thanh Trì - Hà Nội,https://oto.com.vn/mua-ban-xe-kia-picanto-ha-noi/2013-aidxc23363848
23367988,Kia Picanto 2017,185000000.0,19/09/2025,2017,Máy xăng,Hatchback,Xe cũ,200000,Số sàn,Trong nước,Khánh Hòa,https://oto.com.vn/mua-ban-xe-kia-picanto-khanh-hoa/2017-200000-km-aidxc23367988
23371431,Kia Picanto S 1.25 AT 2013,225000000.0,29/09/2025,2013,Máy xăng,Hatchback,Xe cũ,170000,Số tự động,Trong nước,Lâm Đồng,https://oto.com.vn/mua-ban-xe-kia-picanto-lam-dong/2013-170000-km-aidxc23371431
23370038,Kia Picanto 2013,185000000.0,25/09/2025,2013,Máy xăng,Hatchback,Xe cũ,31000,Số sàn,Nhập khẩu,Lâm Đồng,https://oto.com.vn/mua-ban-xe-kia-picanto-lam-dong/2013-s-125-mt-31000-km-aidxc23370038
23269497,Kia Picanto S 1.25 AT 2013,235000000.0,18/08/2025,2013,Máy xăng,Hatchback,Xe cũ,92000,Số tự động,Trong nước,Bảo Lộc - Lâm Đồng,https://oto.com.vn/mua-ban-xe-kia-picanto-lam-dong/xe-nhu-moi-aidxc23269497
23361921,Kia Picanto 2014,235000000.0,05/09/2025,2014,Máy xăng,Hatchback,Xe cũ,N/A,Số tự động,Nhập khẩu,Tuyên Quang,https://oto.com.vn/mua-ban-xe-kia-picanto-tuyen-quang/2014-tai-aidxc23361921
23185025,Kia Pride 2000,42000000.0,10/05/2025,2000,Máy xăng,N/A,Xe cũ,120000,Số sàn,Trong nước,Hoài Đức - Hà Nội,https://oto.com.vn/mua-ban-xe-kia-pride-ha-noi/xe-depm-chu-di-giu-gin-trang-bi-noi-that-day-du-aidxc23185025
23368800,Kia Pride 2008,150000000.0,22/09/2025,2008,Máy xăng,Sedan,Xe cũ,150000,Số tự động,Trong nước,Phú Thọ,https://oto.com.vn/mua-ban-xe-kia-pride-phu-tho/2008-150000-km-aidxc23368800
23141937,Kia Ray 2012,430000000.0,15/09/2025,2012,Máy xăng,MPV,Xe cũ,63000,Số tự động,Nhập khẩu,Thuận An - Bình Dương,https://oto.com.vn/mua-ban-xe-kia-ray-binh-duong/10-at-nhap-khau-han-quoc-aidxc23141937
23370458,Kia Rio 1.4 AT 2015,269000000.0,26/09/2025,2015,Máy xăng,Sedan,Xe cũ,98000,Số tự động,Nhập khẩu,Bình Dương,https://oto.com.vn/mua-ban-xe-kia-rio-binh-duong/2015-14-at-sedan-98000-km-aidxc23370458
23370135,Kia Rio 1.4 AT 2015,269000000.0,25/09/2025,2015,Máy xăng,Sedan,Xe cũ,87000,Số tự động,Nhập khẩu,Bình Dương,https://oto.com.vn/mua-ban-xe-kia-rio-binh-duong/2015-14-at-so-tu-dong-sedan-87000-km-aidxc23370135
23371456,Kia Rio 2015,210000000.0,29/09/2025,2015,Máy xăng,Sedan,Xe cũ,85000,Số tự động,Nhập khẩu,Đà Nẵng,https://oto.com.vn/mua-ban-xe-kia-rio-da-nang/2015-85000-km-aidxc23371456
23372273,Kia Rio 1.4 MT Sedan 2017,250000000.0,02/10/2025,2017,Máy xăng,Sedan,Xe cũ,170000,Số sàn,Nhập khẩu,Đà Nẵng,https://oto.com.vn/mua-ban-xe-kia-rio-da-nang/2017-14-mt-sedan-170000-km-aidxc23372273
23371765,Kia Rio 1.4 MT Sedan 2015,215000000.0,30/09/2025,2015,Máy xăng,Sedan,Xe cũ,135000,Số sàn,Nhập khẩu,Đà Nẵng,https://oto.com.vn/mua-ban-xe-kia-rio-da-nang/doi-xe-moi-nen-can-ban-aidxc23371765
23371735,Kia Rio 1.4 MT Sedan 2015,215000000.0,30/09/2025,2015,Máy xăng,Sedan,Xe cũ,135000,Số sàn,Nhập khẩu,Đà Nẵng,https://oto.com.vn/mua-ban-xe-kia-rio-da-nang/doi-xe-nen-can-ban-xe-2015-sedan-aidxc23371735
23370867,Kia Rio 1.4 AT Hatchback 2014,275000000.0,27/09/2025,2014,Máy xăng,Hatchback,Xe cũ,160,Số tự động,Nhập khẩu,Đắk Lắk,https://oto.com.vn/mua-ban-xe-kia-rio-dak-lak/2014-14-at-hatchback-160-km-aidxc23370867
23369866,Kia Rio 1.4 AT 2014,268000000.0,24/09/2025,2014,Máy xăng,Sedan,Xe cũ,1,Số tự động,Nhập khẩu,Hà Nội,https://oto.com.vn/mua-ban-xe-kia-rio-ha-noi/14-at-2014-aidxc23369866
23370521,Kia Rio 1.4 AT 2015,305000000.0,26/09/2025,2015,Máy xăng,Sedan,Xe cũ,100000,Số tự động,Nhập khẩu,Hà Nội,https://oto.com.vn/mua-ban-xe-kia-rio-ha-noi/2015-14-at-sedan-100000-km-aidxc23370521
23369999,Kia Rio 1.4 AT 2015,295000000.0,25/09/2025,2015,Máy xăng,N/A,Xe cũ,N/A,Số tự động,Nhập khẩu,Hà Nội,https://oto.com.vn/mua-ban-xe-kia-rio-ha-noi/2015-so-tu-dong-tai-aidxc23369999
23351436,Kia Rio 1.4 AT 2016,316000000.0,09/09/2025,2016,Máy xăng,Sedan,Xe cũ,65000,Số tự động,Nhập khẩu,Cầu Giấy - Hà Nội,https://oto.com.vn/mua-ban-xe-kia-rio-ha-noi/xem-xe-tai-gia-tot-snag-ten-ngay-aidxc23351436
23363147,Kia Rio 1.4 AT 2015,299000000.0,08/09/2025,2015,Máy xăng,Sedan,Xe cũ,150000,Số tự động,Nhập khẩu,Hải Phòng,https://oto.com.vn/mua-ban-xe-kia-rio-hai-phong/14-at-2015-nhap-han-aidxc23363147
23313501,Kia Rio 1.4 AT 2015,299000000.0,23/09/2025,2015,Máy xăng,Sedan,Xe cũ,120000,Số tự động,Nhập khẩu,Hải Phòng,https://oto.com.vn/mua-ban-xe-kia-rio-hai-phong/2015-at-nhap-han-mau-ghi-xam-aidxc23313501
23369611,Kia Rio 1.4 AT Hatchback 2013,258000000.0,24/09/2025,2013,Máy xăng,Hatchback,Xe cũ,65000,Số tự động,Nhập khẩu,Tp.HCM,https://oto.com.vn/mua-ban-xe-kia-rio-hcm/hatchback-14-at-doi-cuoi-2013-aidxc23369611
23367711,Kia Rio 1.4 AT 2015,260000000.0,19/09/2025,2015,Máy xăng,Sedan,Xe cũ,86000,Số tự động,Nhập khẩu,Kiên Giang,https://oto.com.vn/mua-ban-xe-kia-rio-kien-giang/2015-14-at-sedan-86000-km-aidxc23367711
23371526,Kia Rondo 2.0 GAT 2019,400000000.0,29/09/2025,2019,Máy xăng,MPV,Xe cũ,105000,Số tự động,Trong nước,Đà Nẵng,https://oto.com.vn/mua-ban-xe-kia-rondo-da-nang/32-2019-gat-105000-km-aidxc23371526
23372525,Kia Rondo 2.0 GAT 2020,448000000.0,02/10/2025,2020,Máy xăng,MPV,Xe cũ,24000,Số tự động,Trong nước,Đồng Nai,https://oto.com.vn/mua-ban-xe-kia-rondo-dong-nai/2020-gat-chat-cop-24k-km-aidxc23372525
23368499,Kia Rondo 2.0 GMT 2018,345000000.0,21/09/2025,2018,Máy xăng,MPV,Xe cũ,900000,Số sàn,Trong nước,Gia Lai,https://oto.com.vn/mua-ban-xe-kia-rondo-gia-lai/2018-20-gmt-900000-km-aidxc23368499
23363918,Kia Rondo 1.7 DAT 2016,399000000.0,10/09/2025,2016,Máy dầu,MPV,Xe cũ,110000,Số tự động,Trong nước,Chí Linh - Hải Dương,https://oto.com.vn/mua-ban-xe-kia-rondo-hai-duong/ho-tro-tra-gop-lai-suat-tot-aidxc23363918
23368920,Kia Rondo 2.0 GAT 2016,330000000.0,22/09/2025,2016,Máy xăng,MPV,Xe cũ,87000,Số tự động,Nhập khẩu,Tp.HCM,https://oto.com.vn/mua-ban-xe-kia-rondo-hcm/2016-20-gat-87000-km-aidxc23368920
23371971,Kia Rondo 2.0 GATH 2016,420000000.0,01/10/2025,2016,Máy xăng,MPV,Xe cũ,39000,Số tự động,Trong nước,Tp.HCM,https://oto.com.vn/mua-ban-xe-kia-rondo-hcm/2016-20-gath-39000-km-aidxc23371971
23371198,Kia Rondo 2.0 GATH 2016,420000000.0,28/09/2025,2016,Máy xăng,MPV,Xe cũ,39000,Số tự động,Trong nước,Thủ Đức - Tp.HCM,https://oto.com.vn/mua-ban-xe-kia-rondo-hcm/2016-20-gath-dep-chay-39000-km-aidxc23371198
23372265,Kia Rondo 2.0 GMT 2017,305000000.0,02/10/2025,2017,Máy xăng,SUV,Xe cũ,103000,Số tự động,Trong nước,Tp.HCM,https://oto.com.vn/mua-ban-xe-kia-rondo-hcm/2017-20-gmt-103000-km-aidxc23372265
23372388,Kia Rondo 2.0 Deluxe 2020,420000000.0,02/10/2025,2020,Máy xăng,MPV,Xe cũ,16000,Số tự động,Trong nước,Tp.HCM,https://oto.com.vn/mua-ban-xe-kia-rondo-hcm/2020-deluxe-16000-km-aidxc23372388
23371500,Kia Rondo 2.0 GATH 2016,420000000.0,29/09/2025,2016,Máy xăng,MPV,Xe cũ,39000,Số tự động,Trong nước,Thủ Đức - Tp.HCM,https://oto.com.vn/mua-ban-xe-kia-rondo-hcm/39000km-con-qua-moi-aidxc23371500
23371835,Kia Rondo 2.0 GMT 2020,365000000.0,30/09/2025,2020,Máy xăng,MPV,Xe cũ,75000,Số tự động,Trong nước,Tân Bình - Tp.HCM,https://oto.com.vn/mua-ban-xe-kia-rondo-hcm/ban-xe-2020-ban-full-xe-cuc-dep-gia-re-aidxc23371835
23353820,Kia Rondo 2.0 GATH 2019,398000000.0,15/09/2025,2019,Máy xăng,Hatchback,Xe cũ,45000,Số tự động,Trong nước,Quận 10 - Tp.HCM,https://oto.com.vn/mua-ban-xe-kia-rondo-hcm/can-ban-20-san-xuat-2019-xe-zin-rat-dep-noi-that-da-zin-aidxc23353820
23371272,Kia Rondo 2.0 GATH 2016,420000000.0,28/09/2025,2016,Máy xăng,MPV,Xe cũ,39000,Số tự động,Trong nước,Thủ Đức - Tp.HCM,https://oto.com.vn/mua-ban-xe-kia-rondo-hcm/gath-2016-aidxc23371272
23367255,Kia Rondo 1.7 DAT 2015,350000000.0,17/09/2025,2015,Máy dầu,SUV,Xe cũ,130000,Số tự động,Trong nước,Khoái Châu - Hưng Yên,https://oto.com.vn/mua-ban-xe-kia-rondo-hung-yen/so-tu-dong-7-cho-suv-xe-dai-chat-may-so-keo-chi-zin-het-do-choi-co-man-hinh-camer-aidxc23367255
23371536,Kia Rondo 1.7 DAT 2015,350000000.0,29/09/2025,2015,Máy dầu,SUV,Xe cũ,130000,Số tự động,Trong nước,Khoái Châu - Hưng Yên,https://oto.com.vn/mua-ban-xe-kia-rondo-hung-yen/so-tu-dong-7-cho-suv-xe-dai-chat-may-so-keo-chi-zin-het-do-choi-co-man-hinh-camer-aidxc23371536
23371985,Kia Sedona 2.2 DAT 2017,539000000.0,01/10/2025,2017,Máy dầu,MPV,Xe cũ,90000,Số tự động,Trong nước,Đà Nẵng,https://oto.com.vn/mua-ban-xe-kia-sedona-da-nang/2017-22l-dat-90000-km-aidxc23371985
23370447,Kia Sedona 2.2 DAT 2019,720000000.0,26/09/2025,2019,Máy dầu,MPV,Xe cũ,24000,Số tự động,Trong nước,Hà Nội,https://oto.com.vn/mua-ban-xe-kia-sedona-ha-noi/2019-22-dat-luxury-24000-km-aidxc23370447
23335373,Kia Sedona 3.3 GATH 2015,485000000.0,11/09/2025,2015,Máy xăng,MPV,Xe cũ,N/A,Số tự động,Trong nước,Hoàng Mai - Hà Nội,https://oto.com.vn/mua-ban-xe-kia-sedona-ha-noi/bien-aidxc23335373
23334152,Kia Sedona 2.2 DATH 2018,680000000.0,23/09/2025,2018,Máy dầu,MPV,Xe cũ,81000,Số tự động,Trong nước,Cầu Giấy - Hà Nội,https://oto.com.vn/mua-ban-xe-kia-sedona-ha-noi/bien-xe-dep-chat-so-voi-doi-aidxc23334152
23350409,Kia Sedona 3.3 GATH 2015,488000000.0,11/09/2025,2015,Máy xăng,MPV,Xe cũ,160000,Số tự động,Trong nước,Hoàng Mai - Hà Nội,https://oto.com.vn/mua-ban-xe-kia-sedona-ha-noi/chinh-chu-su-dung-aidxc23350409
23353123,Kia Sedona 3.3 GAT 2015,435000000.0,02/10/2025,2015,Máy xăng,MPV,Xe cũ,30000,Số tự động,Nhập khẩu,Thanh Xuân - Hà Nội,https://oto.com.vn/mua-ban-xe-kia-sedona-ha-noi/odo-cuc-it-xe-1-chu-giu-gin-bao-duong-thuong-xuyen-aidxc23353123
23366428,Kia Sedona 2.2 DAT 2017,466000000.0,16/09/2025,2017,Máy dầu,MPV,Xe cũ,148000,Số tự động,Trong nước,Cầu Giấy - Hà Nội,https://oto.com.vn/mua-ban-xe-kia-sedona-ha-noi/xe-7-cho-gia-thuong-luong-bao-duong-dinh-ki-aidxc23366428
23366433,Kia Sedona 2.2 DAT 2016,466000000.0,16/09/2025,2016,Máy dầu,MPV,Xe cũ,151000,Số tự động,Trong nước,Cầu Giấy - Hà Nội,https://oto.com.vn/mua-ban-xe-kia-sedona-ha-noi/xe-dep-chu-giu-gin-aidxc23366433
23371996,Kia Sedona 2.2 DAT 2016,490000000.0,01/10/2025,2016,Máy dầu,MPV,Xe cũ,90000,Số tự động,Nhập khẩu,Tp.HCM,https://oto.com.vn/mua-ban-xe-kia-sedona-hcm/2016-22-dat-90000-km-aidxc23371996
23372044,Kia Sedona 2.2 DATH 2019,750000000.0,01/10/2025,2019,Máy dầu,MPV,Xe cũ,76000,Số tự động,Trong nước,Tp.HCM,https://oto.com.vn/mua-ban-xe-kia-sedona-hcm/2019-22-dat-luxury-76000-km-aidxc23372044
23371988,Kia Sedona 2.2 DAT 2019,675000000.0,01/10/2025,2019,Máy dầu,MPV,Xe cũ,80000,Số tự động,Nhập khẩu,Tp.HCM,https://oto.com.vn/mua-ban-xe-kia-sedona-hcm/2019-22-dat-luxury-80000-km-aidxc23371988
23372049,Kia Sedona 2.2 Luxury 2021,838000000.0,01/10/2025,2021,Máy dầu,MPV,Xe cũ,80000,Số tự động,Trong nước,Tp.HCM,https://oto.com.vn/mua-ban-xe-kia-sedona-hcm/2021-luxury-may-dau-aidxc23372049
23372009,Kia Sedona 2.2 DAT 2021,838000000.0,01/10/2025,2021,Máy dầu,Van/Minivan,Xe cũ,80000,Số tự động,Trong nước,Tp.HCM,https://oto.com.vn/mua-ban-xe-kia-sedona-hcm/22-dat-luxury-2021-80000km-aidxc23372009
23367091,Kia Sedona 3.3 GAT 2020,850000000.0,17/09/2025,2020,Máy xăng,Van/Minivan,Xe cũ,108000,Số tự động,Trong nước,Quận 2 - Tp.HCM,https://oto.com.vn/mua-ban-xe-kia-sedona-hcm/trang-bi-options-gan-1-ty-aidxc23367091
23364165,Kia Sedona 3.3 Platinum G 2019,698000000.0,11/09/2025,2019,Máy xăng,MPV,Xe cũ,60000,Số tự động,Trong nước,Thủ Đức - Tp.HCM,https://oto.com.vn/mua-ban-xe-kia-sedona-hcm/xe-luot-chat-luong-nhu-moi-aidxc23364165
23371982,Kia Seltos 1.4 Luxury 2021,549000000.0,01/10/2025,2021,Máy xăng,SUV,Xe cũ,27000,Số tự động,Trong nước,Vũng Tàu - Bà Rịa Vũng Tàu,https://oto.com.vn/mua-ban-xe-kia-seltos-ba-ria-vung-tau/2021-14-dct-luxury-27000-km-aidxc23371982
23372253,Kia Seltos 1.4 Luxury 2020,490000000.0,02/10/2025,2020,Máy xăng,SUV,Xe cũ,62000,Số tự động,Nhập khẩu,Dĩ An - Bình Dương,https://oto.com.vn/mua-ban-xe-kia-seltos-binh-duong/2020-luxury-14-at-62000-km-aidxc23372253
23353662,Kia Seltos 1.4T GT-Line 2023,655000000.0,17/09/2025,2023,Máy xăng,Crossover,Xe cũ,40000,Số tự động,Trong nước,Thanh Xuân - Hà Nội,https://oto.com.vn/mua-ban-xe-kia-seltos-ha-noi/1-chu-tu-dau-full-lich-su-bao-duong-hang-aidxc23353662
23371358,Kia Seltos 1.4T Premium 2020,520000000.0,29/09/2025,2020,Máy xăng,SUV,Xe cũ,68000,Số tự động,Trong nước,Hà Nội,https://oto.com.vn/mua-ban-xe-kia-seltos-ha-noi/2020-premium-14-at-68000-km-aidxc23371358
23371606,Kia Seltos 2021,490000000.0,30/09/2025,2021,Máy xăng,N/A,Xe cũ,N/A,Số tự động,Nhập khẩu,Hà Nội,https://oto.com.vn/mua-ban-xe-kia-seltos-ha-noi/2021-aidxc23371606
23369950,Kia Seltos 1.4 Premium 2021,550000000.0,25/09/2025,2021,Máy xăng,SUV,Xe cũ,50000,Số tự động,Trong nước,Hà Nội,https://oto.com.vn/mua-ban-xe-kia-seltos-ha-noi/2021-premium-14-at-50000-km-aidxc23369950
23370670,Kia Seltos 1.4T GT-Line 2023,665000000.0,26/09/2025,2023,Máy xăng,SUV,Xe cũ,40000,Số tự động,Trong nước,Hà Nội,https://oto.com.vn/mua-ban-xe-kia-seltos-ha-noi/mau-trang-bien-tinh-tu-nhan-chinh-chu-aidxc23370670
23345881,Kia Seltos 1.4 Premium 2021,585000000.0,26/09/2025,2021,Máy xăng,SUV,Xe cũ,58000,Số tự động,Trong nước,Bắc Từ Liêm - Hà Nội,https://oto.com.vn/mua-ban-xe-kia-seltos-ha-noi/sieu-dep-aidxc23345881
23368923,Kia Seltos 1.4 Premium 2022,628000000.0,22/09/2025,2022,Máy xăng,SUV,Xe cũ,40000,Số tự động,Trong nước,Ngô Quyền - Hải Phòng,https://oto.com.vn/mua-ban-xe-kia-seltos-hai-phong/14-premium-2022-aidxc23368923
23368444,Kia Seltos 1.4T Premium 2020,520000000.0,21/09/2025,2020,Máy xăng,SUV,Xe cũ,55000,Số tự động,Trong nước,Hồng Bàng - Hải Phòng,https://oto.com.vn/mua-ban-xe-kia-seltos-hai-phong/2020-premium-14-turbo-55000-km-aidxc23368444
23370761,Kia Seltos 1.6 Deluxe 2023,589000000.0,27/09/2025,2023,Máy xăng,SUV,Xe cũ,1,Số tự động,Nhập khẩu,Hải Phòng,https://oto.com.vn/mua-ban-xe-kia-seltos-hai-phong/xe-deluxe-16-at-2023-589-trieu-aidxc23370761
23370925,Kia Seltos 1.6 Premium 2020,559000000.0,27/09/2025,2020,Máy xăng,Crossover,Xe cũ,38632,Số tự động,Nhập khẩu,Tp.HCM,https://oto.com.vn/mua-ban-xe-kia-seltos-hcm/2020-16l-premium-38632-km-aidxc23370925
23372088,Kia Seltos 1.4 Premium 2022,580000000.0,01/10/2025,2022,Máy xăng,SUV,Xe cũ,36000,Số tự động,Nhập khẩu,Tp.HCM,https://oto.com.vn/mua-ban-xe-kia-seltos-hcm/2022-premium-14-at-36000-km-aidxc23372088
23366720,Kia Seltos 1.4 Premium 2022,590000000.0,17/09/2025,2022,Máy xăng,SUV,Xe cũ,77000,Số tự động,Trong nước,Tp.HCM,https://oto.com.vn/mua-ban-xe-kia-seltos-hcm/2022-premium-14-at-77000-km-aidxc23366720
23372190,Kia Seltos 1.6 Premium 2022,580000000.0,01/10/2025,2022,Máy xăng,SUV,Xe cũ,41000,Số tự động,Nhập khẩu,Ninh Thuận,https://oto.com.vn/mua-ban-xe-kia-seltos-ninh-thuan/2022-premium-16-at-41000-km-aidxc23372190
23372527,Kia Soluto AT Deluxe 2022,338000000.0,02/10/2025,2022,Máy xăng,Sedan,Xe cũ,72000,Số tự động,Trong nước,Bình Định,https://oto.com.vn/mua-ban-xe-kia-soluto-binh-dinh/2022-14-at-deluxe-72000-km-aidxc23372527
23371671,Kia Soluto AT Deluxe 2019,285000000.0,30/09/2025,2019,Máy xăng,Sedan,Xe cũ,80000,Số tự động,Nhập khẩu,Bình Dương,https://oto.com.vn/mua-ban-xe-kia-soluto-binh-duong/2019-at-deluxe-80000-km-aidxc23371671
23368680,Kia Soluto MT Deluxe 2020,258000000.0,21/09/2025,2020,Máy xăng,Sedan,Xe cũ,90000,Số sàn,Nhập khẩu,Thuận An - Bình Dương,https://oto.com.vn/mua-ban-xe-kia-soluto-binh-duong/2020-14-mt-deluxe-90000-km-aidxc23368680
23364857,Kia Soluto MT Deluxe 2020,265000000.0,12/09/2025,2020,Máy xăng,Sedan,Xe cũ,76000,Số sàn,Trong nước,Bình Dương,https://oto.com.vn/mua-ban-xe-kia-soluto-binh-duong/2020-mt-deluxe-76000-km-aidxc23364857
23333665,Kia Soluto AT Luxury 2022,405000000.0,19/09/2025,2022,Máy xăng,Sedan,Xe cũ,30000,Số tự động,Trong nước,Thuận An - Bình Dương,https://oto.com.vn/mua-ban-xe-kia-soluto-binh-duong/bao-rut-ho-so-goc-ho-tro-sang-ten-aidxc23333665
23370328,Kia Soluto AT Deluxe 2020,319000000.0,25/09/2025,2020,Máy xăng,Sedan,Xe cũ,26000,Số tự động,Trong nước,Dĩ An - Bình Dương,https://oto.com.vn/mua-ban-xe-kia-soluto-binh-duong/moi-di-hon-2-van-gia-chi-3-dong-aidxc23370328
23370988,Kia Soluto MT 2019,269000000.0,27/09/2025,2019,Máy xăng,Sedan,Xe cũ,56688,Số sàn,Trong nước,Cần Thơ,https://oto.com.vn/mua-ban-xe-kia-soluto-can-tho/2019-14-mt-56688-km-aidxc23370988
23372281,Kia Soluto MT Deluxe 2020,258000000.0,02/10/2025,2020,Máy xăng,Sedan,Xe cũ,62000,Số sàn,Trong nước,Đà Nẵng,https://oto.com.vn/mua-ban-xe-kia-soluto-da-nang/2020-14-mt-deluxe-62000-km-aidxc23372281
23371281,Kia Soluto 2020,310000000.0,29/09/2025,2020,Máy xăng,Sedan,Xe cũ,50000,Số tự động,Trong nước,Đà Nẵng,https://oto.com.vn/mua-ban-xe-kia-soluto-da-nang/odo-50000km-aidxc23371281
23370099,Kia Soluto AT Deluxe 2020,305000000.0,25/09/2025,2020,Máy xăng,Sedan,Xe cũ,85000,Số tự động,Trong nước,Hà Nội,https://oto.com.vn/mua-ban-xe-kia-soluto-ha-noi/2020-at-deluxe-85000-km-aidxc23370099
23368089,Kia Soluto MT Deluxe 2022,250000000.0,19/09/2025,2022,Máy xăng,Sedan,Xe cũ,900000,Số sàn,Trong nước,Hà Nội,https://oto.com.vn/mua-ban-xe-kia-soluto-ha-noi/2022-14-mt-deluxe-900000-km-aidxc23368089
23350448,Kia Soluto AT Deluxe 2020,320000000.0,17/09/2025,2020,Máy xăng,Sedan,Xe cũ,50000,Số tự động,Trong nước,Thanh Xuân - Hà Nội,https://oto.com.vn/mua-ban-xe-kia-soluto-ha-noi/xe-cuc-chat-ten-tu-nhan-1-chu-bien-aidxc23350448
23368395,Kia Soluto AT Deluxe 2022,320000000.0,20/09/2025,2022,Máy xăng,Sedan,Xe cũ,96000,Số tự động,Nhập khẩu,Khánh Hòa,https://oto.com.vn/mua-ban-xe-kia-soluto-khanh-hoa/2022-14-at-deluxe-96000-km-aidxc23368395
23369691,Kia Soluto AT Deluxe 2019,300000000.0,24/09/2025,2019,Máy xăng,Sedan,Xe cũ,1,Số tự động,Nhập khẩu,Quảng Nam,https://oto.com.vn/mua-ban-xe-kia-soluto-quang-nam/14-at-deluxe-2019-aidxc23369691
23369076,Kia Soluto 2020,330000000.0,22/09/2025,2020,Máy xăng,N/A,Xe cũ,31000,Số tự động,N/A,Thái Nguyên,https://oto.com.vn/mua-ban-xe-kia-soluto-thai-nguyen/2020-tai-aidxc23369076
23368008,Kia Sonet 1.5 Premium 2023,560000000.0,19/09/2025,2023,Máy xăng,SUV,Xe cũ,31000,Số tự động,Trong nước,Bình Định,https://oto.com.vn/mua-ban-xe-kia-sonet-binh-dinh/2023-premium-15-at-31000-km-aidxc23368008
23359100,Kia Sonet 1.5 Premium 2022,518000000.0,28/09/2025,2022,Máy xăng,SUV,Xe cũ,67000,Số tự động,Trong nước,Quy Nhơn - Bình Định,https://oto.com.vn/mua-ban-xe-kia-sonet-binh-dinh/full-lich-su-hang-aidxc23359100
23371831,Kia Sonet 1.5 Premium 2022,525000000.0,30/09/2025,2022,Máy xăng,SUV,Xe cũ,52900,Số tự động,Nhập khẩu,Bình Dương,https://oto.com.vn/mua-ban-xe-kia-sonet-binh-duong/2022-premium-15-at-52900-km-aidxc23371831
23332056,Kia Sonet 1.5 Premium 2022,550000000.0,13/09/2025,2022,Máy xăng,Crossover,Xe cũ,86000,Số tự động,Trong nước,Thuận An - Bình Dương,https://oto.com.vn/mua-ban-xe-kia-sonet-binh-duong/bao-rut-ho-so-goc-ho-tro-sang-ten-aidxc23332056
23361634,Kia Sonet 1.5 Premium 2022,535000000.0,04/09/2025,2022,Máy xăng,Crossover,Xe cũ,38000,Số tự động,Trong nước,Long Biên - Hà Nội,https://oto.com.vn/mua-ban-xe-kia-sonet-ha-noi/chay-chuan-38-van-aidxc23361634
23369263,Kia Sonet 1.5 Premium 2024,588000000.0,23/09/2025,2024,Máy xăng,Hatchback,Xe cũ,20000,Số tự động,Trong nước,Thanh Xuân - Hà Nội,https://oto.com.vn/mua-ban-xe-kia-sonet-ha-noi/premium-2024-aidxc23369263
23370816,Kia Sonet 1.5 Luxury 2025,580000000.0,27/09/2025,2025,Máy xăng,Crossover,Xe cũ,2000,Số tự động,Trong nước,Cầu Giấy - Hà Nội,https://oto.com.vn/mua-ban-xe-kia-sonet-ha-noi/xe-sieu-luot-chat-luong-nhu-moi-aidxc23370816
23364770,Kia Sonet 1.5 Premium 2023,568000000.0,12/09/2025,2023,Máy xăng,SUV,Xe cũ,31000,Số tự động,Trong nước,Ngô Quyền - Hải Phòng,https://oto.com.vn/mua-ban-xe-kia-sonet-hai-phong/15-premium-aidxc23364770
23362452,Kia Sonet 1.5 Deluxe 2023,495000000.0,05/09/2025,2023,Máy xăng,N/A,Xe cũ,24000,Số tự động,Trong nước,Kiến An - Hải Phòng,https://oto.com.vn/mua-ban-xe-kia-sonet-hai-phong/full-bao-duong-hang-xe-dep-chat-aidxc23362452
23362455,Kia Sonet 1.5 Premium 2023,565000000.0,05/09/2025,2023,Máy xăng,N/A,Xe cũ,30000,Số tự động,Trong nước,Kiến An - Hải Phòng,https://oto.com.vn/mua-ban-xe-kia-sonet-hai-phong/sieu-luot-30000-km-gia-tot-sang-ten-ngay-aidxc23362455
23371686,Kia Sonet 1.5 Premium 2022,550000000.0,30/09/2025,2022,Máy xăng,SUV,Xe cũ,19544,Số tự động,Trong nước,Quận 2 - Tp.HCM,https://oto.com.vn/mua-ban-xe-kia-sonet-hcm/2022-premium-15-at-19544-km-aidxc23371686
23372196,Kia Sonet 1.5 Luxury 2023,517000000.0,01/10/2025,2023,Máy xăng,SUV,Xe cũ,21000,Số tự động,Trong nước,Tân Phú - Tp.HCM,https://oto.com.vn/mua-ban-xe-kia-sonet-hcm/2023-luxury-15-at-21000-km-aidxc23372196
23372152,Kia Sonet 1.5 Premium 2023,458000000.0,01/10/2025,2023,Máy xăng,SUV,Xe cũ,61000,Số tự động,Nhập khẩu,Tp.HCM,https://oto.com.vn/mua-ban-xe-kia-sonet-hcm/2023-so-tu-dong-mau-trang-aidxc23372152
23372238,Kia Sonet 1.5 Luxury 2023,517000000.0,02/10/2025,2023,Máy xăng,SUV,Xe cũ,22000,Số tự động,Trong nước,Tp.HCM,https://oto.com.vn/mua-ban-xe-kia-sonet-hcm/xe-dep-khong-tai-nan-khong-thuy-kich-aidxc23372238
23368540,Kia Sonet 1.5 Deluxe 2021,460000000.0,21/09/2025,2021,Máy xăng,SUV,Xe cũ,40000,Số tự động,Nhập khẩu,Vĩnh Phúc,https://oto.com.vn/mua-ban-xe-kia-sonet-vinh-phuc/2021-deluxe-15-at-40000-km-aidxc23368540
23097549,Kia Sorento 2.4AT 2018,540000000.0,15/09/2025,2018,Máy xăng,MPV,Xe cũ,43000,Số tự động,Trong nước,Thuận An - Bình Dương,https://oto.com.vn/mua-ban-xe-kia-sorento-binh-duong/gia-540-tr-aidxc23097549
23372161,Kia Sorento 2022,979000000.0,01/10/2025,2022,Máy xăng,SUV,Xe cũ,43000,Số tự động,N/A,Hà Nội,https://oto.com.vn/mua-ban-xe-kia-sorento-ha-noi/2022-aidxc23372161
23368860,Kia Sorento 2WD 2.4 GAT 2020,565000000.0,22/09/2025,2020,Máy xăng,SUV,Xe cũ,77000,Số tự động,Trong nước,Hoàng Mai - Hà Nội,https://oto.com.vn/mua-ban-xe-kia-sorento-ha-noi/24-gat-may-xang-san-xuat-2020-dang-ky-2021-sieu-dep-aidxc23368860
23366424,Kia Sorento 2.4AT 2017,466000000.0,16/09/2025,2017,Máy xăng,SUV,Xe cũ,95000,Số tự động,Trong nước,Cầu Giấy - Hà Nội,https://oto.com.vn/mua-ban-xe-kia-sorento-ha-noi/mau-suv-tien-nghi-voi-moi-gia-dinh-aidxc23366424
23352184,Kia Sorento 2.4L AT 2017,429000000.0,09/09/2025,2017,Máy xăng,SUV,Xe cũ,90100,Số tự động,Trong nước,Cầu Giấy - Hà Nội,https://oto.com.vn/mua-ban-xe-kia-sorento-ha-noi/may-xang-xe-di-9-van-1-km-aidxc23352184
23371566,Kia Sorento 2021,865000000.0,29/09/2025,2021,Máy xăng,SUV,Xe cũ,50000,Số tự động,Trong nước,Hà Nội,https://oto.com.vn/mua-ban-xe-kia-sorento-ha-noi/sieu-luot-aidxc23371566
23363278,Kia Sorento 2022,945000000.0,09/09/2025,2022,Máy dầu,SUV,Xe cũ,50000,Số tự động,Trong nước,Cầu Giấy - Hà Nội,https://oto.com.vn/mua-ban-xe-kia-sorento-ha-noi/xe-ban-dau-bao-check-thoai-mai-aidxc23363278
23353659,Kia Sorento 2.5G Premium 2022,919000000.0,15/09/2025,2022,Máy xăng,SUV,Xe cũ,30000,Số tự động,Trong nước,Quận 8 - Tp.HCM,https://oto.com.vn/mua-ban-xe-kia-sorento-hcm/1-chu-odo-chuan-2-van-8-xe-dep-xuat-sac-aidxc23353659
23372330,Kia Sorento 2WD 2.2 DATH 2016,468000000.0,02/10/2025,2016,Máy dầu,SUV,Xe cũ,78168,Số tự động,Trong nước,Bình Tân - Tp.HCM,https://oto.com.vn/mua-ban-xe-kia-sorento-hcm/2016-2wd-22-dath-78168-km-chinh-chu-aidxc23372330
23372397,Kia Sorento 2WD 2.2 DATH 2018,590000000.0,02/10/2025,2018,Máy dầu,SUV,Xe cũ,115000,Số tự động,Trong nước,Tp.HCM,https://oto.com.vn/mua-ban-xe-kia-sorento-hcm/2018-2wd-22-dath-aidxc23372397
23369141,Kia Sorento 2020,660000000.0,23/09/2025,2020,Máy xăng,SUV,Xe cũ,67000,Số tự động,Nhập khẩu,Tp.HCM,https://oto.com.vn/mua-ban-xe-kia-sorento-hcm/2020-67000-km-aidxc23369141
23370980,Kia Sorento 2020,650000000.0,27/09/2025,2020,Máy dầu,SUV,Xe cũ,64000,Số tự động,Trong nước,Tp.HCM,https://oto.com.vn/mua-ban-xe-kia-sorento-hcm/2020-may-dau-7-cho-aidxc23370980
23371222,Kia Sorento 2021,830000000.0,28/09/2025,2021,Máy dầu,SUV,Xe cũ,44000,Số tự động,Trong nước,Tp.HCM,https://oto.com.vn/mua-ban-xe-kia-sorento-hcm/2021-22d-signature-awd-7-cho-44000-km-aidxc23371222
23369229,Kia Sorento 2.5G Luxury 2022,870000000.0,23/09/2025,2022,Máy xăng,SUV,Xe cũ,35000,Số tự động,Trong nước,Tp.HCM,https://oto.com.vn/mua-ban-xe-kia-sorento-hcm/2022-signature-25-at-awd-35000-km-aidxc23369229
23363087,Kia Sorento 2WD 2.2 DATH 2019,655000000.0,07/09/2025,2019,Máy dầu,SUV,Xe cũ,93000,Số tự động,Trong nước,Thủ Đức - Tp.HCM,https://oto.com.vn/mua-ban-xe-kia-sorento-hcm/ban-full-dau-cao-cap-mau-trang-ho-tro-gop-bank-aidxc23363087
23369545,Kia Soul 2014,355000000.0,24/09/2025,2014,Máy xăng,Crossover,Xe cũ,13800,Số tự động,Trong nước,Hà Nội,https://oto.com.vn/mua-ban-xe-kia-soul-ha-noi/2014-13800-km-aidxc23369545
23353630,Kia Soul 2009,198000000.0,12/08/2025,2009,Máy xăng,Crossover,Xe cũ,120000,Số tự động,Nhập khẩu,Cầu Giấy - Hà Nội,https://oto.com.vn/mua-ban-xe-kia-soul-ha-noi/do-dep-nhap-han-quoc-aidxc23353630
23362027,Kia Soul 2009,238000000.0,05/09/2025,2009,Máy xăng,Crossover,Xe cũ,1,Số tự động,Nhập khẩu,Hà Nội,https://oto.com.vn/mua-ban-xe-kia-soul-ha-noi/xe-4u-16-at-2009-238-trieu-aidxc23362027
23329425,Kia Soul 2014,398000000.0,05/06/2025,2014,Máy xăng,SUV,Xe cũ,80000,Số tự động,Nhập khẩu,Cầu Giấy - Hà Nội,https://oto.com.vn/mua-ban-xe-kia-soul-ha-noi/xe-nhap-khau-1-chu-chay-8-van-aidxc23329425
23345325,Kia Spectra 2003,39000000.0,23/07/2025,2003,Máy xăng,Sedan,Xe cũ,1250,Số tự động,Trong nước,Đăk Hà - Kon Tum,https://oto.com.vn/mua-ban-xe-kia-spectra-kon-tum/39-tr-chay-rat-ngon-dang-kiem-dai-aidxc23345325
22775908,Kia Spectra 2003,75000000.0,15/09/2025,2003,Máy xăng,Sedan,Xe cũ,150000,Số sàn,Trong nước,Đoan Hùng - Phú Thọ,https://oto.com.vn/mua-ban-xe-kia-spectra-phu-tho/sedan-5-cho-gia-re-may-so-ngon-than-vo-chac-chan-aidxc22775908
23368392,Kia Sportage 2.0G Signature 2022,830000000.0,20/09/2025,2022,Máy xăng,SUV,Xe cũ,13000,Số tự động,Nhập khẩu,Đồng Nai,https://oto.com.vn/mua-ban-xe-kia-sportage-dong-nai/2022-20g-signature-13000-km-aidxc23368392
23370921,Kia Sportage 2.0D Signature 2022,830000000.0,27/09/2025,2022,Máy dầu,SUV,Xe cũ,233000,Số tự động,Trong nước,Tây Hồ - Hà Nội,https://oto.com.vn/mua-ban-xe-kia-sportage-ha-noi/20-d-signature-2022-830-trieu-aidxc23370921
23370840,Kia Sportage 2.0G Luxury 2022,735000000.0,27/09/2025,2022,Máy xăng,SUV,Xe cũ,9000,Số tự động,N/A,Hà Nội,https://oto.com.vn/mua-ban-xe-kia-sportage-ha-noi/2022-aidxc23370840
23371725,Kia Sportage 2022,860000000.0,30/09/2025,2022,Máy xăng,SUV,Xe cũ,20000,Số tự động,Nhập khẩu,Hà Nội,https://oto.com.vn/mua-ban-xe-kia-sportage-ha-noi/2022-aidxc23371725
23370916,Kia Sportage 2.0D Signature 2022,830000000.0,27/09/2025,2022,Máy dầu,SUV,Xe cũ,23000,Số tự động,Trong nước,Tây Hồ - Hà Nội,https://oto.com.vn/mua-ban-xe-kia-sportage-ha-noi/2022-signature-20d-23000-km-aidxc23370916
23332900,Kia Sportage 1.6 T Signature X-line AWD 2022,865000000.0,24/09/2025,2022,Máy xăng,SUV,Xe cũ,27000,Số tự động,Trong nước,Cầu Giấy - Hà Nội,https://oto.com.vn/mua-ban-xe-kia-sportage-ha-noi/chay-chuan-27v-aidxc23332900
23341906,Kia Sportage 2.0G Signature 2023,868000000.0,04/09/2025,2023,Máy xăng,SUV,Xe cũ,18000,Số tự động,Trong nước,Thanh Xuân - Hà Nội,https://oto.com.vn/mua-ban-xe-kia-sportage-ha-noi/full-lich-su-bao-duong-hang-aidxc23341906
23338573,Kia Sportage Limited 2.0 AT 2015,465000000.0,13/09/2025,2015,Máy xăng,SUV,Xe cũ,130000,Số tự động,Nhập khẩu,Thanh Xuân - Hà Nội,https://oto.com.vn/mua-ban-xe-kia-sportage-ha-noi/gia-chi-hon-4-dong-aidxc23338573
23363683,Kia Sportage 2023,923000000.0,10/09/2025,2023,Máy xăng,SUV,Xe cũ,17000,Số tự động,Trong nước,Thanh Xuân - Hà Nội,https://oto.com.vn/mua-ban-xe-kia-sportage-ha-noi/odo-17v-km-aidxc23363683
23349251,Kia Sportage 1.6 T Signature X-line AWD 2022,839000000.0,03/09/2025,2022,Máy xăng,SUV,Xe cũ,27000,Số tự động,Nhập khẩu,Cầu Giấy - Hà Nội,https://oto.com.vn/mua-ban-xe-kia-sportage-ha-noi/xe-dep-aidxc23349251
23371974,Kia Sportage 1.6 T Signature X-line AWD 2022,880000000.0,01/10/2025,2022,Máy xăng,SUV,Xe cũ,17000,Số tự động,Nhập khẩu,Tp.HCM,https://oto.com.vn/mua-ban-xe-kia-sportage-hcm/2022-16-turbo-signature-awd-x-line-17000-km-aidxc23371974
23364188,Kia Sportage 1.6 T Signature X-line AWD 2024,900000000.0,11/09/2025,2024,Máy xăng,SUV,Xe cũ,6666,Số tự động,Nhập khẩu,Quận 6 - Tp.HCM,https://oto.com.vn/mua-ban-xe-kia-sportage-hcm/2024-16-t-signature-awd-aidxc23364188
23369899,Kia Sportage 1.6 T Signature X-line AWD 2022,880000000.0,24/09/2025,2022,Máy xăng,SUV,Xe cũ,15000,Số tự động,Nhập khẩu,Quận 6 - Tp.HCM,https://oto.com.vn/mua-ban-xe-kia-sportage-hcm/signature-16t-awd-2022-15000km-aidxc23369899
23349018,Kia Sportage 2.0G Luxury 2024,895000000.0,03/09/2025,2024,Máy xăng,SUV,Xe cũ,10000,Số tự động,Trong nước,Tân An - Long An,https://oto.com.vn/mua-ban-xe-kia-sportage-long-an/sieu-luot-gia-tot-du-ho-so-aidxc23349018
23305476,Kia Sportage 2.0D Signature 2022,785000000.0,07/09/2025,2022,Máy dầu,SUV,Xe cũ,50000,Số tự động,Trong nước,Đoan Hùng - Phú Thọ,https://oto.com.vn/mua-ban-xe-kia-sportage-phu-tho/suv-may-dau-trang-bi-full-tien-nghi-hien-dai-nhat-aidxc23305476
23307288,Lamborghini Urus 4.0 V8 2018,11900000000.0,18/09/2025,2018,Máy xăng,SUV,Xe cũ,10300,Số tự động,Nhập khẩu,Quận 7 - Tp.HCM,https://oto.com.vn/mua-ban-xe-lamborghini-urus-hcm/lan-banh-lan-dau-2021-sieu-moi-aidxc23307288
23354424,Land Rover Defender 110 First Edition 2020,3900000000.0,19/09/2025,2020,Máy xăng,N/A,Xe cũ,30000,Số tự động,Nhập khẩu,Long Biên - Hà Nội,https://oto.com.vn/mua-ban-xe-landrover-defender-ha-noi/hang-hiem-ca-viet-nam-co-duy-nhat-1-chiec-aidxc23354424
23310544,Land Rover Defender 130HSE 2023,6399000000.0,11/04/2025,2023,Máy xăng,SUV,Xe cũ,8000,Số tự động,Nhập khẩu,Tân Bình - Tp.HCM,https://oto.com.vn/mua-ban-xe-landrover-defender-hcm/30l-aidxc23310544
23329468,Land Rover Defender 110X 2023,6878000000.0,05/06/2025,2023,Hybrid,SUV,Xe cũ,2575,Số tự động,Nhập khẩu,Quận 7 - Tp.HCM,https://oto.com.vn/mua-ban-xe-landrover-defender-hcm/bao-dau-bank-70-90-ib-zalo-tu-van-truc-tiep-247-aidxc23329468
23370438,Land Rover Defender 2023,5950000000.0,26/09/2025,2023,Máy xăng,N/A,Xe cũ,12000,Số tự động,Trong nước,Quận 7 - Tp.HCM,https://oto.com.vn/mua-ban-xe-landrover-defender-hcm/bao-dau-bank-70-90-ib-zalo-tu-van-truc-tiep-247-aidxc23370438
23370860,Land Rover Defender 110 3.0 X 2023,5950000000.0,27/09/2025,2023,Máy xăng,N/A,Xe cũ,12000,Số tự động,Nhập khẩu,Quận 7 - Tp.HCM,https://oto.com.vn/mua-ban-xe-landrover-defender-hcm/bao-dau-bank-70-90-ib-zalo-tu-van-truc-tiep-247-aidxc23370860
23324531,Land Rover Defender 110X 2023,6879000000.0,19/05/2025,2023,Máy xăng,SUV,Xe cũ,2000,Số tự động,Trong nước,Gò Vấp - Tp.HCM,https://oto.com.vn/mua-ban-xe-landrover-defender-hcm/land-rover-x-2024-aidxc23324531
23319045,Land Rover Defender 130HSE 2023,6398000000.0,09/06/2025,2023,Máy xăng,SUV,Xe cũ,8000,Số tự động,Nhập khẩu,Quận 7 - Tp.HCM,https://oto.com.vn/mua-ban-xe-landrover-defender-hcm/model-2024-nhap-nguyen-chiec-sieu-luot-aidxc23319045
23310836,Land Rover Defender 130HSE 2023,6398000000.0,12/04/2025,2023,Máy xăng,SUV,Xe cũ,8000,Số tự động,Nhập khẩu,Quận 7 - Tp.HCM,https://oto.com.vn/mua-ban-xe-landrover-defender-hcm/p400-dang-ky-2024-aidxc23310836
23329903,Land Rover Defender 110 3.0 X 2024,6879000000.0,06/06/2025,2024,Máy xăng,SUV,Xe cũ,2700,Số tự động,Nhập khẩu,Quận 7 - Tp.HCM,https://oto.com.vn/mua-ban-xe-landrover-defender-hcm/sieu-luot-full-bao-hanh-aidxc23329903
23362669,Land Rover Defender 110HSE 2023,5950000000.0,06/09/2025,2023,Máy xăng,SUV,Xe cũ,11000,Số tự động,Nhập khẩu,Tp.HCM,https://oto.com.vn/mua-ban-xe-landrover-defender-hcm/sx-2023-p400-30-at-11000-km-aidxc23362669
23362395,Land Rover Defender 110HSE 2023,5959000000.0,05/09/2025,2023,Máy xăng,SUV,Xe cũ,10000,Số tự động,Nhập khẩu,Quận 7 - Tp.HCM,https://oto.com.vn/mua-ban-xe-landrover-defender-hcm/xe-nhap-khau-nguyen-chiec-chat-luong-aidxc23362395
23330523,Land Rover Discovery HSE Lux 3.0 TDV6 Diesel 2015,2355000000.0,18/07/2025,2015,Máy xăng,SUV,Xe cũ,95000,Số tự động,Nhập khẩu,Ba Đình - Hà Nội,https://oto.com.vn/mua-ban-xe-landrover-discovery-ha-noi/land-rover-hse-lux-30-tdv6-diesel-2015-aidxc23330523
23339423,Land Rover Discovery HSE Lux 3.0 TDV6 Diesel 2015,2355000000.0,09/07/2025,2015,Máy xăng,SUV,Xe cũ,95000,Số tự động,Nhập khẩu,Ba Đình - Hà Nội,https://oto.com.vn/mua-ban-xe-landrover-discovery-ha-noi/land-rover-hse-lux-30-tdv6-diesel-2015-aidxc23339423
23352026,Land Rover Discovery HSE Lux 3.0 TDV6 Diesel 2015,2355000000.0,08/08/2025,2015,Máy xăng,SUV,Xe cũ,95000,Số tự động,Nhập khẩu,Ba Đình - Hà Nội,https://oto.com.vn/mua-ban-xe-landrover-discovery-ha-noi/land-rover-hse-lux-30-tdv6-diesel-2015-aidxc23352026
23354246,Land Rover Discovery HSE Lux 3.0 TDV6 Diesel 2015,2292000000.0,18/08/2025,2015,Máy xăng,SUV,Xe cũ,95000,Số tự động,Nhập khẩu,Ba Đình - Hà Nội,https://oto.com.vn/mua-ban-xe-landrover-discovery-ha-noi/land-rover-hse-lux-30-tdv6-diesel-2015-aidxc23354246
23355019,Land Rover Discovery HSE Lux 3.0 TDV6 Diesel 2015,2355000000.0,19/08/2025,2015,Máy xăng,SUV,Xe cũ,95000,Số tự động,Nhập khẩu,Ba Đình - Hà Nội,https://oto.com.vn/mua-ban-xe-landrover-discovery-ha-noi/land-rover-hse-lux-30-tdv6-diesel-2015-aidxc23355019
23359408,Land Rover Discovery Sport HSE Luxury 2015,850000000.0,28/08/2025,2015,Máy xăng,SUV,Xe cũ,95000,Số tự động,Nhập khẩu,Tp.HCM,https://oto.com.vn/mua-ban-xe-landrover-discovery-sport-hcm/xe-nhap-anh-1-chu-tu-dau-chat-luong-dam-bao-aidxc23359408
23371048,Land Rover Range Rover HSE 5.0 AT 2013,2120000000.0,27/09/2025,2013,Máy xăng,SUV,Xe cũ,45000,Số tự động,Nhập khẩu,Cái Răng - Cần Thơ,https://oto.com.vn/mua-ban-xe-landrover-range-rover-can-tho/ranroverhse-50-aidxc23371048
23362533,Land Rover Range Rover Evoque 2.0P HSE Dynamic 2013,666000000.0,06/09/2025,2013,Máy xăng,SUV,Xe cũ,13000,Số tự động,Nhập khẩu,Bắc Ninh,https://oto.com.vn/mua-ban-xe-landrover-range-rover-evoque-bac-ninh/dynamic-2013-aidxc23362533
23364410,Land Rover Range Rover Evoque 2.0P HSE Dynamic 2014,690000000.0,11/09/2025,2014,Máy xăng,SUV,Xe cũ,40000,Số tự động,Nhập khẩu,Đắk Nông,https://oto.com.vn/mua-ban-xe-landrover-range-rover-evoque-dak-nong/dynamic-2014-aidxc23364410
23291432,Land Rover Range Rover Evoque evoque 2014,590000000.0,04/08/2025,2014,Máy xăng,SUV,Xe cũ,60000,Số tự động,Nhập khẩu,Hoàng Mai - Hà Nội,https://oto.com.vn/mua-ban-xe-landrover-range-rover-evoque-ha-noi/chay-6-van-sieu-moi-aidxc23291432
23268232,Land Rover Range Rover Evoque evoque 2012,490000000.0,30/09/2025,2012,Máy xăng,SUV,Xe cũ,66400,Số tự động,Nhập khẩu,Hoàng Mai - Hà Nội,https://oto.com.vn/mua-ban-xe-landrover-range-rover-evoque-ha-noi/dynamicban-cao-nhat-san-xuat-2012-sieu-dep-aidxc23268232
23365384,Land Rover Range Rover Evoque 2017,1079000000.0,13/09/2025,2017,Máy xăng,SUV,Xe cũ,N/A,Số tự động,Nhập khẩu,Hà Nội,https://oto.com.vn/mua-ban-xe-landrover-range-rover-evoque-ha-noi/land-rover-aidxc23365384
23234024,Land Rover Range Rover Evoque 2.0P HSE Dynamic 2012,499000000.0,16/08/2025,2012,Máy xăng,SUV,Xe cũ,62000,Số tự động,Nhập khẩu,Nam Từ Liêm - Hà Nội,https://oto.com.vn/mua-ban-xe-landrover-range-rover-evoque-ha-noi/mau-trang-noi-that-nau-rat-dep-aidxc23234024
23372476,Land Rover Range Rover Evoque evoque 2014,690000000.0,02/10/2025,2014,Máy xăng,SUV,Xe cũ,N/A,Số tự động,Nhập khẩu,Hà Nội,https://oto.com.vn/mua-ban-xe-landrover-range-rover-evoque-ha-noi/ngan-hang-ho-tro-60-aidxc23372476
23364799,Land Rover Range Rover Evoque evoque 2019,1799000000.0,12/09/2025,2019,Máy xăng,SUV,Xe cũ,N/A,Số tự động,Nhập khẩu,Hà Nội,https://oto.com.vn/mua-ban-xe-landrover-range-rover-evoque-ha-noi/r-dynamic-2019-aidxc23364799
23363279,Land Rover Range Rover Evoque Prestige 2012,499000000.0,09/09/2025,2012,Máy xăng,SUV,Xe cũ,67000,Số tự động,Nhập khẩu,Nam Từ Liêm - Hà Nội,https://oto.com.vn/mua-ban-xe-landrover-range-rover-evoque-ha-noi/trang-noi-that-nau-gia-hop-ly-aidxc23363279
23367665,Land Rover Range Rover Evoque 2.0 R-Dynamic SE 2013,590000000.0,18/09/2025,2013,Máy xăng,SUV,Xe cũ,75000,Số tự động,Nhập khẩu,Quận 7 - Tp.HCM,https://oto.com.vn/mua-ban-xe-landrover-range-rover-evoque-hcm/2-cua-sx-2013-aidxc23367665
23367669,Land Rover Range Rover Evoque 2.0P HSE Dynamic 2013,590000000.0,19/09/2025,2013,Máy xăng,SUV,Xe cũ,75000,Số tự động,Nhập khẩu,Tp.HCM,https://oto.com.vn/mua-ban-xe-landrover-range-rover-evoque-hcm/2013-dynamic-coupe-aidxc23367669
23366082,Land Rover Range Rover Evoque 2.0P HSE Dynamic 2014,550000000.0,15/09/2025,2014,Máy xăng,SUV,Xe cũ,800000,Số tự động,Nhập khẩu,Quận 1 - Tp.HCM,https://oto.com.vn/mua-ban-xe-landrover-range-rover-evoque-hcm/2014-dynamic-800000-aidxc23366082
23367836,Land Rover Range Rover Evoque 2.0P HSE Dynamic 2014,679000000.0,19/09/2025,2014,Máy xăng,SUV,Xe cũ,83000,Số tự động,Nhập khẩu,Quận 7 - Tp.HCM,https://oto.com.vn/mua-ban-xe-landrover-range-rover-evoque-hcm/dynamic-83000-aidxc23367836
23326726,Land Rover Range Rover Evoque R-Dynamic SE 2013,598000000.0,30/09/2025,2013,Máy xăng,SUV,Xe cũ,88000,Số tự động,Nhập khẩu,Bình Chánh - Tp.HCM,https://oto.com.vn/mua-ban-xe-landrover-range-rover-evoque-hcm/len-doi-can-ban-re-xe-tuyet-dep-hoac-doi-xe-lon-hon-aidxc23326726
23055044,Land Rover Range Rover Evoque 2.0 R-Dynamic SE 2014,690000000.0,14/08/2025,2014,Máy xăng,SUV,Xe cũ,75000,Số tự động,Nhập khẩu,Quận 7 - Tp.HCM,https://oto.com.vn/mua-ban-xe-landrover-range-rover-evoque-hcm/ranger-rover-evoque-dynamic-sx-2014-aidxc23055044
23372426,Land Rover Range Rover Autobiography 3.0L P400 2020,6200000000.0,02/10/2025,2020,Máy xăng,SUV,Xe cũ,50000,Số tự động,Nhập khẩu,Long Biên - Hà Nội,https://oto.com.vn/mua-ban-xe-landrover-range-rover-ha-noi/anh-em-lien-he-truc-tiep-de-duoc-gia-tot-aidxc23372426
23370594,Land Rover Range Rover 3.0 2014,1999000000.0,26/09/2025,2014,Máy xăng,SUV,Xe cũ,90000,Số tự động,Nhập khẩu,Long Biên - Hà Nội,https://oto.com.vn/mua-ban-xe-landrover-range-rover-ha-noi/da-len-full-body-noi-ngoai-that-2021-aidxc23370594
23369837,Land Rover Range Rover Autobiography LWB 3.0 2022,9850000000.0,24/09/2025,2022,Máy xăng,SUV,Xe cũ,25000,Số tự động,Nhập khẩu,Long Biên - Hà Nội,https://oto.com.vn/mua-ban-xe-landrover-range-rover-ha-noi/mau-den-noi-that-den-gia-9850-trieu-aidxc23369837
23259882,Land Rover Range Rover Vogue SWB 3.0P 360PS 2018,4680000000.0,25/09/2025,2018,Máy xăng,SUV,Xe cũ,37000,Số tự động,Nhập khẩu,Bắc Từ Liêm - Hà Nội,https://oto.com.vn/mua-ban-xe-landrover-range-rover-ha-noi/mau-den-noi-that-nau-aidxc23259882
23338475,Land Rover Range Rover Autobiography 3.0L P400 2020,6380000000.0,19/09/2025,2020,Máy xăng,SUV,Xe cũ,40000,Số tự động,Nhập khẩu,Long Biên - Hà Nội,https://oto.com.vn/mua-ban-xe-landrover-range-rover-ha-noi/suv-cao-cap-voi-noi-that-da-bo-dang-cap-aidxc23338475
23372214,Land Rover Range Rover Vogue LR-SDV8 3.0 AT 2015,2260000000.0,01/10/2025,2015,Máy xăng,SUV,Xe cũ,140000,Số tự động,Nhập khẩu,Cầu Giấy - Hà Nội,https://oto.com.vn/mua-ban-xe-landrover-range-rover-ha-noi/vogue-mau-trang-2015-bieu-tuong-quyen-luc-danh-cho-gioi-thuong-luu-aidxc23372214
23370446,Land Rover Range Rover 2023,3650000000.0,26/09/2025,2023,Máy xăng,SUV,Xe cũ,20000,Số tự động,Trong nước,Long Biên - Hà Nội,https://oto.com.vn/mua-ban-xe-landrover-range-rover-ha-noi/xe-4-ghe-doc-lap-voi-ban-lam-viec-vip-aidxc23370446
23369819,Land Rover Range Rover Autobiography LWB 3.0 2023,11899000000.0,24/09/2025,2023,Máy xăng,SUV,Xe cũ,21000,Số tự động,Nhập khẩu,Long Biên - Hà Nội,https://oto.com.vn/mua-ban-xe-landrover-range-rover-ha-noi/xe-mau-vang-noi-that-nau-da-bo-con-bao-hanh-hang-aidxc23369819
23371453,Land Rover Range Rover Autobiography LWB 5.0 2022,9850000000.0,29/09/2025,2022,Máy xăng,SUV,Xe cũ,20000,Số tự động,Nhập khẩu,Long Biên - Hà Nội,https://oto.com.vn/mua-ban-xe-landrover-range-rover-ha-noi/xe-suv-5-cho-san-xuat-2022-ho-tro-vay-ngan-hang-aidxc23371453
23351313,Land Rover Range Rover Autobiography 3.0L P400 2021,6380000000.0,19/09/2025,2021,Máy xăng,SUV,Xe cũ,35000,Số tự động,Nhập khẩu,Long Biên - Hà Nội,https://oto.com.vn/mua-ban-xe-landrover-range-rover-ha-noi/xe-tu-nhan-1-chu-bien-aidxc23351313
23370705,Land Rover Range Rover Autobiography LWB 5.0 2014,2639000000.0,26/09/2025,2014,Máy xăng,SUV,Xe cũ,1,Số tự động,Nhập khẩu,Tp.HCM,https://oto.com.vn/mua-ban-xe-landrover-range-rover-hcm/autobiography-lwb-50-2014-aidxc23370705
23370849,Land Rover Range Rover AutoBiography LWB 3.0L 2023,11900000000.0,27/09/2025,2023,Máy xăng,SUV,Xe cũ,21000,Số tự động,Nhập khẩu,Quận 7 - Tp.HCM,https://oto.com.vn/mua-ban-xe-landrover-range-rover-hcm/tiet-kiem-ngay-gan-5ti-bank-65-aidxc23370849
23365207,Land Rover Range Rover AutoBiography 3.0 2013,1999000000.0,13/09/2025,2013,Máy xăng,SUV,Xe cũ,115000,Số tự động,Nhập khẩu,Quận 7 - Tp.HCM,https://oto.com.vn/mua-ban-xe-landrover-range-rover-hcm/upform-2023-aidxc23365207
23334425,Land Rover Range Rover 3.0 Autobiography LWB 2019,5699000000.0,23/09/2025,2019,Máy xăng,SUV,Xe cũ,52000,Số tự động,Nhập khẩu,Quận 7 - Tp.HCM,https://oto.com.vn/mua-ban-xe-landrover-range-rover-hcm/vang-cat-nt-kem-aidxc23334425
23363187,Land Rover Range Rover Sport HSE 2018,4000000000.0,08/09/2025,2018,Máy xăng,SUV,Xe cũ,60000,Số tự động,Nhập khẩu,An Giang,https://oto.com.vn/mua-ban-xe-landrover-range-rover-sport-an-giang/land-rover-2018-tai-aidxc23363187
23342191,Land Rover Range Rover Sport HSE 2019,2950000000.0,19/09/2025,2019,Máy xăng,SUV,Xe cũ,80000,Số tự động,Nhập khẩu,Long Biên - Hà Nội,https://oto.com.vn/mua-ban-xe-landrover-range-rover-sport-ha-noi/hang-hiem-kho-tim-anh-em-quan-tam-lien-he-hotline-aidxc23342191
23369925,Land Rover Range Rover Sport HSE 2019,2850000000.0,24/09/2025,2019,Máy xăng,SUV,Xe cũ,62000,Số tự động,Nhập khẩu,Long Biên - Hà Nội,https://oto.com.vn/mua-ban-xe-landrover-range-rover-sport-ha-noi/land-rover-hse-2019-aidxc23369925
23370172,Land Rover Range Rover Sport Autobiography 2022,5930000000.0,25/09/2025,2022,Máy xăng,SUV,Xe cũ,14000,Số tự động,Nhập khẩu,Ba Đình - Hà Nội,https://oto.com.vn/mua-ban-xe-landrover-range-rover-sport-ha-noi/land-rover-se-2022-aidxc23370172
22994324,Land Rover Range Rover Sport HSE 2010,680000000.0,03/06/2025,2010,Máy xăng,SUV,Xe cũ,120000,Số tự động,Nhập khẩu,Nam Từ Liêm - Hà Nội,https://oto.com.vn/mua-ban-xe-landrover-range-rover-sport-ha-noi/xe-chat-1-chu-aidxc22994324
23350935,Land Rover Range Rover Sport 2022,5978000000.0,05/08/2025,2022,Máy xăng,N/A,Xe cũ,10000,Số tự động,Nhập khẩu,Quận 7 - Tp.HCM,https://oto.com.vn/mua-ban-xe-landrover-range-rover-sport-hcm/bao-dau-bank-70-90-ib-zalo-tu-van-truc-tiep-247-aidxc23350935
23336102,Land Rover Range Rover Sport Autobiography 2011,630000000.0,07/08/2025,2011,Máy xăng,SUV,Xe cũ,87000,Số tự động,Nhập khẩu,Bình Thạnh - Tp.HCM,https://oto.com.vn/mua-ban-xe-landrover-range-rover-sport-hcm/sport-2011-hang-full-do-choi-mot-chu-sg-it-di-aidxc23336102
23369873,Land Rover Range Rover Velar 2019,2390000000.0,24/09/2025,2019,Máy xăng,SUV,Xe cũ,80000,Số tự động,Nhập khẩu,Hà Nội,https://oto.com.vn/mua-ban-xe-landrover-range-rover-velar-ha-noi/land-rover-2019-tai-aidxc23369873
23353969,Land Rover Range Rover Velar R-Dynamic HSE 2019,2390000000.0,18/08/2025,2019,Máy xăng,SUV,Xe cũ,86000,Số tự động,Nhập khẩu,Cầu Giấy - Hà Nội,https://oto.com.vn/mua-ban-xe-landrover-range-rover-velar-ha-noi/ranrover-vella-r-dynamic-2019-aidxc23353969
23371050,Lexus ES 250 2016,1160000000.0,27/09/2025,2016,Máy xăng,Sedan,Xe cũ,77000,Số tự động,Nhập khẩu,Cái Răng - Cần Thơ,https://oto.com.vn/mua-ban-xe-lexus-es-250-can-tho/chat-xe-zin-nguyen-ban-ho-tro-test-xe-aidxc23371050
23368747,Lexus ES 250 2015,1090000000.0,22/09/2025,2015,Máy xăng,N/A,Xe cũ,100000,Số tự động,N/A,Hà Nội,https://oto.com.vn/mua-ban-xe-lexus-es-250-ha-noi/2015-aidxc23368747
23371069,Lexus ES 250 2021,2060000000.0,28/09/2025,2021,Máy xăng,N/A,Xe cũ,40000,Số tự động,N/A,Hà Nội,https://oto.com.vn/mua-ban-xe-lexus-es-250-ha-noi/2021-aidxc23371069
23367248,Lexus ES 250 2022,2180000000.0,17/09/2025,2022,Máy xăng,N/A,Xe cũ,40000,Số tự động,N/A,Hà Nội,https://oto.com.vn/mua-ban-xe-lexus-es-250-ha-noi/2022-aidxc23367248
23368190,Lexus ES 250 F-Sport 2015,1080000000.0,20/09/2025,2015,Máy xăng,Sedan,Xe cũ,100000,Số tự động,Nhập khẩu,Hà Nội,https://oto.com.vn/mua-ban-xe-lexus-es-250-ha-noi/can-ban-es250-sieu-moi-model-2016-aidxc23368190
23364278,Lexus ES 250 2021,2045000000.0,11/09/2025,2021,Máy xăng,Sedan,Xe cũ,40000,Số tự động,Nhập khẩu,Cầu Giấy - Hà Nội,https://oto.com.vn/mua-ban-xe-lexus-es-250-ha-noi/es250-2021-aidxc23364278
23365954,Lexus ES 250 F-Sport 2022,2299000000.0,15/09/2025,2022,Máy xăng,Sedan,Xe cũ,29000,Số tự động,Nhập khẩu,Đống Đa - Hà Nội,https://oto.com.vn/mua-ban-xe-lexus-es-250-ha-noi/es250-san-xuat-2022-aidxc23365954
23364813,Lexus ES 250 2022,2180000000.0,12/09/2025,2022,Máy xăng,Sedan,Xe cũ,44000,Số tự động,Nhập khẩu,Ba Đình - Hà Nội,https://oto.com.vn/mua-ban-xe-lexus-es-250-ha-noi/san-xuat-2022-aidxc23364813
23371784,Lexus ES 250 2009,546000000.0,30/09/2025,2009,Hybrid,N/A,Xe cũ,96000,Số tự động,Nhập khẩu,Cầu Giấy - Hà Nội,https://oto.com.vn/mua-ban-xe-lexus-es-250-ha-noi/xe-dep-hybrid-gia-tot-sang-ten-ngay-aidxc23371784
23370377,Lexus ES 250 F-Sport 2022,2300000000.0,26/09/2025,2022,Máy xăng,Sedan,Xe cũ,9000,Số tự động,Trong nước,Hà Nội,https://oto.com.vn/mua-ban-xe-lexus-es-250-ha-noi/xe-lan-banh-9000km-sieu-moi-aidxc23370377
23353656,Lexus ES 250 2022,2150000000.0,15/09/2025,2022,Máy xăng,Sedan,Xe cũ,28000,Số tự động,Nhập khẩu,Quận 8 - Tp.HCM,https://oto.com.vn/mua-ban-xe-lexus-es-250-hcm/1-chu-mua-moi-full-bao-duong-hang-aidxc23353656
23353450,Lexus ES 250 F-Sport 2019,1850000000.0,15/09/2025,2019,Máy xăng,Sedan,Xe cũ,68000,Số tự động,Nhập khẩu,Quận 7 - Tp.HCM,https://oto.com.vn/mua-ban-xe-lexus-es-250-hcm/bieu-tuong-thanh-cong-danh-cho-cong-dan-uu-tu-aidxc23353450
23371373,Lexus ES 250 F-Sport 2022,2150000000.0,29/09/2025,2022,Máy xăng,Sedan,Xe cũ,28000,Số tự động,Nhập khẩu,Tp.HCM,https://oto.com.vn/mua-ban-xe-lexus-es-250-hcm/es250-2022-28000km-01-chu-giu-gin-di-ky-aidxc23371373
23371667,Lexus ES 250 F-Sport 2022,2150000000.0,30/09/2025,2022,Máy xăng,Sedan,Xe cũ,28000,Số tự động,Nhập khẩu,Bình Tân - Tp.HCM,https://oto.com.vn/mua-ban-xe-lexus-es-250-hcm/es250-28000-km-aidxc23371667
23306836,Lexus ES 250 2021,1980000000.0,14/09/2025,2021,Máy xăng,Sedan,Xe cũ,29000,Số tự động,Nhập khẩu,Gò Vấp - Tp.HCM,https://oto.com.vn/mua-ban-xe-lexus-es-250-hcm/model-2021-aidxc23306836
23366778,Lexus ES 300h 2021,2400000000.0,17/09/2025,2021,Hybrid,Sedan,Xe cũ,35000,Số tự động,Nhập khẩu,Hà Nội,https://oto.com.vn/mua-ban-xe-lexus-es-300h-ha-noi/2021-2-ty-400-trieu-aidxc23366778
23366730,Lexus ES 300h 2023,2950000000.0,17/09/2025,2023,Hybrid,Sedan,Xe cũ,12700,Số tự động,Nhập khẩu,Hà Nội,https://oto.com.vn/mua-ban-xe-lexus-es-300h-ha-noi/2023-2-ty-950-trieu-aidxc23366730
23334398,Lexus ES 300h 2022,2799000000.0,15/09/2025,2022,Hybrid,Sedan,Xe cũ,7300,Số tự động,Nhập khẩu,Nam Từ Liêm - Hà Nội,https://oto.com.vn/mua-ban-xe-lexus-es-300h-ha-noi/so-km-lan-banh-cuc-thap-nhu-xe-moi-aidxc23334398
23371494,Lexus ES 300h 2023,2850000000.0,29/09/2025,2023,Máy xăng,Sedan,Xe cũ,20000,Số tự động,N/A,Tp.HCM,https://oto.com.vn/mua-ban-xe-lexus-es-300h-hcm/2023-tai-tp-aidxc23371494
23311034,Lexus ES 300h 2021,2590000000.0,01/07/2025,2021,Máy xăng,N/A,Xe cũ,17000,Số tự động,Nhập khẩu,Quận 1 - Tp.HCM,https://oto.com.vn/mua-ban-xe-lexus-es-300h-hcm/cam-ket-xe-chuan-dep-chuan-odo-giao-xe-toan-quoc-aidxc23311034
23371714,Lexus ES 300h 2023,2850000000.0,30/09/2025,2023,Hybrid,Sedan,Xe cũ,21000,Số tự động,Nhập khẩu,Gò Vấp - Tp.HCM,https://oto.com.vn/mua-ban-xe-lexus-es-300h-hcm/es-2023-300h-xang-dien-21000-km-aidxc23371714
23309173,Lexus ES 300h 2023,2950000000.0,09/04/2025,2023,Hybrid,Sedan,Xe cũ,14500,Số tự động,Nhập khẩu,Quận 7 - Tp.HCM,https://oto.com.vn/mua-ban-xe-lexus-es-300h-hcm/mau-ghi-vang-noi-that-nau-sieu-sang-aidxc23309173
23336208,Lexus ES 300h 2023,2750000000.0,29/06/2025,2023,Hybrid,Sedan,Xe cũ,N/A,Số tự động,Nhập khẩu,Tp.HCM,https://oto.com.vn/mua-ban-xe-lexus-es-300h-hcm/xe-chinh-chu-nhu-moi-cam-ket-khong-dam-dung-ngap-nuoc-full-lich-su-hang-aidxc23336208
23367825,Lexus ES 350 2012,960000000.0,19/09/2025,2012,Máy xăng,Sedan,Xe cũ,96000,Số tự động,Nhập khẩu,Cái Răng - Cần Thơ,https://oto.com.vn/mua-ban-xe-lexus-es-350-can-tho/chu-xe-giu-gin-bao-duong-ky-luong-aidxc23367825
23367814,Lexus ES 350 2012,980000000.0,19/09/2025,2012,Máy xăng,Sedan,Xe cũ,28761,Số tự động,Nhập khẩu,Cái Răng - Cần Thơ,https://oto.com.vn/mua-ban-xe-lexus-es-350-can-tho/es350-aidxc23367814
23369930,Lexus ES 350 2016,1200000000.0,24/09/2025,2016,Máy xăng,Sedan,Xe cũ,77000,Số tự động,Nhập khẩu,Cái Răng - Cần Thơ,https://oto.com.vn/mua-ban-xe-lexus-es-350-can-tho/es350-aidxc23369930
23305489,Lexus ES 350 2016,1320000000.0,07/07/2025,2016,Máy xăng,SUV,Xe cũ,90000,Số tự động,Nhập khẩu,Long Biên - Hà Nội,https://oto.com.vn/mua-ban-xe-lexus-es-350-ha-noi/1-ty-320-trieu-aidxc23305489
23335999,Lexus ES 350 2015,1050000000.0,28/06/2025,2015,Máy xăng,Sedan,Xe cũ,72000,Số tự động,Nhập khẩu,Ba Đình - Hà Nội,https://oto.com.vn/mua-ban-xe-lexus-es-350-ha-noi/es350-nhap-nhat-2015-aidxc23335999
23350370,Lexus ES 350 2015,1050000000.0,04/08/2025,2015,Máy xăng,Sedan,Xe cũ,72000,Số tự động,Nhập khẩu,Ba Đình - Hà Nội,https://oto.com.vn/mua-ban-xe-lexus-es-350-ha-noi/es350-nhap-nhat-2015-aidxc23350370
23353754,Lexus ES 350 2015,1050000000.0,14/08/2025,2015,Máy xăng,Sedan,Xe cũ,72000,Số tự động,Nhập khẩu,Ba Đình - Hà Nội,https://oto.com.vn/mua-ban-xe-lexus-es-350-ha-noi/es350-nhap-nhat-2015-aidxc23353754
23208134,Lexus ES 350 2008,430000000.0,30/09/2025,2008,Máy xăng,Sedan,Xe cũ,140000,Số tự động,Nhập khẩu,Nam Từ Liêm - Hà Nội,https://oto.com.vn/mua-ban-xe-lexus-es-350-ha-noi/xuat-my-full-do-aidxc23208134
23313249,Lexus ES 350 2010,575000000.0,17/04/2025,2010,Máy xăng,Sedan,Xe cũ,100000,Số tự động,Nhập khẩu,Nam Từ Liêm - Hà Nội,https://oto.com.vn/mua-ban-xe-lexus-es-350-ha-noi/xuat-my-zin-100-aidxc23313249
23144223,Lexus ES 350 2009,468000000.0,30/09/2025,2009,Máy xăng,Sedan,Xe cũ,111000,Số tự động,Nhập khẩu,Gò Vấp - Tp.HCM,https://oto.com.vn/mua-ban-xe-lexus-es-350-hcm/ban-re-ban-full-options-zin-a-z-tuyet-dep-aidxc23144223
23363947,Lexus ES 350 2016,1100000000.0,10/09/2025,2016,Máy xăng,Sedan,Xe cũ,13000,Số tự động,Nhập khẩu,Thủ Đức - Tp.HCM,https://oto.com.vn/mua-ban-xe-lexus-es-350-hcm/es350-doi-2016-13000-km-aidxc23363947
23115199,Lexus GS 300 2005,365000000.0,15/05/2025,2005,Máy xăng,Sedan,Xe cũ,128000,Số tự động,Nhập khẩu,Thanh Xuân - Hà Nội,https://oto.com.vn/mua-ban-xe-lexus-gs-300-ha-noi/365-trieu-aidxc23115199
23167777,Lexus GS 350 2013,1150000000.0,03/06/2025,2013,Máy xăng,Sedan,Xe cũ,90000,Số tự động,Nhập khẩu,Nam Từ Liêm - Hà Nội,https://oto.com.vn/mua-ban-xe-lexus-gs-350-ha-noi/1-chu-xuat-my-aidxc23167777
23329401,Lexus GS 350 2010,550000000.0,05/07/2025,2010,Máy xăng,Sedan,Xe cũ,95000,Số tự động,Nhập khẩu,Nam Từ Liêm - Hà Nội,https://oto.com.vn/mua-ban-xe-lexus-gs-350-ha-noi/2-cau-awd-zin-100-aidxc23329401
23345056,Lexus GS 350 2010,550000000.0,23/07/2025,2010,Máy xăng,Sedan,Xe cũ,95000,Số tự động,Nhập khẩu,Nam Từ Liêm - Hà Nội,https://oto.com.vn/mua-ban-xe-lexus-gs-350-ha-noi/2-cau-awd-zin-100-aidxc23345056
23067548,Lexus GS 350 2008,485000000.0,21/03/2025,2008,Máy xăng,Sedan,Xe cũ,75000,Số tự động,Nhập khẩu,Nam Từ Liêm - Hà Nội,https://oto.com.vn/mua-ban-xe-lexus-gs-350-ha-noi/chinh-chu-mua-tu-moi-bien-hn-4-so-aidxc23067548
23244726,Lexus GS 350 2009,580000000.0,07/05/2025,2009,Máy xăng,Sedan,Xe cũ,150000,Số tự động,Nhập khẩu,Nam Từ Liêm - Hà Nội,https://oto.com.vn/mua-ban-xe-lexus-gs-350-ha-noi/den-den-nguyen-ban-aidxc23244726
23364792,Lexus GS 350 2012,816000000.0,12/09/2025,2012,Máy xăng,N/A,Xe cũ,N/A,Số tự động,Nhập khẩu,Hà Nội,https://oto.com.vn/mua-ban-xe-lexus-gs-350-ha-noi/gs350model2013-aidxc23364792
23272844,Lexus GS 350 2008,550000000.0,21/03/2025,2008,Máy xăng,Sedan,Xe cũ,150000,Số tự động,Nhập khẩu,Nam Từ Liêm - Hà Nội,https://oto.com.vn/mua-ban-xe-lexus-gs-350-ha-noi/model-2009-nguyen-ban-aidxc23272844
23295842,Lexus GS 350 2007,379000000.0,12/03/2025,2007,Máy xăng,Sedan,Xe cũ,17000,Số tự động,Nhập khẩu,Nam Từ Liêm - Hà Nội,https://oto.com.vn/mua-ban-xe-lexus-gs-350-ha-noi/odo-11v-mile-cuc-chat-aidxc23295842
23257105,Lexus GS 350 2010,690000000.0,07/05/2025,2010,Máy xăng,Sedan,Xe cũ,110000,Số tự động,Nhập khẩu,Nam Từ Liêm - Hà Nội,https://oto.com.vn/mua-ban-xe-lexus-gs-350-ha-noi/vin-2011-doi-chot-full-do-aidxc23257105
23341466,Lexus GS 350 2009,458000000.0,15/07/2025,2009,Máy xăng,Sedan,Xe cũ,110000,Số tự động,Nhập khẩu,Bình Chánh - Tp.HCM,https://oto.com.vn/mua-ban-xe-lexus-gs-350-hcm/len-doi-ban-re-hoac-doi-xe-lon-hon-aidxc23341466
23371254,Lexus GX 460 2015,2000000000.0,28/09/2025,2015,Máy xăng,N/A,Xe cũ,N/A,Số tự động,N/A,Hà Nội,https://oto.com.vn/mua-ban-xe-lexus-gx-460-ha-noi/2015-aidxc23371254
23371956,Lexus GX 460 2020,4300000000.0,01/10/2025,2020,Máy xăng,SUV,Xe cũ,40000,Số tự động,N/A,Hà Nội,https://oto.com.vn/mua-ban-xe-lexus-gx-460-ha-noi/2020-tai-aidxc23371956
23369508,Lexus GX 460 2015,2150000000.0,23/09/2025,2015,Máy xăng,SUV,Xe cũ,150000,Số tự động,Nhập khẩu,Cầu Giấy - Hà Nội,https://oto.com.vn/mua-ban-xe-lexus-gx-460-ha-noi/chat-chu-tich-aidxc23369508
23365807,Lexus GX 460 2015,2290000000.0,15/09/2025,2015,Máy xăng,SUV,Xe cũ,100000,Số tự động,Nhập khẩu,Hà Nội,https://oto.com.vn/mua-ban-xe-lexus-gx-460-ha-noi/gx460-nhap-trung-dong-san-xuat-2015-aidxc23365807
23366542,Lexus GX 460 2015,1999000000.0,16/09/2025,2015,Máy xăng,SUV,Xe cũ,1,Số tự động,Nhập khẩu,Hà Nội,https://oto.com.vn/mua-ban-xe-lexus-gx-460-ha-noi/gx460-san-xuat-2015-aidxc23366542
23365801,Lexus GX 460 2020,4388000000.0,15/09/2025,2020,Máy xăng,SUV,Xe cũ,77000,Số tự động,Nhập khẩu,Hà Nội,https://oto.com.vn/mua-ban-xe-lexus-gx-460-ha-noi/gx460-sx-2020-mau-den-noi-that-kem-xe-aidxc23365801
23370092,Lexus GX 460 2015,2150000000.0,25/09/2025,2015,Máy xăng,SUV,Xe cũ,150000,Số tự động,Nhập khẩu,Cầu Giấy - Hà Nội,https://oto.com.vn/mua-ban-xe-lexus-gx-460-ha-noi/sieu-dep-aidxc23370092
23367606,Lexus GX 460 2009,1000000000.0,18/09/2025,2009,Máy xăng,N/A,Xe cũ,139200,Số tự động,N/A,Tp.HCM,https://oto.com.vn/mua-ban-xe-lexus-gx-460-hcm/2009-tai-tp-aidxc23367606
23370425,Lexus GX 460 2012,1480000000.0,26/09/2025,2012,Máy xăng,SUV,Xe cũ,104000,Số tự động,Nhập khẩu,Gò Vấp - Tp.HCM,https://oto.com.vn/mua-ban-xe-lexus-gx-460-hcm/ban-gx460-2012-sieu-luot-65000-trang-kem-aidxc23370425
23365071,Lexus GX 460 2012,1390000000.0,13/09/2025,2012,Máy xăng,SUV,Xe cũ,53000,Số tự động,Nhập khẩu,Tp.HCM,https://oto.com.vn/mua-ban-xe-lexus-gx-460-hcm/gx-2-km-aidxc23365071
23368718,Lexus GX 460 2016,2350000000.0,21/09/2025,2016,Máy xăng,SUV,Xe cũ,68000,Số tự động,Nhập khẩu,Tp.HCM,https://oto.com.vn/mua-ban-xe-lexus-gx-460-hcm/gx-2-km-aidxc23368718
23350476,Lexus GX 460 2010,1090000000.0,05/09/2025,2010,Máy xăng,SUV,Xe cũ,80000,Số tự động,Nhập khẩu,Quận 7 - Tp.HCM,https://oto.com.vn/mua-ban-xe-lexus-gx-460-hcm/gx460-2010-aidxc23350476
23370569,Lexus GX 460 2012,1480000000.0,26/09/2025,2012,Máy xăng,SUV,Xe cũ,65000,Số tự động,Nhập khẩu,Thủ Đức - Tp.HCM,https://oto.com.vn/mua-ban-xe-lexus-gx-460-hcm/gx460-aidxc23370569
23318552,Lexus GX 460 2016,2350000000.0,14/09/2025,2016,Máy xăng,SUV,Xe cũ,68000,Số tự động,Nhập khẩu,Gò Vấp - Tp.HCM,https://oto.com.vn/mua-ban-xe-lexus-gx-460-hcm/model-2016-aidxc23318552
23324042,Lexus GX 460 2016,2350000000.0,20/09/2025,2016,Máy xăng,SUV,Xe cũ,68000,Số tự động,Nhập khẩu,Gò Vấp - Tp.HCM,https://oto.com.vn/mua-ban-xe-lexus-gx-460-hcm/model-2016-aidxc23324042
23366716,Lexus GX 470 2008,768000000.0,17/09/2025,2008,Máy xăng,SUV,Xe cũ,N/A,Số tự động,Nhập khẩu,Hà Nội,https://oto.com.vn/mua-ban-xe-lexus-gx-470-ha-noi/-aidxc23366716
23365483,Lexus GX 470 2005,498000000.0,14/09/2025,2005,Máy xăng,N/A,Xe cũ,N/A,Số tự động,N/A,Hà Nội,https://oto.com.vn/mua-ban-xe-lexus-gx-470-ha-noi/2005-tai-aidxc23365483
23361680,Lexus GX 470 2009,980000000.0,04/09/2025,2009,Máy xăng,N/A,Xe cũ,N/A,Số tự động,N/A,Hà Nội,https://oto.com.vn/mua-ban-xe-lexus-gx-470-ha-noi/2009-aidxc23361680
23317657,Lexus GX 470 2008,690000000.0,12/06/2025,2008,Máy xăng,SUV,Xe cũ,130000,Số tự động,Nhập khẩu,Nam Từ Liêm - Hà Nội,https://oto.com.vn/mua-ban-xe-lexus-gx-470-ha-noi/doi-chot-may-so-zin-aidxc23317657
23318285,Lexus GX 470 2007,638000000.0,10/06/2025,2007,Máy xăng,SUV,Xe cũ,150000,Số tự động,Nhập khẩu,Nam Từ Liêm - Hà Nội,https://oto.com.vn/mua-ban-xe-lexus-gx-470-ha-noi/gx470-2007-aidxc23318285
23363800,Lexus GX 470 2008,738000000.0,10/09/2025,2008,Máy xăng,SUV,Xe cũ,90000,Số tự động,Nhập khẩu,Hà Nội,https://oto.com.vn/mua-ban-xe-lexus-gx-470-ha-noi/gx470-sx-2008-aidxc23363800
23304519,Lexus GX 470 2007,650000000.0,29/08/2025,2007,Máy xăng,N/A,Xe cũ,162000,Số tự động,Nhập khẩu,Thanh Xuân - Hà Nội,https://oto.com.vn/mua-ban-xe-lexus-gx-470-ha-noi/xe-nhap-nhat-sieu-luot-dep-1-chu-tu-dau-gia-tot-aidxc23304519
23326511,Lexus GX 470 2009,665000000.0,23/06/2025,2009,Máy xăng,SUV,Xe cũ,87900,Số tự động,Nhập khẩu,Bình Thạnh - Tp.HCM,https://oto.com.vn/mua-ban-xe-lexus-gx-470-hcm/bao-hanh-mien-phi-ho-tro-sua-chua-aidxc23326511
23364759,Lexus GX 470 2009,739000000.0,12/09/2025,2009,Máy xăng,SUV,Xe cũ,90000,Số tự động,Nhập khẩu,Tp.HCM,https://oto.com.vn/mua-ban-xe-lexus-gx-470-hcm/gx-20-km-aidxc23364759
23364749,Lexus GX 470 2009,739000000.0,12/09/2025,2009,Máy xăng,SUV,Xe cũ,90000,Số tự động,Nhập khẩu,Quận 7 - Tp.HCM,https://oto.com.vn/mua-ban-xe-lexus-gx-470-hcm/gx470-2009-aidxc23364749
23369506,Lexus GX 550 2025,6390000000.0,23/09/2025,2025,Máy xăng,SUV,Xe cũ,4000,Số tự động,Nhập khẩu,Cầu Giấy - Hà Nội,https://oto.com.vn/mua-ban-xe-lexus-gx-550-ha-noi/luot-4000km-xe-moi-keng-aidxc23369506
23369794,Lexus GX 550 2024,6390000000.0,24/09/2025,2024,Máy xăng,SUV,Xe cũ,4000,Số tự động,Nhập khẩu,Cầu Giấy - Hà Nội,https://oto.com.vn/mua-ban-xe-lexus-gx-550-ha-noi/xe-cho-cac-dai-aidxc23369794
22968435,Lexus IS 250 2011,595000000.0,03/06/2025,2011,Máy xăng,Sedan,Xe cũ,95000,Số tự động,Nhập khẩu,Nam Từ Liêm - Hà Nội,https://oto.com.vn/mua-ban-xe-lexus-is-250-ha-noi/trung-son-auto-ban-is250-awd-2011-aidxc22968435
22920485,Lexus IS 250 2011,630000000.0,03/06/2025,2011,Máy xăng,Sedan,Xe cũ,60000,Số tự động,Nhập khẩu,Nam Từ Liêm - Hà Nội,https://oto.com.vn/mua-ban-xe-lexus-is-250-ha-noi/trung-son-auto-ban-is250-awd-v6-25-2011-aidxc22920485
23335835,Lexus IS 250C 2011,1120000000.0,27/06/2025,2011,Máy xăng,Convertible,Xe cũ,29000,Số tự động,Nhập khẩu,Quận 10 - Tp.HCM,https://oto.com.vn/mua-ban-xe-lexus-is-250c-hcm/xe-nha-khong-chay-moi-97-nhu-2022-khong-co-chiec-thu-2-moi-nhu-vay-nem-da-va-tap-lo-con-zin-aidxc23335835
23342556,Lexus IS 300 F-Sport 2018,850000000.0,17/07/2025,2018,Máy xăng,Coupe,Xe cũ,51200,Số tự động,Nhập khẩu,Chương Mỹ - Hà Nội,https://oto.com.vn/mua-ban-xe-lexus-is-300-ha-noi/xe-chu-it-su-dung-aidxc23342556
23332110,Lexus IS 300 F-Sport 2021,1649000000.0,13/06/2025,2021,Máy xăng,Sedan,Xe cũ,56000,Số tự động,Nhập khẩu,Quận 7 - Tp.HCM,https://oto.com.vn/mua-ban-xe-lexus-is-300-hcm/di-5v6-full-lich-su-hang-sieu-dep-aidxc23332110
23333042,Lexus IS 300 F-Sport 2021,1689000000.0,16/06/2025,2021,Máy xăng,Sedan,Xe cũ,55555,Số tự động,Nhập khẩu,Quận 7 - Tp.HCM,https://oto.com.vn/mua-ban-xe-lexus-is-300-hcm/hang-hiem-vn-aidxc23333042
23332288,Lexus IS 300 F-Sport 2021,1699000000.0,14/06/2025,2021,Máy xăng,Sedan,Xe cũ,55555,Số tự động,Nhập khẩu,Quận 7 - Tp.HCM,https://oto.com.vn/mua-ban-xe-lexus-is-300-hcm/tiet-kiem-ngay-50-bank-65-aidxc23332288
23371046,Lexus LC 500 2017,5989000000.0,27/09/2025,2017,Máy xăng,Coupe,Xe cũ,17000,Số tự động,Nhập khẩu,Cái Răng - Cần Thơ,https://oto.com.vn/mua-ban-xe-lexus-lc500-can-tho/h-aidxc23371046
23338413,Lexus LC 500 2017,5999000000.0,07/07/2025,2017,Máy xăng,Coupe,Xe cũ,17000,Số tự động,Nhập khẩu,Cái Răng - Cần Thơ,https://oto.com.vn/mua-ban-xe-lexus-lc500-can-tho/xe-coupe-cao-cap-nhap-khau-my-chat-luong-zin-tuyet-doi-aidxc23338413
23358502,Lexus LC 500 2017,5979000000.0,27/09/2025,2017,Máy xăng,Coupe,Xe cũ,17000,Số tự động,Nhập khẩu,Cái Răng - Cần Thơ,https://oto.com.vn/mua-ban-xe-lexus-lc500-can-tho/xe-sang-trong-nhap-my-cuc-hiem-aidxc23358502
23310290,Lexus LM 350 2022,5890000000.0,25/09/2025,2022,Máy xăng,MPV,Xe cũ,45000,Số tự động,Nhập khẩu,Bắc Từ Liêm - Hà Nội,https://oto.com.vn/mua-ban-xe-lexus-lm-350-ha-noi/4-ghe-vip-sieu-moi-aidxc23310290
23345759,Lexus LM 350 2022,5950000000.0,24/07/2025,2022,Máy xăng,MPV,Xe cũ,50000,Số tự động,Nhập khẩu,Cầu Giấy - Hà Nội,https://oto.com.vn/mua-ban-xe-lexus-lm-350-ha-noi/lm350h-2022-aidxc23345759
23362718,Lexus LM 350 2022,5950000000.0,06/09/2025,2022,Máy xăng,MPV,Xe cũ,50000,Số tự động,Nhập khẩu,Hà Nội,https://oto.com.vn/mua-ban-xe-lexus-lm-350-ha-noi/xe-2022-aidxc23362718
23295548,Lexus LM 350 2022,6350000000.0,11/03/2025,2022,Máy xăng,MPV,Xe cũ,21000,Số tự động,Nhập khẩu,Tân Bình - Tp.HCM,https://oto.com.vn/mua-ban-xe-lexus-lm-350-hcm/ban-vip-4-ghe-aidxc23295548
23290791,Lexus LM 350 7 chỗ 2022,5999000000.0,09/05/2025,2022,Máy xăng,MPV,Xe cũ,14000,Số tự động,Nhập khẩu,Quận 7 - Tp.HCM,https://oto.com.vn/mua-ban-xe-lexus-lm-350-hcm/tiet-kiem-ngay-gan-2-ti-aidxc23290791
23361676,Lexus LM500h 6 ghế 2025,9279000000.0,04/09/2025,2025,Máy xăng,N/A,Xe cũ,2300,Số tự động,N/A,Hà Nội,https://oto.com.vn/mua-ban-xe-lexus-lm500h-ha-noi/2025-aidxc23361676
23361966,Lexus LM500h 6 ghế 2025,9288000000.0,05/09/2025,2025,Máy xăng,N/A,Xe cũ,N/A,Số tự động,N/A,Hà Nội,https://oto.com.vn/mua-ban-xe-lexus-lm500h-ha-noi/2025-aidxc23361966
23358922,Lexus LM500h 6 ghế 2025,9290000000.0,27/08/2025,2025,Hybrid,MPV,Xe cũ,2000,Số tự động,Nhập khẩu,Ba Đình - Hà Nội,https://oto.com.vn/mua-ban-xe-lexus-lm500h-ha-noi/6-ghe-2025-sieu-luot-aidxc23358922
23344530,Lexus LM500h 2024,8999000000.0,22/07/2025,2024,Máy xăng,N/A,Xe cũ,1000,Số tự động,Nhập khẩu,Quận 7 - Tp.HCM,https://oto.com.vn/mua-ban-xe-lexus-lm500h-hcm/bao-dau-bank-70-90-ib-zalo-tu-van-truc-tiep-247-aidxc23344530
23359379,Lexus LM500h 2025,9278000000.0,28/08/2025,2025,Máy xăng,N/A,Xe cũ,2300,Số tự động,Nhập khẩu,Quận 7 - Tp.HCM,https://oto.com.vn/mua-ban-xe-lexus-lm500h-hcm/bao-dau-bank-70-90-ib-zalo-tu-van-truc-tiep-247-aidxc23359379
23372311,Lexus LS 400 1990,165000000.0,02/10/2025,1990,Máy xăng,Sedan,Xe cũ,120000,Số tự động,Nhập khẩu,Gia Lai,https://oto.com.vn/mua-ban-xe-lexus-ls-400-gia-lai/ls400-aidxc23372311
23353424,Lexus LS 430 2005,650000000.0,12/08/2025,2005,Máy xăng,Sedan,Xe cũ,100000,Số hỗn hợp,Nhập khẩu,Hoàn Kiếm - Hà Nội,https://oto.com.vn/mua-ban-xe-lexus-ls-430-ha-noi/ban-xe-o-to-aidxc23353424
22999418,Lexus LS 430 2005,495000000.0,03/06/2025,2005,Máy xăng,Sedan,Xe cũ,135000,Số tự động,Nhập khẩu,Nam Từ Liêm - Hà Nội,https://oto.com.vn/mua-ban-xe-lexus-ls-430-ha-noi/nhap-my-sieu-chat-aidxc22999418
23269244,Lexus LS 430 2004,560000000.0,07/05/2025,2004,Máy xăng,Sedan,Xe cũ,100000,Số tự động,Nhập khẩu,Nam Từ Liêm - Hà Nội,https://oto.com.vn/mua-ban-xe-lexus-ls-430-ha-noi/trung-dong-full-do-aidxc23269244
22909508,Lexus LS 430 2003,550000000.0,03/06/2025,2003,Máy xăng,Sedan,Xe cũ,100000,Số tự động,Nhập khẩu,Nam Từ Liêm - Hà Nội,https://oto.com.vn/mua-ban-xe-lexus-ls-430-ha-noi/trung-son-auto-can-ban-ls430-moi-nhat-viet-nam-aidxc22909508
23360562,Lexus LS 460 2010,880000000.0,30/09/2025,2010,Máy xăng,Sedan,Xe cũ,100000,Số tự động,Nhập khẩu,Nam Từ Liêm - Hà Nội,https://oto.com.vn/mua-ban-xe-lexus-ls-460-ha-noi/ban-f-sport-cuc-hiem-aidxc23360562
23177018,Lexus LS 460 2010,890000000.0,05/07/2025,2010,Máy xăng,Sedan,Xe cũ,90000,Số tự động,Nhập khẩu,Nam Từ Liêm - Hà Nội,https://oto.com.vn/mua-ban-xe-lexus-ls-460-ha-noi/ban-f-sport-may-eco-aidxc23177018
23347298,Lexus LS 460 2010,830000000.0,28/08/2025,2010,Máy xăng,Sedan,Xe cũ,90000,Số tự động,Nhập khẩu,Nam Từ Liêm - Hà Nội,https://oto.com.vn/mua-ban-xe-lexus-ls-460-ha-noi/dong-co-v8-46l-manh-me-hop-so-8-cap-aidxc23347298
23330654,Lexus LS 460 2010,880000000.0,18/07/2025,2010,Máy xăng,Sedan,Xe cũ,100000,Số tự động,Nhập khẩu,Nam Từ Liêm - Hà Nội,https://oto.com.vn/mua-ban-xe-lexus-ls-460-ha-noi/nguyen-ban-xe-chat-aidxc23330654
22858508,Lexus LS 460 2010,950000000.0,05/07/2025,2010,Máy xăng,Sedan,Xe cũ,80000,Số tự động,Nhập khẩu,Nam Từ Liêm - Hà Nội,https://oto.com.vn/mua-ban-xe-lexus-ls-460-ha-noi/trung-son-auto-ban-xe-aidxc22858508
23370722,Lexus LS 460L 2009,770000000.0,26/09/2025,2009,Máy xăng,Sedan,Xe cũ,112000,Số tự động,Nhập khẩu,Cầu Giấy - Hà Nội,https://oto.com.vn/mua-ban-xe-lexus-ls-460l-ha-noi/3-khong-phai-tim-dau-xa-chiec-ls460-nay-du-khien-ban-quyet-ngay-lan-dau-nhin-thay-aidxc23370722
23345042,Lexus LS 460L 2010,880000000.0,23/07/2025,2010,Máy xăng,Sedan,Xe cũ,120000,Số tự động,Nhập khẩu,Nam Từ Liêm - Hà Nội,https://oto.com.vn/mua-ban-xe-lexus-ls-460l-ha-noi/awd-full-lich-su-hang-aidxc23345042
23338219,Lexus LS 500 2023,5999000000.0,06/07/2025,2023,Máy xăng,Sedan,Xe cũ,17000,Số tự động,Nhập khẩu,Cái Răng - Cần Thơ,https://oto.com.vn/mua-ban-xe-lexus-ls-500-can-tho/xe-dep-da-qua-su-dung-it-con-bao-hanh-chinh-hang-aidxc23338219
23358494,Lexus LS 500 2023,5999000000.0,26/08/2025,2023,Máy xăng,Sedan,Xe cũ,17000,Số tự động,Nhập khẩu,Cái Răng - Cần Thơ,https://oto.com.vn/mua-ban-xe-lexus-ls-500-can-tho/xe-sang-trong-chinh-hang-2023-aidxc23358494
23371052,Lexus LS 500 2023,5980000000.0,27/09/2025,2023,Máy xăng,Sedan,Xe cũ,18000,Số tự động,Nhập khẩu,Cái Răng - Cần Thơ,https://oto.com.vn/mua-ban-xe-lexus-ls-500-can-tho/xe-sedan-cao-cap-chinh-hang-nhu-moi-aidxc23371052
23366879,Lexus LS 500 2019,4350000000.0,17/09/2025,2019,Máy xăng,Sedan,Xe cũ,58000,Số tự động,Nhập khẩu,Bắc Từ Liêm - Hà Nội,https://oto.com.vn/mua-ban-xe-lexus-ls-500-ha-noi/dinh-cao-cua-su-sang-trong-aidxc23366879
23318337,Lexus LS 500h 2018,4499000000.0,06/05/2025,2018,Máy xăng,Sedan,Xe cũ,47000,Số tự động,Nhập khẩu,Cần Thơ,https://oto.com.vn/mua-ban-xe-lexus-ls-500h-can-tho/ls500h-aidxc23318337
22936050,Lexus LS 600 2010,1550000000.0,03/06/2025,2010,Máy xăng,Sedan,Xe cũ,95000,Số tự động,Nhập khẩu,Nam Từ Liêm - Hà Nội,https://oto.com.vn/mua-ban-xe-lexus-ls-600-ha-noi/-aidxc22936050
23329328,Lexus LS 600 2008,850000000.0,04/06/2025,2008,Máy xăng,Sedan,Xe cũ,100000,Số tự động,Nhập khẩu,Nam Từ Liêm - Hà Nội,https://oto.com.vn/mua-ban-xe-lexus-ls-600-ha-noi/huybrid-nguyen-zin-aidxc23329328
23334017,Lexus LS 600 2008,830000000.0,19/06/2025,2008,Máy xăng,Sedan,Xe cũ,100000,Số tự động,Nhập khẩu,Nam Từ Liêm - Hà Nội,https://oto.com.vn/mua-ban-xe-lexus-ls-600-ha-noi/huybrid-nguyen-zin-aidxc23334017
23343589,Lexus LS 600 2008,880000000.0,30/09/2025,2008,Hybrid,Sedan,Xe cũ,100000,Số tự động,Nhập khẩu,Nam Từ Liêm - Hà Nội,https://oto.com.vn/mua-ban-xe-lexus-ls-600-ha-noi/hybrid-nguyen-zin-aidxc23343589
23250564,Lexus LS 600 2008,990000000.0,05/07/2025,2008,Máy xăng,Sedan,Xe cũ,100000,Số tự động,Nhập khẩu,Nam Từ Liêm - Hà Nội,https://oto.com.vn/mua-ban-xe-lexus-ls-600-ha-noi/lan-banh-lan-dau-2011-aidxc23250564
23360561,Lexus LS 600 2008,990000000.0,30/09/2025,2008,Máy xăng,Sedan,Xe cũ,100000,Số tự động,Nhập khẩu,Nam Từ Liêm - Hà Nội,https://oto.com.vn/mua-ban-xe-lexus-ls-600-ha-noi/lan-banh-lan-dau-2011-aidxc23360561
22983375,Lexus LS 600 2008,890000000.0,03/06/2025,2008,Máy xăng,Sedan,Xe cũ,70000,Số tự động,Nhập khẩu,Nam Từ Liêm - Hà Nội,https://oto.com.vn/mua-ban-xe-lexus-ls-600-ha-noi/nhap-my-aidxc22983375
22963840,Lexus LS 600 2008,890000000.0,03/06/2025,2008,Máy xăng,Sedan,Xe cũ,70000,Số tự động,Nhập khẩu,Nam Từ Liêm - Hà Nội,https://oto.com.vn/mua-ban-xe-lexus-ls-600-ha-noi/nhap-my-dang-ky-lan-dau-2010-aidxc22963840
23357739,Lexus LS 600 2010,1450000000.0,24/08/2025,2010,Hybrid,Sedan,Xe cũ,128000,Số tự động,Nhập khẩu,Nam Từ Liêm - Hà Nội,https://oto.com.vn/mua-ban-xe-lexus-ls-600-ha-noi/xuat-my-full-do-bao-duong-full-hang-aidxc23357739
23370747,Lexus LX 570 2015,4000000000.0,27/09/2025,2015,Máy xăng,N/A,Xe cũ,60000,Số tự động,N/A,Hà Nội,https://oto.com.vn/mua-ban-xe-lexus-lx-570-ha-noi/2015-tai-aidxc23370747
23107910,Lexus LX 570 MBS 2021,8150000000.0,25/09/2025,2021,Máy xăng,SUV,Xe cũ,28000,Số tự động,Nhập khẩu,Bắc Từ Liêm - Hà Nội,https://oto.com.vn/mua-ban-xe-lexus-lx-570-ha-noi/4-cho-chay-it-full-do-aidxc23107910
23372444,Lexus LX 570 2018,6400000000.0,02/10/2025,2018,Máy xăng,SUV,Xe cũ,46000,Số tự động,Nhập khẩu,Hà Nội,https://oto.com.vn/mua-ban-xe-lexus-lx-570-ha-noi/ban-lx570-nhap-my-2020-lan-banh-4-van-km-aidxc23372444
23208157,Lexus LX 570 2020,7150000000.0,25/09/2025,2020,Máy xăng,SUV,Xe cũ,40000,Số tự động,Nhập khẩu,Bắc Từ Liêm - Hà Nội,https://oto.com.vn/mua-ban-xe-lexus-lx-570-ha-noi/chay-it-mau-den-noi-that-da-bo-aidxc23208157
23366577,Lexus LX 570 2014,2850000000.0,16/09/2025,2014,Máy xăng,SUV,Xe cũ,110000,Số tự động,Nhập khẩu,Hà Nội,https://oto.com.vn/mua-ban-xe-lexus-lx-570-ha-noi/lx-2014-570-110000-km-aidxc23366577
23367372,Lexus LX 570 2014,2800000000.0,18/09/2025,2014,Máy xăng,SUV,Xe cũ,78000,Số tự động,Nhập khẩu,Hà Nội,https://oto.com.vn/mua-ban-xe-lexus-lx-570-ha-noi/lx570-nhap-my-san-xuat-2014chay-it-cuc-moi-aidxc23367372
23366581,Lexus LX 570 2014,2800000000.0,16/09/2025,2014,Máy xăng,SUV,Xe cũ,110000,Số tự động,Nhập khẩu,Bắc Từ Liêm - Hà Nội,https://oto.com.vn/mua-ban-xe-lexus-lx-570-ha-noi/nhap-my-aidxc23366581
23074424,Lexus LX 570 Super Sport 2020,7500000000.0,25/09/2025,2020,Máy xăng,SUV,Xe cũ,48000,Số tự động,Nhập khẩu,Bắc Từ Liêm - Hà Nội,https://oto.com.vn/mua-ban-xe-lexus-lx-570-ha-noi/nhap-trung-dong-sieu-moi-aidxc23074424
22961087,Lexus LX 570 2016,4880000000.0,25/09/2025,2016,Máy xăng,SUV,Xe cũ,75000,Số tự động,Nhập khẩu,Bắc Từ Liêm - Hà Nội,https://oto.com.vn/mua-ban-xe-lexus-lx-570-ha-noi/super-sport-aidxc22961087
22907665,Lexus LX 570 Super Sport 2021,7590000000.0,25/09/2025,2021,Máy xăng,SUV,Xe cũ,34000,Số tự động,Nhập khẩu,Bắc Từ Liêm - Hà Nội,https://oto.com.vn/mua-ban-xe-lexus-lx-570-ha-noi/super-sport-nhap-trung-dong-chay-34000km-zin-aidxc22907665
23325777,Lexus LX 570 2021,8340000000.0,04/09/2025,2021,Máy xăng,N/A,Xe cũ,10000,Số tự động,Nhập khẩu,Nam Từ Liêm - Hà Nội,https://oto.com.vn/mua-ban-xe-lexus-lx-570-ha-noi/xe-dep-nhu-moi-trang-bi-full-option-aidxc23325777
23368893,Lexus LX 570 Super Sport 2019,7449000000.0,22/09/2025,2019,Máy xăng,SUV,Xe cũ,41000,Số tự động,Nhập khẩu,Gò Vấp - Tp.HCM,https://oto.com.vn/mua-ban-xe-lexus-lx-570-hcm/ban-lx570-super-sport-2019-sieu-luot-40000km-bao-check-hang-aidxc23368893
23368012,Lexus LX 570 Super Sport 2019,6250000000.0,19/09/2025,2019,Máy xăng,SUV,Xe cũ,45000,Số tự động,Nhập khẩu,Tp.HCM,https://oto.com.vn/mua-ban-xe-lexus-lx-570-hcm/lx-2019-570-super-sport-45000-km-aidxc23368012
23352444,Lexus LX 570 2016,4650000000.0,09/09/2025,2016,Máy xăng,SUV,Xe cũ,67000,Số tự động,Nhập khẩu,Quận 10 - Tp.HCM,https://oto.com.vn/mua-ban-xe-lexus-lx-570-hcm/nhap-my-cuc-hiem-doi-nay-moi-khong-doi-thu-moi-nhu-2020-fulloption-nha-toan-trum-men-aidxc23352444
23369883,Lexus LX 570 2008,1210000000.0,24/09/2025,2008,Máy xăng,SUV,Xe cũ,92000,Số tự động,Nhập khẩu,Thủ Đức - Tp.HCM,https://oto.com.vn/mua-ban-xe-lexus-lx-570-hcm/sang-trong-tien-nghi-aidxc23369883
23372536,Lexus LX 600 2023,8000000000.0,02/10/2025,2023,Máy xăng,N/A,Xe cũ,40000,Số tự động,N/A,Hà Nội,https://oto.com.vn/mua-ban-xe-lexus-lx-600-ha-noi/2023-aidxc23372536
23173152,Lexus LX 600 VIP 2024,9650000000.0,25/09/2025,2024,Máy xăng,SUV,Xe cũ,5800,Số tự động,Nhập khẩu,Bắc Từ Liêm - Hà Nội,https://oto.com.vn/mua-ban-xe-lexus-lx-600-ha-noi/4-cho-mau-den-noi-that-nau-sieu-luot-5800-km-aidxc23173152
23259854,Lexus LX 600 Urban 2022,8390000000.0,25/09/2025,2022,Máy xăng,SUV,Xe cũ,20000,Số tự động,Nhập khẩu,Bắc Từ Liêm - Hà Nội,https://oto.com.vn/mua-ban-xe-lexus-lx-600-ha-noi/chay-2v-sieu-moi-aidxc23259854
23176569,Lexus LX 600 Urban 2023,8650000000.0,25/09/2025,2023,Máy xăng,SUV,Xe cũ,12000,Số tự động,Nhập khẩu,Bắc Từ Liêm - Hà Nội,https://oto.com.vn/mua-ban-xe-lexus-lx-600-ha-noi/den-noi-that-kem-luot-12000km-aidxc23176569
23369971,Lexus LX 600 F-Sport 2023,8250000000.0,25/09/2025,2023,Máy xăng,SUV,Xe cũ,36000,Số tự động,Nhập khẩu,Hà Nội,https://oto.com.vn/mua-ban-xe-lexus-lx-600-ha-noi/f-sport-2023-8-ty-250-trieu-aidxc23369971
23333379,Lexus LX 600 F-Sport 2023,8200000000.0,17/06/2025,2023,Máy xăng,SUV,Xe cũ,40000,Số tự động,Nhập khẩu,Bắc Từ Liêm - Hà Nội,https://oto.com.vn/mua-ban-xe-lexus-lx-600-ha-noi/f-sport-2023-aidxc23333379
23325778,Lexus LX 600 Ultra Luxury 2025,8500000000.0,04/09/2025,2025,Máy xăng,N/A,Xe cũ,8000,Số tự động,Nhập khẩu,Nam Từ Liêm - Hà Nội,https://oto.com.vn/mua-ban-xe-lexus-lx-600-ha-noi/ho-tro-ngan-hang-thu-tuc-nhanh-uy-tin-aidxc23325778
23106267,Lexus LX 600 VIP 2023,9550000000.0,25/09/2025,2023,Máy xăng,SUV,Xe cũ,18000,Số tự động,Nhập khẩu,Bắc Từ Liêm - Hà Nội,https://oto.com.vn/mua-ban-xe-lexus-lx-600-ha-noi/luot-18000km-aidxc23106267
23086754,Lexus LX 600 Urban 2023,8650000000.0,25/09/2025,2023,Máy xăng,SUV,Xe cũ,16000,Số tự động,Nhập khẩu,Bắc Từ Liêm - Hà Nội,https://oto.com.vn/mua-ban-xe-lexus-lx-600-ha-noi/luot-hon-1van-km-sieu-moi-aidxc23086754
23336344,Lexus LX 600 Urban 2023,8550000000.0,25/09/2025,2023,Máy xăng,SUV,Xe cũ,20000,Số tự động,Nhập khẩu,Bắc Từ Liêm - Hà Nội,https://oto.com.vn/mua-ban-xe-lexus-lx-600-ha-noi/mau-den-noi-that-nau-da-bo-sieu-moi-aidxc23336344
23176572,Lexus LX 600 Urban 2023,8680000000.0,25/09/2025,2023,Máy xăng,SUV,Xe cũ,8950,Số tự động,Nhập khẩu,Bắc Từ Liêm - Hà Nội,https://oto.com.vn/mua-ban-xe-lexus-lx-600-ha-noi/mau-trang-noi-that-nau-sieu-luot-6000km-aidxc23176572
23227665,Lexus LX 600 2023,8950000000.0,14/02/2025,2023,Máy xăng,SUV,Xe cũ,20000,Số tự động,Nhập khẩu,Cầu Giấy - Hà Nội,https://oto.com.vn/mua-ban-xe-lexus-lx-600-ha-noi/odo-20000km-aidxc23227665
23355378,Lexus LX 600 2023,8298000000.0,19/08/2025,2023,Máy xăng,N/A,Xe cũ,35000,Số tự động,Nhập khẩu,Quận 7 - Tp.HCM,https://oto.com.vn/mua-ban-xe-lexus-lx-600-hcm/bao-dau-bank-70-90-ib-zalo-tu-van-truc-tiep-247-aidxc23355378
23345877,Lexus NX 200T 2015,1060000000.0,24/07/2025,2015,Máy xăng,SUV,Xe cũ,156000,Số tự động,Nhập khẩu,Cái Răng - Cần Thơ,https://oto.com.vn/mua-ban-xe-lexus-nx-200t-can-tho/-aidxc23345877
23371051,Lexus NX 200T 2015,1020000000.0,27/09/2025,2015,Máy xăng,SUV,Xe cũ,150000,Số tự động,Nhập khẩu,Cái Răng - Cần Thơ,https://oto.com.vn/mua-ban-xe-lexus-nx-200t-can-tho/xe-cu-bao-duong-day-du-gia-tot-aidxc23371051
23358466,Lexus NX 200T 2015,1050000000.0,26/08/2025,2015,Máy xăng,SUV,Xe cũ,150000,Số tự động,Nhập khẩu,Cái Răng - Cần Thơ,https://oto.com.vn/mua-ban-xe-lexus-nx-200t-can-tho/xe-cu-dep-nhu-moi-bao-duong-ky-aidxc23358466
23362242,Lexus NX 200T 2016,1200000000.0,05/09/2025,2016,Máy xăng,SUV,Xe cũ,96000,Số tự động,Nhập khẩu,Hà Nội,https://oto.com.vn/mua-ban-xe-lexus-nx-200t-ha-noi/2016-tai-aidxc23362242
23342566,Lexus NX 200T 2020,920000000.0,17/07/2025,2020,Máy xăng,SUV,Xe cũ,31000,Số tự động,Nhập khẩu,Chương Mỹ - Hà Nội,https://oto.com.vn/mua-ban-xe-lexus-nx-200t-ha-noi/9200000000-aidxc23342566
23334674,Lexus NX 200T 2016,1400000000.0,21/06/2025,2016,Máy xăng,SUV,Xe cũ,47000,Số tự động,Nhập khẩu,Thanh Xuân - Hà Nội,https://oto.com.vn/mua-ban-xe-lexus-nx-200t-ha-noi/chinh-chu-47000-km-aidxc23334674
23364718,Lexus NX 200T 2016,1250000000.0,12/09/2025,2016,Máy xăng,SUV,Xe cũ,N/A,Số tự động,Nhập khẩu,Hà Nội,https://oto.com.vn/mua-ban-xe-lexus-nx-200t-ha-noi/nx200t-2016-odo-90000km-aidxc23364718
23328915,Lexus NX 200T 2015,990000000.0,03/09/2025,2015,Máy xăng,SUV,Xe cũ,98000,Số tự động,Nhập khẩu,Kiến An - Hải Phòng,https://oto.com.vn/mua-ban-xe-lexus-nx-200t-hai-phong/cam-ket-chat-luong-xe-aidxc23328915
23366592,Lexus NX 200T 2015,1080000000.0,16/09/2025,2015,Máy xăng,Crossover,Xe cũ,70000,Số tự động,Nhập khẩu,Tp.HCM,https://oto.com.vn/mua-ban-xe-lexus-nx-200t-hcm/fsport-sx-2015-70000-km-aidxc23366592
23345878,Lexus NX 300 2018,1650000000.0,24/07/2025,2018,Máy xăng,Crossover,Xe cũ,56000,Số tự động,Trong nước,Cái Răng - Cần Thơ,https://oto.com.vn/mua-ban-xe-lexus-nx-300-can-tho/bao-duong-day-du-khong-dam-dung-khong-ngap-nuoc-aidxc23345878
23358469,Lexus NX 300 2018,1620000000.0,26/08/2025,2018,Máy xăng,Crossover,Xe cũ,56000,Số tự động,Nhập khẩu,Cái Răng - Cần Thơ,https://oto.com.vn/mua-ban-xe-lexus-nx-300-can-tho/xe-mot-chu-giu-gin-can-than-odo-thap-aidxc23358469
23332741,Lexus NX 300 2018,800000000.0,15/06/2025,2018,Máy xăng,SUV,Xe cũ,26547,Số tự động,Nhập khẩu,Quận 1 - Tp.HCM,https://oto.com.vn/mua-ban-xe-lexus-nx-300-hcm/2018-aidxc23332741
23328735,Lexus NX 300 T 2018,1679000000.0,01/08/2025,2018,Máy xăng,SUV,Xe cũ,52700,Số tự động,Nhập khẩu,Quận 7 - Tp.HCM,https://oto.com.vn/mua-ban-xe-lexus-nx-300-hcm/du-ho-so-sang-ten-aidxc23328735
23299809,Lexus NX 300 T 2018,1450000000.0,19/03/2025,2018,Máy xăng,SUV,Xe cũ,126000,Số tự động,Nhập khẩu,Tân Bình - Tp.HCM,https://oto.com.vn/mua-ban-xe-lexus-nx-300-hcm/full-bao-duong-hang-aidxc23299809
23372411,Lexus NX 300 T 2019,1555000000.0,02/10/2025,2019,Máy xăng,SUV,Xe cũ,80000,Số tự động,Nhập khẩu,Tp.HCM,https://oto.com.vn/mua-ban-xe-lexus-nx-300-hcm/nx-2019-80000-km-aidxc23372411
23372418,Lexus NX 300 T 2019,1550000000.0,02/10/2025,2019,Máy xăng,SUV,Xe cũ,79900,Số tự động,Nhập khẩu,Tp.HCM,https://oto.com.vn/mua-ban-xe-lexus-nx-300-hcm/nx300-cao-cap-the-thao-sang-trong-dk-2019-aidxc23372418
23364881,Lexus NX 300 T 2017,1579000000.0,12/09/2025,2017,Máy xăng,SUV,Xe cũ,60000,Số tự động,Nhập khẩu,Quận 7 - Tp.HCM,https://oto.com.vn/mua-ban-xe-lexus-nx-300-hcm/xe-dep-khong-1-loi-nho-aidxc23364881
23334455,Lexus NX 300 T 2018,1630000000.0,20/06/2025,2018,Máy xăng,Crossover,Xe cũ,94000,Số tự động,Nhập khẩu,Thủ Đức - Tp.HCM,https://oto.com.vn/mua-ban-xe-lexus-nx-300-hcm/xe-dep-nhu-moi-day-du-bao-duong-chinh-hang-aidxc23334455
23355324,Lexus NX 300 T 2018,1679000000.0,19/08/2025,2018,Máy xăng,SUV,Xe cũ,36000,Số tự động,Nhập khẩu,Thủ Đức - Tp.HCM,https://oto.com.vn/mua-ban-xe-lexus-nx-300-hcm/xe-nhap-khau-nguyen-chiec-chat-luong-cao-aidxc23355324
23365305,Lexus NX 300T 2017,1579000000.0,13/09/2025,2017,Máy xăng,Crossover,Xe cũ,40000,Số tự động,Nhập khẩu,Cầu Giấy - Hà Nội,https://oto.com.vn/mua-ban-xe-lexus-nx-300t-ha-noi/nx300t-2017-aidxc23365305
23368195,Lexus NX 350 H 2023,2888000000.0,20/09/2025,2023,Máy xăng,N/A,Xe cũ,8000,Số tự động,N/A,Bình Dương,https://oto.com.vn/mua-ban-xe-lexus-nx-350-binh-duong/2023-tai-aidxc23368195
23328377,Lexus NX 350 2023,3099000000.0,05/09/2025,2023,Máy xăng,SUV,Xe cũ,1900,Số tự động,Trong nước,Gò Vấp - Tp.HCM,https://oto.com.vn/mua-ban-xe-lexus-nx-350-hcm/ban-nx350-fsport-2024-sueu-luot-2000km-bao-check-hang-aidxc23328377
23314615,Lexus NX 350 F-Sport 2023,3100000000.0,01/07/2025,2023,Máy xăng,N/A,Xe cũ,1900,Số tự động,Nhập khẩu,Quận 1 - Tp.HCM,https://oto.com.vn/mua-ban-xe-lexus-nx-350-hcm/co-1-chiec-duy-nhat-nhu-chiec-xe-moi-odo-chi-1900-km-aidxc23314615
23317324,Lexus NX 350h 2024,3370000000.0,02/05/2025,2024,Máy xăng,SUV,Xe cũ,3000,Số tự động,Nhập khẩu,Vĩnh Yên - Vĩnh Phúc,https://oto.com.vn/mua-ban-xe-lexus-nx-350h-vinh-phuc/sieu-moi-sieu-luot-aidxc23317324
23284720,Lexus RC 200 2016,1480000000.0,25/05/2025,2016,Máy xăng,Convertible,Xe cũ,64000,Số tự động,Nhập khẩu,Thủ Đức - Tp.HCM,https://oto.com.vn/mua-ban-xe-lexus-rc-200-hcm/xe-cam-ket-chat-luong-ho-tro-ngan-hang-den-70-aidxc23284720
23346140,Lexus RC 300 2019,1799000000.0,25/07/2025,2019,Máy xăng,Sport Car,Xe cũ,11000,Số tự động,Nhập khẩu,Cầu Giấy - Hà Nội,https://oto.com.vn/mua-ban-xe-lexus-rc-300-ha-noi/rc300-2020-aidxc23346140
23335668,Lexus RX 200T T 2016,1700000000.0,29/08/2025,2016,Máy xăng,SUV,Xe cũ,80000,Số tự động,Nhập khẩu,Cầu Giấy - Hà Nội,https://oto.com.vn/mua-ban-xe-lexus-rx-200t-ha-noi/ban-rx200t-sx-2016-sieu-luot-aidxc23335668
23336311,Lexus RX 200T 2016,1729000000.0,30/06/2025,2016,Máy xăng,SUV,Xe cũ,130000,Số tự động,Nhập khẩu,Cầu Giấy - Hà Nội,https://oto.com.vn/mua-ban-xe-lexus-rx-200t-ha-noi/rx200t-2016-aidxc23336311
23351200,Lexus RX 200T T 2016,1690000000.0,06/08/2025,2016,Máy xăng,SUV,Xe cũ,130000,Số tự động,Nhập khẩu,Tây Hồ - Hà Nội,https://oto.com.vn/mua-ban-xe-lexus-rx-200t-ha-noi/xe-sang-trong-noi-that-dang-cap-gia-cuc-tot-aidxc23351200
23314607,Lexus RX 200T 2021,1870000000.0,01/07/2025,2021,Máy xăng,N/A,Xe cũ,100000,Số tự động,Nhập khẩu,Quận 1 - Tp.HCM,https://oto.com.vn/mua-ban-xe-lexus-rx-200t-hcm/xe-mau-trang-dep-ho-tro-giao-xe-toan-quoc-aidxc23314607
23371894,Lexus RX 300 2021,2790000000.0,30/09/2025,2021,Máy xăng,SUV,Xe cũ,73000,Số tự động,Nhập khẩu,Cái Răng - Cần Thơ,https://oto.com.vn/mua-ban-xe-lexus-rx-300-can-tho/xe-luot-chat-luong-nhu-moi-noi-that-nau-sang-trong-aidxc23371894
23369997,Lexus RX 300 T 2019,2390000000.0,25/09/2025,2019,Máy xăng,SUV,Xe cũ,26000,Số tự động,Nhập khẩu,Hà Nội,https://oto.com.vn/mua-ban-xe-lexus-rx-300-ha-noi/2019-2-ty-390-trieu-aidxc23369997
23371608,Lexus RX 300 T 2019,2460000000.0,30/09/2025,2019,Máy xăng,N/A,Xe cũ,59000,Số tự động,N/A,Hà Nội,https://oto.com.vn/mua-ban-xe-lexus-rx-300-ha-noi/2019-aidxc23371608
23369990,Lexus RX 300 T 2021,2850000000.0,25/09/2025,2021,Máy xăng,SUV,Xe cũ,40000,Số tự động,Nhập khẩu,Hà Nội,https://oto.com.vn/mua-ban-xe-lexus-rx-300-ha-noi/2021-2-ty-850-trieu-aidxc23369990
23371867,Lexus RX 300 T 2021,2680000000.0,30/09/2025,2021,Máy xăng,N/A,Xe cũ,92000,Số tự động,N/A,Hà Nội,https://oto.com.vn/mua-ban-xe-lexus-rx-300-ha-noi/2021-tai-aidxc23371867
23367643,Lexus RX 300 T 2020,2650000000.0,18/09/2025,2020,Máy xăng,SUV,Xe cũ,80000,Số tự động,Nhập khẩu,Tây Hồ - Hà Nội,https://oto.com.vn/mua-ban-xe-lexus-rx-300-ha-noi/hang-dep-kho-tim-bao-check-xe-chat-luong-khoi-che-aidxc23367643
23363384,Lexus RX 300 2022,2979000000.0,09/09/2025,2022,Máy xăng,SUV,Xe cũ,32000,Số tự động,Nhập khẩu,Cầu Giấy - Hà Nội,https://oto.com.vn/mua-ban-xe-lexus-rx-300-ha-noi/rx300-2022-aidxc23363384
23363287,Lexus RX 300 T 2019,2450000000.0,09/09/2025,2019,Máy xăng,SUV,Xe cũ,65000,Số tự động,Nhập khẩu,Ba Đình - Hà Nội,https://oto.com.vn/mua-ban-xe-lexus-rx-300-ha-noi/rx300-san-xuat-2019-aidxc23363287
23361735,Lexus RX 300 T 2022,2950000000.0,04/09/2025,2022,Máy xăng,SUV,Xe cũ,20000,Số tự động,Nhập khẩu,Đống Đa - Hà Nội,https://oto.com.vn/mua-ban-xe-lexus-rx-300-ha-noi/san-xuat-2022-aidxc23361735
23370138,Lexus RX 300 F-Sport 2022,2899000000.0,25/09/2025,2022,Máy xăng,SUV,Xe cũ,22000,Số tự động,Nhập khẩu,Ba Đình - Hà Nội,https://oto.com.vn/mua-ban-xe-lexus-rx-300-ha-noi/san-xuat-2022-aidxc23370138
23372056,Lexus RX 300 T 2022,2800000000.0,01/10/2025,2022,Máy xăng,SUV,Xe cũ,60000,Số tự động,Nhập khẩu,Thanh Xuân - Hà Nội,https://oto.com.vn/mua-ban-xe-lexus-rx-300-ha-noi/t-2022-ban-xe-o-to-cu-uy-tin-tai-aidxc23372056
23372289,Lexus RX 300 T 2021,2750000000.0,02/10/2025,2021,Máy xăng,SUV,Xe cũ,50000,Số tự động,Trong nước,Cầu Giấy - Hà Nội,https://oto.com.vn/mua-ban-xe-lexus-rx-300-ha-noi/xe-dep-chuan-full-lich-su-bao-duong-chinh-hang-aidxc23372289
23281812,Lexus RX 300 2022,3298000000.0,05/09/2025,2022,Máy xăng,SUV,Xe cũ,25000,Số tự động,Nhập khẩu,Gò Vấp - Tp.HCM,https://oto.com.vn/mua-ban-xe-lexus-rx-300-hcm/ban-rx300-2022-sieu-luot-25000km-bao-check-hang-aidxc23281812
23372216,Lexus RX 300 2021,2850000000.0,01/10/2025,2021,Máy xăng,SUV,Xe cũ,12000,Số tự động,Trong nước,Gò Vấp - Tp.HCM,https://oto.com.vn/mua-ban-xe-lexus-rx-300-hcm/model-2021-aidxc23372216
23371189,Lexus RX 300 T 2022,2950000000.0,28/09/2025,2022,Máy xăng,SUV,Xe cũ,29000,Số tự động,Nhập khẩu,Gò Vấp - Tp.HCM,https://oto.com.vn/mua-ban-xe-lexus-rx-300-hcm/rx-2022-300-29000-km-aidxc23371189
23366864,Lexus RX 350 Luxury 2016,2050000000.0,17/09/2025,2016,Máy xăng,SUV,Xe cũ,160000,Số tự động,Nhập khẩu,Bắc Từ Liêm - Hà Nội,https://oto.com.vn/mua-ban-xe-lexus-rx-350-ha-noi/dep-long-lanh-aidxc23366864
23335556,Lexus RX 350 2021,3150000000.0,25/09/2025,2021,Máy xăng,SUV,Xe cũ,61000,Số tự động,Nhập khẩu,Cầu Giấy - Hà Nội,https://oto.com.vn/mua-ban-xe-lexus-rx-350-ha-noi/mau-xanh-khaki-xe-mot-chu-dep-chat-aidxc23335556
23371568,Lexus RX 350 Luxury 2016,2150000000.0,29/09/2025,2016,Máy xăng,SUV,Xe cũ,50000,Số tự động,Nhập khẩu,Bắc Từ Liêm - Hà Nội,https://oto.com.vn/mua-ban-xe-lexus-rx-350-ha-noi/nhap-my-aidxc23371568
23368310,Lexus RX 350 2007,320000000.0,20/09/2025,2007,Máy xăng,SUV,Xe cũ,130000,Số tự động,Nhập khẩu,Hoàng Mai - Hà Nội,https://oto.com.vn/mua-ban-xe-lexus-rx-350-ha-noi/nhinh-300tr-co-rx350-sx2007-chay-cuc-suong-cam-ket-xe-dep-xem-la-me-aidxc23368310
23370451,Lexus RX 350 F-Sport 2019,2790000000.0,26/09/2025,2019,Máy xăng,SUV,Xe cũ,129984,Số tự động,Nhập khẩu,Cầu Giấy - Hà Nội,https://oto.com.vn/mua-ban-xe-lexus-rx-350-ha-noi/rx350-f-sport-2019-suv-sang-luot-nhe-gia-chot-cuc-tot-khach-chot-nhanh-keo-lo-aidxc23370451
23370094,Lexus RX 350 2009,710000000.0,25/09/2025,2009,Máy xăng,SUV,Xe cũ,77000,Số tự động,Nhập khẩu,Cầu Giấy - Hà Nội,https://oto.com.vn/mua-ban-xe-lexus-rx-350-ha-noi/sieu-dep-aidxc23370094
23366603,Lexus RX 350 2024,3500000000.0,16/09/2025,2024,Máy xăng,SUV,Xe cũ,10000,Số tự động,Nhập khẩu,Bắc Từ Liêm - Hà Nội,https://oto.com.vn/mua-ban-xe-lexus-rx-350-ha-noi/sieu-luot-aidxc23366603
23347735,Lexus RX 350 2021,3650000000.0,15/09/2025,2021,Máy xăng,SUV,Xe cũ,38000,Số tự động,Nhập khẩu,Nam Từ Liêm - Hà Nội,https://oto.com.vn/mua-ban-xe-lexus-rx-350-ha-noi/xe-ca-nhan-mot-chu-tu-dau-aidxc23347735
23369871,Lexus RX 350 Luxury 2023,4299000000.0,24/09/2025,2023,Máy xăng,SUV,Xe cũ,6500,Số tự động,Nhập khẩu,Long Biên - Hà Nội,https://oto.com.vn/mua-ban-xe-lexus-rx-350-ha-noi/xe-luot-6500km-sieu-sieu-moi-aidxc23369871
23369872,Lexus RX 350 Luxury 2019,2899000000.0,24/09/2025,2019,Máy xăng,SUV,Xe cũ,47000,Số tự động,Nhập khẩu,Long Biên - Hà Nội,https://oto.com.vn/mua-ban-xe-lexus-rx-350-ha-noi/xe-san-xuat-2019-da-di-47000-km-gia-tot-aidxc23369872
23347733,Lexus RX 350 2021,3850000000.0,15/09/2025,2021,Máy xăng,SUV,Xe cũ,13500,Số tự động,Nhập khẩu,Nam Từ Liêm - Hà Nội,https://oto.com.vn/mua-ban-xe-lexus-rx-350-ha-noi/xe-sang-trong-mau-trang-noi-that-nau-dang-cap-aidxc23347733
23314725,Lexus RX 350 Luxury 2019,2879000000.0,18/09/2025,2019,Máy xăng,SUV,Xe cũ,43000,Số tự động,Nhập khẩu,Quận 7 - Tp.HCM,https://oto.com.vn/mua-ban-xe-lexus-rx-350-hcm/1-chu-tu-moi-aidxc23314725
23363666,Lexus RX 350 Luxury 2023,4379000000.0,10/09/2025,2023,Máy xăng,SUV,Xe cũ,10000,Số tự động,Nhập khẩu,Gò Vấp - Tp.HCM,https://oto.com.vn/mua-ban-xe-lexus-rx-350-hcm/ban-rx350-2023-luuxury-sieu-luot-bao-check-hang-aidxc23363666
23304515,Lexus RX 350 Luxury 2024,4290000000.0,12/09/2025,2024,Máy xăng,SUV,Xe cũ,3900,Số tự động,Nhập khẩu,Gò Vấp - Tp.HCM,https://oto.com.vn/mua-ban-xe-lexus-rx-350-hcm/luxury-model-2024-aidxc23304515
23351877,Lexus RX 350 Luxury 2023,4299000000.0,07/09/2025,2023,Máy xăng,SUV,Xe cũ,6666,Số tự động,Nhập khẩu,Quận 7 - Tp.HCM,https://oto.com.vn/mua-ban-xe-lexus-rx-350-hcm/tiet-kiem-ngay-500tr-bank-70-aidxc23351877
23275574,Lexus RX 350 2019,2650000000.0,09/09/2025,2019,Máy xăng,N/A,Xe cũ,43000,Số tự động,Nhập khẩu,Quận 7 - Tp.HCM,https://oto.com.vn/mua-ban-xe-lexus-rx-350-hcm/xe-dep-full-lich-su-hang-moi-90-aidxc23275574
23369929,Lexus RX 450h 2018,2800000000.0,24/09/2025,2018,Máy xăng,SUV,Xe cũ,100000,Số tự động,Nhập khẩu,Cái Răng - Cần Thơ,https://oto.com.vn/mua-ban-xe-lexus-rx-450h-can-tho/xe-da-qua-su-dung-bao-duong-day-du-aidxc23369929
23256110,Lexus RX 450h 2021,4150000000.0,23/06/2025,2021,Hybrid,SUV,Xe cũ,37000,Số tự động,Nhập khẩu,Hoàng Mai - Hà Nội,https://oto.com.vn/mua-ban-xe-lexus-rx-450h-ha-noi/chay-hon-3v-sieu-moi-cam-ket-ve-chat-luong-aidxc23256110
23371043,Lexus RX 450h 2010,750000000.0,27/09/2025,2010,Hybrid,SUV,Xe cũ,120000,Số tự động,Nhập khẩu,Quận 2 - Tp.HCM,https://oto.com.vn/mua-ban-xe-lexus-rx-450h-hcm/2010-aidxc23371043
23035992,Lexus RX 450h 2012,1190000000.0,08/06/2025,2012,Hybrid,SUV,Xe cũ,80000,Số tự động,Nhập khẩu,Bình Thạnh - Tp.HCM,https://oto.com.vn/mua-ban-xe-lexus-rx-450h-hcm/rx450h-sx-2012-aidxc23035992
23348179,Lexus RX 350L 2021,2489000000.0,29/07/2025,2021,Máy xăng,SUV,Xe cũ,70000,Số tự động,Nhập khẩu,Cầu Giấy - Hà Nội,https://oto.com.vn/mua-ban-xe-lexus-rx-50l-ha-noi/rx350l-2021-aidxc23348179
23318284,Lexus RX 350L 2024,3398000000.0,11/07/2025,2024,Máy xăng,SUV,Xe cũ,17,Số tự động,Nhập khẩu,Quận 7 - Tp.HCM,https://oto.com.vn/mua-ban-xe-lexus-rx-50l-hcm/ban-premium-mau-xam-titannau-sieu-luot-aidxc23318284
23362127,Lexus RX 350L 2023,4089000000.0,05/09/2025,2023,Máy xăng,SUV,Xe cũ,5000,Số tự động,Nhập khẩu,Gò Vấp - Tp.HCM,https://oto.com.vn/mua-ban-xe-lexus-rx-50l-hcm/ban-rx350-luxury-2023-sieu-moi-5000km-bao-check-hang-aidxc23362127
23330374,Lexus SC 430 2003,1050000000.0,10/07/2025,2003,Máy xăng,Convertible,Xe cũ,80000,Số tự động,Nhập khẩu,Quận 12 - Tp.HCM,https://oto.com.vn/mua-ban-xe-lexus-sc-430-hcm/mui-tran-sang-trong-nhap-khau-nhat-ban-aidxc23330374
23030892,Lincoln MKC 2015,1250000000.0,07/05/2025,2015,Máy xăng,SUV,Xe cũ,50000,Số tự động,Nhập khẩu,Nam Từ Liêm - Hà Nội,https://oto.com.vn/mua-ban-xe-lincoln-mkc-ha-noi/duy-nhat-tai-viet-nam-aidxc23030892
23065473,Lincoln MKC 2015,1290000000.0,07/05/2025,2015,Máy xăng,SUV,Xe cũ,50000,Số tự động,Nhập khẩu,Nam Từ Liêm - Hà Nội,https://oto.com.vn/mua-ban-xe-lincoln-mkc-ha-noi/duy-nhat-tai-viet-nam-aidxc23065473
22791916,Lincoln MKC 2015,1600000000.0,03/06/2025,2015,Máy xăng,SUV,Xe cũ,50000,Số tự động,Nhập khẩu,Nam Từ Liêm - Hà Nội,https://oto.com.vn/mua-ban-xe-lincoln-mkc-ha-noi/xe-sieu-dep-duy-nhat-tai-viet-nam-aidxc22791916
23364340,Lincoln Navigator Black Label L 2018,4650000000.0,11/09/2025,2018,Máy xăng,SUV,Xe cũ,N/A,Số tự động,Nhập khẩu,Hà Nội,https://oto.com.vn/mua-ban-xe-lincoln-navigator-ha-noi/black-label-sx-2018-aidxc23364340
23308584,Lincoln Town car 2005,2600000000.0,10/06/2025,2005,Máy xăng,N/A,Xe cũ,65000,Số tự động,Nhập khẩu,Thủ Đức - Tp.HCM,https://oto.com.vn/mua-ban-xe-lincoln-town-car-hcm/xe-dam-bao-chat-luong-cam-ket-khong-tai-nan-dam-dung-thuy-kich-ngap-nuoc-aidxc23308584
23371904,Luxgen M7 2011,225000000.0,01/10/2025,2011,Máy xăng,N/A,Xe cũ,N/A,Số tự động,N/A,Hà Nội,https://oto.com.vn/mua-ban-xe-luxgen-m7-ha-noi/2011-aidxc23371904
23312627,Luxgen U7 2015,320000000.0,16/04/2025,2015,Máy xăng,SUV,Xe cũ,160000,Số tự động,Nhập khẩu,Thuận An - Bình Dương,https://oto.com.vn/mua-ban-xe-luxgen-u7-binh-duong/ho-tro-cho-tra-cham-6-thang-0-lai-aidxc23312627
23359045,Lynk & Co 01 2023,767000000.0,27/08/2025,2023,Máy xăng,SUV,Xe cũ,25000,Số tự động,Nhập khẩu,Cầu Giấy - Hà Nội,https://oto.com.vn/mua-ban-xe-lynk-co-01-ha-noi/xe-1-chu-su-dung-tu-moi-co-vat-cao-cuc-chat-1-vien-duy-nhat-thi-truong-aidxc23359045
23361257,Lynk & Co 05 2024,1530000000.0,03/09/2025,2024,Máy xăng,N/A,Xe cũ,7000,Số tự động,N/A,Tp.HCM,https://oto.com.vn/mua-ban-xe-lynk-co-05-hcm/2024-tai-tp-aidxc23361257
23362620,Lynk & Co 05 2024,1510000000.0,06/09/2025,2024,Máy xăng,Crossover,Xe cũ,7000,Số tự động,Nhập khẩu,Tp.HCM,https://oto.com.vn/mua-ban-xe-lynk-co-05-hcm/lynkco-sieu-luot-sx-2024-odo-7000-km-aidxc23362620
23364997,Lynk & Co 06 EM-P 2025,729000000.0,12/09/2025,2025,Máy xăng,SUV,Xe cũ,N/A,Số tự động,Nhập khẩu,Bà Rịa Vũng Tàu,https://oto.com.vn/mua-ban-xe-lynk-co-06-ba-ria-vung-tau/lynkco-2025-aidxc23364997
23363102,Lynk & Co 06 2025,700000000.0,08/09/2025,2025,Máy xăng,N/A,Xe cũ,1300,Số tự động,N/A,Tp.HCM,https://oto.com.vn/mua-ban-xe-lynk-co-06-hcm/2025-so-tu-dong-tai-tp-aidxc23363102
23361715,Lynk & Co 06 EM-P 2025,700000000.0,04/09/2025,2025,Điện,SUV,Xe cũ,1000,Số tự động,Nhập khẩu,Tp.HCM,https://oto.com.vn/mua-ban-xe-lynk-co-06-hcm/lynkco-2025-1000-km-aidxc23361715
23361831,Lynk & Co 06 EM-P 2025,709000000.0,04/09/2025,2025,Điện,SUV,Xe cũ,1000,Số tự động,Trong nước,Tp.HCM,https://oto.com.vn/mua-ban-xe-lynk-co-06-hcm/lynkco-2025-moi-mua-2-thang-di-1000-km-aidxc23361831
23336359,Maserati Ghibli GrandSport 2018,2333000000.0,29/08/2025,2018,Máy xăng,Sedan,Xe cũ,20000,Số tự động,Nhập khẩu,Cầu Giấy - Hà Nội,https://oto.com.vn/mua-ban-xe-maserati-ghibli-ha-noi/ban-grandsport-sx-2018-sieu-luot-aidxc23336359
23336253,Maserati Ghibli GrandSport 2018,2399000000.0,30/06/2025,2018,Máy xăng,Sedan,Xe cũ,20000,Số tự động,Nhập khẩu,Cầu Giấy - Hà Nội,https://oto.com.vn/mua-ban-xe-maserati-ghibli-ha-noi/grandsport-2019-full-option-sieu-luot-aidxc23336253
23269262,Maserati Granturismo 4.2 V8 Sport 2008,1990000000.0,27/04/2025,2008,Máy xăng,Sedan,Xe cũ,64000,Số sàn,Nhập khẩu,Nam Từ Liêm - Hà Nội,https://oto.com.vn/mua-ban-xe-maserati-granturismo-ha-noi/hang-suu-tam-aidxc23269262
23054051,Maserati Granturismo 4.2 V8 MC 2008,1900000000.0,27/04/2025,2008,Máy xăng,Sedan,Xe cũ,40000,Số tự động,Nhập khẩu,Nam Từ Liêm - Hà Nội,https://oto.com.vn/mua-ban-xe-maserati-granturismo-ha-noi/sieu-pham-40000mile-aidxc23054051
23345062,Maserati Granturismo 4.2 V8 MC 2008,1680000000.0,30/09/2025,2008,Máy xăng,Sedan,Xe cũ,40000,Số tự động,Nhập khẩu,Nam Từ Liêm - Hà Nội,https://oto.com.vn/mua-ban-xe-maserati-granturismo-ha-noi/sieu-pham-40000mile-aidxc23345062
23353568,Maserati Levante 3.0L S V6 2017,1618000000.0,12/08/2025,2017,Máy xăng,SUV,Xe cũ,100000,Số tự động,Nhập khẩu,Cầu Giấy - Hà Nội,https://oto.com.vn/mua-ban-xe-maserati-levante-ha-noi/thanh-ly-aidxc23353568
23340889,Maserati Levante 3.0L S V6 2017,1800000000.0,14/07/2025,2017,Máy xăng,SUV,Xe cũ,10000,Số tự động,Nhập khẩu,Thủ Đức - Tp.HCM,https://oto.com.vn/mua-ban-xe-maserati-levante-hcm/jupiter-phat-mai-aidxc23340889
23302755,Maserati Levante 3.0L S V6 2016,1990000000.0,07/09/2025,2016,Máy xăng,SUV,Xe cũ,68000,Số tự động,Nhập khẩu,Quận 8 - Tp.HCM,https://oto.com.vn/mua-ban-xe-maserati-levante-hcm/option-full-tu-hang-aidxc23302755
23365421,Maserati Quattroporte 2016,1999000000.0,13/09/2025,2016,Máy xăng,Sedan,Xe cũ,N/A,Số tự động,Nhập khẩu,Hà Nội,https://oto.com.vn/mua-ban-xe-maserati-quattroporte-ha-noi/-aidxc23365421
23198685,Maserati Quattroporte Luxury 2020,4793000000.0,09/09/2025,2020,Máy xăng,Sedan,Xe cũ,4800,Số tự động,Nhập khẩu,Tp.HCM,https://oto.com.vn/mua-ban-xe-maserati-quattroporte-hcm/mau-nau-man-chin-aidxc23198685
23369112,Mazda 2 1.5AT 2021,425000000.0,22/09/2025,2021,Máy xăng,Hatchback,Xe cũ,46000,Số tự động,Nhập khẩu,Long Biên - Hà Nội,https://oto.com.vn/mua-ban-xe-mazda-2-ha-noi/01-46000-km-aidxc23369112
23372522,Mazda 2 2018,369000000.0,02/10/2025,2018,Máy xăng,Hatchback,Xe cũ,60000,Số tự động,Nhập khẩu,Hà Nội,https://oto.com.vn/mua-ban-xe-mazda-2-ha-noi/018-so-tu-dong-tai-aidxc23372522
23372202,Mazda 2 Sedan 1.5L Premium 2019,360000000.0,01/10/2025,2019,Máy xăng,Sedan,Xe cũ,18000,Số tự động,Nhập khẩu,Hà Nội,https://oto.com.vn/mua-ban-xe-mazda-2-ha-noi/019-premium-sedan-18000-km-aidxc23372202
23361222,Mazda 2 Sedan 1.5L Deluxe 2017,350000000.0,03/09/2025,2017,Máy xăng,Sedan,Xe cũ,80000,Số tự động,Trong nước,Tây Hồ - Hà Nội,https://oto.com.vn/mua-ban-xe-mazda-2-ha-noi/sieu-chat-aidxc23361222
23343007,Mazda 2 Sedan 1.5L Luxury 2022,435000000.0,17/09/2025,2022,Máy xăng,Sedan,Xe cũ,50000,Số tự động,Trong nước,Sóc Sơn - Hà Nội,https://oto.com.vn/mua-ban-xe-mazda-2-ha-noi/tu-nhan-1-chu-mua-moi-aidxc23343007
23349679,Mazda 2 Sedan 1.5L Luxury 2020,395000000.0,04/09/2025,2020,Máy xăng,Sedan,Xe cũ,34000,Số tự động,Nhập khẩu,Cầu Giấy - Hà Nội,https://oto.com.vn/mua-ban-xe-mazda-2-ha-noi/xe-dep-khong-co-diem-che-zin-keng-may-moc-bao-check-aidxc23349679
23371822,Mazda 2 1.5AT 2024,410000000.0,30/09/2025,2024,Máy xăng,Sedan,Xe cũ,12000,Số tự động,Nhập khẩu,Đống Đa - Hà Nội,https://oto.com.vn/mua-ban-xe-mazda-2-ha-noi/xe-sieu-luot-1-chu-tu-moi-giu-gin-aidxc23371822
23368430,Mazda 2 1.5AT 2015,295000000.0,20/09/2025,2015,Máy xăng,Sedan,Xe cũ,120000,Số tự động,Nhập khẩu,An Lão - Hải Phòng,https://oto.com.vn/mua-ban-xe-mazda-2-hai-phong/mau-sedan-nho-gon-gia-tot-thuong-luong-aidxc23368430
23364844,Mazda 2 2016,295000000.0,12/09/2025,2016,Máy xăng,Sedan,Xe cũ,50000,Số tự động,Trong nước,An Lão - Hải Phòng,https://oto.com.vn/mua-ban-xe-mazda-2-hai-phong/xe-dep-ban-luxury-so-tu-dong-aidxc23364844
23368974,Mazda 2 Premium 2022,430000000.0,22/09/2025,2022,Máy xăng,Hatchback,Xe cũ,11292,Số tự động,Nhập khẩu,Tp.HCM,https://oto.com.vn/mua-ban-xe-mazda-2-hcm/0-premium-119-km-aidxc23368974
23370210,Mazda 2 1.5AT 2015,299000000.0,25/09/2025,2015,Máy xăng,Sedan,Xe cũ,190000,Số tự động,Nhập khẩu,Tp.HCM,https://oto.com.vn/mua-ban-xe-mazda-2-hcm/015-15-at-sedan-190000-km-aidxc23370210
23368250,Mazda 2 Sedan 1.5L Luxury 2020,355000000.0,20/09/2025,2020,Máy xăng,Sedan,Xe cũ,50000,Số tự động,Trong nước,Bình Thạnh - Tp.HCM,https://oto.com.vn/mua-ban-xe-mazda-2-hcm/sedan-15l-luxury-00-aidxc23368250
23341430,Mazda 2 2018,359000000.0,22/09/2025,2018,Máy xăng,Hatchback,Xe cũ,30000,Số tự động,Trong nước,Quận 10 - Tp.HCM,https://oto.com.vn/mua-ban-xe-mazda-2-hcm/xe-nha-trum-men-khong-chay-moi-nhu-0-luon-doi-nay-moi-khong-doi-thu-toan-bo-zin-theo-xe-aidxc23341430
23364163,Mazda 2 1.5AT 2024,410000000.0,11/09/2025,2024,Máy xăng,Sedan,Xe cũ,12000,Số tự động,Nhập khẩu,Việt Trì - Phú Thọ,https://oto.com.vn/mua-ban-xe-mazda-2-phu-tho/mot-chu-tu-moi-chuan-km-di-aidxc23364163
23364989,Mazda 2 Sport 1.5L Premium 2016,295000000.0,12/09/2025,2016,Máy xăng,Hatchback,Xe cũ,130,Số tự động,Trong nước,Đông Sơn - Thanh Hóa,https://oto.com.vn/mua-ban-xe-mazda-2-thanh-hoa/xe-dep-khong-loi-aidxc23364989
23231648,Mazda 3 Sedan 1.5L Deluxe 2018,445000000.0,15/09/2025,2018,Máy xăng,Sedan,Xe cũ,76000,Số tự động,Trong nước,Thuận An - Bình Dương,https://oto.com.vn/mua-ban-xe-mazda-3-binh-duong/xe-sieu-dep-aidxc23231648
23368966,Mazda 3 1.6 AT 2018,420000000.0,22/09/2025,2018,Máy xăng,Sedan,Xe cũ,85000,Số tự động,Trong nước,Sơn Tịnh - Cần Thơ,https://oto.com.vn/mua-ban-xe-mazda-3-can-tho/2018-15-at-sedan-ban-xe-dang-chay-di-hoc-aidxc23368966
23372445,Mazda 3 Premium 2019,488000000.0,02/10/2025,2019,Máy xăng,Sedan,Xe cũ,61000,Số tự động,Trong nước,Cần Thơ,https://oto.com.vn/mua-ban-xe-mazda-3-can-tho/2019-20l-premium-61000-km-aidxc23372445
23368838,Mazda 3 Sedan 1.5L Deluxe 2020,440000000.0,22/09/2025,2020,Máy xăng,Sedan,Xe cũ,90000,Số tự động,Trong nước,Cần Thơ,https://oto.com.vn/mua-ban-xe-mazda-3-can-tho/2020-15l-deluxe-90000-km-aidxc23368838
23371841,Mazda 3 2020,410000000.0,30/09/2025,2020,Máy xăng,N/A,Xe cũ,N/A,Số tự động,N/A,Cần Thơ,https://oto.com.vn/mua-ban-xe-mazda-3-can-tho/2020-tai-aidxc23371841
23372260,Mazda 3 2019,430000000.0,02/10/2025,2019,Máy xăng,Sedan,Xe cũ,112000,Số tự động,Trong nước,Đà Nẵng,https://oto.com.vn/mua-ban-xe-mazda-3-da-nang/chinh-chu-ban-mada-2019-xe-mau-trang-aidxc23372260
23372505,Mazda 3 1.6 AT 2014,305000000.0,02/10/2025,2014,Máy xăng,Sedan,Xe cũ,1,Số tự động,Nhập khẩu,Ea H'Leo - Đắk Lắk,https://oto.com.vn/mua-ban-xe-mazda-3-dak-lak/2014-so-tu-dong-aidxc23372505
23324217,Mazda 3 Sedan 1.5L Deluxe 2022,495000000.0,23/09/2025,2022,Máy xăng,Sedan,Xe cũ,42000,Số tự động,Trong nước,Nam Từ Liêm - Hà Nội,https://oto.com.vn/mua-ban-xe-mazda-3-ha-noi/1-chu-gia-em-aidxc23324217
23372509,Mazda 3 1.5L Sedan 2016,365000000.0,02/10/2025,2016,Máy xăng,Sedan,Xe cũ,86000,Số tự động,Trong nước,Hà Nội,https://oto.com.vn/mua-ban-xe-mazda-3-ha-noi/15-2016-zin-86vankm-so-cua-chua-ha-dep-aidxc23372509
23368381,Mazda 3 1.5L Sedan 2015,345000000.0,20/09/2025,2015,Máy xăng,Sedan,Xe cũ,88000,Số tự động,Trong nước,Cầu Giấy - Hà Nội,https://oto.com.vn/mua-ban-xe-mazda-3-ha-noi/2015-aidxc23368381
23372504,Mazda 3 2022,558000000.0,02/10/2025,2022,Máy xăng,N/A,Xe cũ,37000,Số tự động,N/A,Hà Nội,https://oto.com.vn/mua-ban-xe-mazda-3-ha-noi/2022-aidxc23372504
23372193,Mazda 3 2.0L Sedan 2015,368000000.0,01/10/2025,2015,Máy xăng,Sedan,Xe cũ,8,Số tự động,Trong nước,Nam Từ Liêm - Hà Nội,https://oto.com.vn/mua-ban-xe-mazda-3-ha-noi/20l-sedan-2015-aidxc23372193
23324564,Mazda 3 2.0L Sedan 2016,379000000.0,19/09/2025,2016,Máy xăng,Sedan,Xe cũ,100000,Số tự động,Trong nước,Hoàng Mai - Hà Nội,https://oto.com.vn/mua-ban-xe-mazda-3-ha-noi/chay-10-van-rat-moi-aidxc23324564
23353788,Mazda 3 1.5L Sedan 2019,455000000.0,14/09/2025,2019,Máy xăng,Sedan,Xe cũ,61289,Số tự động,Trong nước,Hoàng Mai - Hà Nội,https://oto.com.vn/mua-ban-xe-mazda-3-ha-noi/chay-6-van-lop-theo-xe-con-rat-moi-aidxc23353788
23370474,Mazda 3 Sedan 1.5L Luxury 2022,555000000.0,26/09/2025,2022,Máy xăng,Sedan,Xe cũ,16000,Số tự động,Trong nước,Bắc Từ Liêm - Hà Nội,https://oto.com.vn/mua-ban-xe-mazda-3-ha-noi/cuc-moi-aidxc23370474
23307383,Mazda 3 Sedan 1.5L Luxury 2022,565000000.0,13/09/2025,2022,Máy xăng,N/A,Xe cũ,60000,Số tự động,Trong nước,Thanh Xuân - Hà Nội,https://oto.com.vn/mua-ban-xe-mazda-3-ha-noi/du-ho-so-sang-ten-gia-tot-thuong-luong-xem-xe-o-aidxc23307383
23370967,Mazda 3 1.5L Sedan 2018,448000000.0,27/09/2025,2018,Máy xăng,Sedan,Xe cũ,56000,Số tự động,Nhập khẩu,Hà Nội,https://oto.com.vn/mua-ban-xe-mazda-3-ha-noi/facelift-full-option-cuoi-2018-cuc-moi-aidxc23370967
23320567,Mazda 3 1.5L Sedan 2019,455000000.0,12/09/2025,2019,Máy xăng,Sedan,Xe cũ,65689,Số tự động,Trong nước,Hoàng Mai - Hà Nội,https://oto.com.vn/mua-ban-xe-mazda-3-ha-noi/mot-chu-bien-rat-moi-aidxc23320567
23313365,Mazda 3 Sedan 1.5L Luxury 2019,455000000.0,19/09/2025,2019,Máy xăng,Sedan,Xe cũ,67899,Số tự động,Trong nước,Hoàng Mai - Hà Nội,https://oto.com.vn/mua-ban-xe-mazda-3-ha-noi/mot-chu-tu-moi-bien-6-van-rat-moi-aidxc23313365
23370719,Mazda 3 Sedan 1.5L Luxury 2020,499000000.0,26/09/2025,2020,Máy xăng,Sedan,Xe cũ,3200,Số tự động,Trong nước,Hoàng Mai - Hà Nội,https://oto.com.vn/mua-ban-xe-mazda-3-ha-noi/salon-xin-duoc-chao-ban-chiec-xe-aidxc23370719
23369910,Mazda 3 1.5L Sedan 2019,430000000.0,24/09/2025,2019,Máy xăng,Sedan,Xe cũ,70000,Số tự động,Trong nước,Hà Nội,https://oto.com.vn/mua-ban-xe-mazda-3-ha-noi/sedan-top-1-trong-long-anh-chi-em-aidxc23369910
23371789,Mazda 3 1.5L Sedan 2019,456000000.0,30/09/2025,2019,Máy xăng,Sedan,Xe cũ,52000,Số tự động,Trong nước,Cầu Giấy - Hà Nội,https://oto.com.vn/mua-ban-xe-mazda-3-ha-noi/sieu-luot-gia-tot-thuong-luong-aidxc23371789
23370907,Mazda 3 Sedan 1.5L Deluxe 2020,478000000.0,27/09/2025,2020,Máy xăng,Sedan,Xe cũ,50000,Số tự động,Trong nước,Cầu Giấy - Hà Nội,https://oto.com.vn/mua-ban-xe-mazda-3-ha-noi/xe-chat-luong-cao-mau-do-noi-bat-aidxc23370907
23371751,Mazda 3 1.6 AT 2014,299000000.0,30/09/2025,2014,Máy xăng,Sedan,Xe cũ,50000,Số tự động,Trong nước,Nam Từ Liêm - Hà Nội,https://oto.com.vn/mua-ban-xe-mazda-3-ha-noi/xe-chay-it-rat-moi-so-voi-doi-aidxc23371751
23335033,Mazda 3 1.5L Sedan 2017,396000000.0,03/09/2025,2017,Máy xăng,Sedan,Xe cũ,100000,Số tự động,Trong nước,Nam Từ Liêm - Hà Nội,https://oto.com.vn/mua-ban-xe-mazda-3-ha-noi/xe-chay-it-tinh-trang-nhu-moi-aidxc23335033
23353661,Mazda 3 1.5L Sedan 2017,375000000.0,17/09/2025,2017,Máy xăng,Sedan,Xe cũ,100000,Số tự động,Trong nước,Thanh Xuân - Hà Nội,https://oto.com.vn/mua-ban-xe-mazda-3-ha-noi/xe-cuc-chat-ten-tu-nhan-1-chu-tu-dau-aidxc23353661
23371783,Mazda 3 Sedan 1.5L Luxury 2023,576000000.0,30/09/2025,2023,Máy xăng,N/A,Xe cũ,32000,Số tự động,Trong nước,Cầu Giấy - Hà Nội,https://oto.com.vn/mua-ban-xe-mazda-3-ha-noi/xe-dep-gia-tot-bao-ho-so-xe-aidxc23371783
23368367,Mazda 3 1.5L Sedan 2023,538000000.0,20/09/2025,2023,Máy xăng,Sedan,Xe cũ,30000,Số tự động,Trong nước,Ngô Quyền - Hải Phòng,https://oto.com.vn/mua-ban-xe-mazda-3-hai-phong/15-sedan-202-aidxc23368367
23359497,Mazda 3 Sedan 1.5L Deluxe 2020,479000000.0,29/09/2025,2020,Máy xăng,Sedan,Xe cũ,75000,Số tự động,Trong nước,An Lão - Hải Phòng,https://oto.com.vn/mua-ban-xe-mazda-3-hai-phong/chu-di-giu-gin-may-so-than-vo-nguyen-zin-aidxc23359497
23368246,Mazda 3 1.5L Sedan 2018,428000000.0,20/09/2025,2018,Máy xăng,Sedan,Xe cũ,82000,Số tự động,Trong nước,An Lão - Hải Phòng,https://oto.com.vn/mua-ban-xe-mazda-3-hai-phong/chu-giu-gin-trang-bi-nhieu-option-tien-nghi-aidxc23368246
23372226,Mazda 3 Sedan 1.5L Luxury 2020,499000000.0,01/10/2025,2020,Máy xăng,Sedan,Xe cũ,3200,Số tự động,Trong nước,Đồ Sơn - Hải Phòng,https://oto.com.vn/mua-ban-xe-mazda-3-hai-phong/salon-xin-duoc-chao-ban-chiec-xe-aidxc23372226
23369634,Mazda 3 1.5L Sedan 2015,358000000.0,24/09/2025,2015,Máy xăng,Sedan,Xe cũ,102000,Số tự động,Trong nước,An Lão - Hải Phòng,https://oto.com.vn/mua-ban-xe-mazda-3-hai-phong/xe-dep-sedan-hang-c-ben-bi-gia-tot-aidxc23369634
23371924,Mazda 3 1.6 AT 2016,330000000.0,01/10/2025,2016,Máy xăng,Sedan,Xe cũ,106000,Số tự động,Trong nước,Tp.HCM,https://oto.com.vn/mua-ban-xe-mazda-3-hcm/2016-15-at-106000-km-aidxc23371924
23369000,Mazda 3 1.6 AT 2017,395000000.0,22/09/2025,2017,Máy xăng,Sedan,Xe cũ,84000,Số tự động,Trong nước,Tp.HCM,https://oto.com.vn/mua-ban-xe-mazda-3-hcm/2017-15-at-sedan-84000-km-aidxc23369000
23370554,Mazda 3 1.5 Hatchback 2022,569000000.0,26/09/2025,2022,Máy xăng,Hatchback,Xe cũ,44700,Số tự động,Trong nước,Tp.HCM,https://oto.com.vn/mua-ban-xe-mazda-3-hcm/2022-15l-sport-premium-44700-km-aidxc23370554
23369535,Mazda 3 Sedan 1.5L Luxury 2021,550000000.0,24/09/2025,2021,Máy xăng,Sedan,Xe cũ,120000,Số tự động,Trong nước,Tp.HCM,https://oto.com.vn/mua-ban-xe-mazda-3-hcm/di-dinh-cu-can-ban-2021-15l-luxury-aidxc23369535
23370274,Mazda 3 2022,567000000.0,25/09/2025,2022,Máy xăng,N/A,Xe cũ,34000,Số tự động,Trong nước,Tân Phú - Tp.HCM,https://oto.com.vn/mua-ban-xe-mazda-3-hcm/gia-re-can-ban-gap-aidxc23370274
23365001,Mazda 3 Sedan 1.5L Luxury 2022,570000000.0,12/09/2025,2022,Máy xăng,Sedan,Xe cũ,23000,Số tự động,Trong nước,Quận 8 - Tp.HCM,https://oto.com.vn/mua-ban-xe-mazda-3-hcm/odo-chuan-2000km-sieu-moi-aidxc23365001
23365783,Mazda 3 1.5L Sedan 2017,415000000.0,14/09/2025,2017,Máy xăng,Sedan,Xe cũ,69000,Số tự động,Trong nước,Bình Thạnh - Tp.HCM,https://oto.com.vn/mua-ban-xe-mazda-3-hcm/xe-gia-dinh-chinh-chu-so-km-toi-da-69000km-chay-noi-thanh-xe-bao-hanh-va-bao-tri-tai-hang-aidxc23365783
23366255,Mazda 3 Sedan 1.5L Luxury 2020,495000000.0,16/09/2025,2020,Máy xăng,Sedan,Xe cũ,33000,Số tự động,Trong nước,Hưng Yên - Hưng Yên,https://oto.com.vn/mua-ban-xe-mazda-3-hung-yen/salon-xin-duoc-chao-ban-chiec-xe-aidxc23366255
23370734,Mazda 3 Sedan 1.5L Deluxe 2020,470000000.0,27/09/2025,2020,Máy xăng,Sedan,Xe cũ,60000,Số tự động,Trong nước,Khánh Hòa,https://oto.com.vn/mua-ban-xe-mazda-3-khanh-hoa/2020-15l-deluxe-60000-km-aidxc23370734
23372465,Mazda 3 2005,125000000.0,02/10/2025,2005,Máy xăng,Sedan,Xe cũ,177800,Số tự động,Trong nước,Kiên Giang,https://oto.com.vn/mua-ban-xe-mazda-3-kien-giang/2005-177800-km-aidxc23372465
23372181,Mazda 3 Sedan 1.5L Deluxe 2021,550000000.0,01/10/2025,2021,Máy xăng,Hatchback,Xe cũ,11344,Số tự động,Nhập khẩu,An Lão - Long An,https://oto.com.vn/mua-ban-xe-mazda-3-long-an/2021-15l-sport-luxury-1144-km-aidxc23372181
23371178,Mazda 3 1.6 AT 2018,442000000.0,28/09/2025,2018,Máy xăng,Sedan,Xe cũ,31000,Số tự động,Trong nước,Nam Định,https://oto.com.vn/mua-ban-xe-mazda-3-nam-dinh/2018-15-at-sedan-1000-km-aidxc23371178
23361440,Mazda 3s 2014,295000000.0,03/09/2025,2014,Máy xăng,Sedan,Xe cũ,130000,Số tự động,Nhập khẩu,Bến Tre,https://oto.com.vn/mua-ban-xe-mazda-3s-ben-tre/3-s-16-at-2014-295-trieu-aidxc23361440
23365128,Mazda 3s 2013,299000000.0,13/09/2025,2013,Máy xăng,Sedan,Xe cũ,1,Số tự động,Nhập khẩu,Hà Nội,https://oto.com.vn/mua-ban-xe-mazda-3s-ha-noi/2013-aidxc23365128
23368585,Mazda 3s 2014,295000000.0,21/09/2025,2014,Máy xăng,Sedan,Xe cũ,N/A,Số tự động,N/A,Hà Nội,https://oto.com.vn/mua-ban-xe-mazda-3s-ha-noi/2014-so-tu-dong-aidxc23368585
23302741,Mazda 3s 2014,315000000.0,25/04/2025,2014,Máy xăng,Sedan,Xe cũ,46000,Số tự động,Trong nước,Nam Từ Liêm - Hà Nội,https://oto.com.vn/mua-ban-xe-mazda-3s-ha-noi/mau-trang-di-it-bao-duong-ky-len-do-nhieu-aidxc23302741
23331089,Mazda 3s 2016,365000000.0,10/06/2025,2016,Máy xăng,Sedan,Xe cũ,155000,Số tự động,Trong nước,Quận 10 - Tp.HCM,https://oto.com.vn/mua-ban-xe-mazda-3s-hcm/3-2016-trang-ngoc-trai-odo-155k-aidxc23331089
23371848,Mazda 6 2.0 Premium 2018,485000000.0,30/09/2025,2018,Máy xăng,Sedan,Xe cũ,830000,Số tự động,Trong nước,Bà Rịa Vũng Tàu,https://oto.com.vn/mua-ban-xe-mazda-6-ba-ria-vung-tau/2018-20l-premium-aidxc23371848
23349346,Mazda 6 2.0 Premium 2022,678000000.0,05/09/2025,2022,Máy xăng,Sedan,Xe cũ,36000,Số tự động,Trong nước,Hà Nội,https://oto.com.vn/mua-ban-xe-mazda-6-ha-noi/1-chu-tu-dau-chay-3-van-aidxc23349346
23370154,Mazda 6 2.5 2015,360000000.0,25/09/2025,2015,Máy xăng,Sedan,Xe cũ,170000,Số tự động,Nhập khẩu,Hà Nội,https://oto.com.vn/mua-ban-xe-mazda-6-ha-noi/2015-25-at-170000-km-aidxc23370154
23361208,Mazda 6 2.0 Premium 2024,755000000.0,03/09/2025,2024,Máy xăng,Sedan,Xe cũ,12000,Số tự động,Trong nước,Tây Hồ - Hà Nội,https://oto.com.vn/mua-ban-xe-mazda-6-ha-noi/sieu-luot-aidxc23361208
23364846,Mazda 6 2.0 AT 2015,358000000.0,12/09/2025,2015,Máy xăng,Sedan,Xe cũ,120000,Số tự động,Trong nước,An Lão - Hải Phòng,https://oto.com.vn/mua-ban-xe-mazda-6-hai-phong/xe-dam-chac-do-tu-dong-aidxc23364846
23348110,Mazda 6 2.5L Signature Premium 2021,595000000.0,03/09/2025,2021,Máy xăng,N/A,Xe cũ,29000,Số tự động,Trong nước,An Lão - Hải Phòng,https://oto.com.vn/mua-ban-xe-mazda-6-hai-phong/xe-sieu-luot-29000-km-chu-giu-gin-aidxc23348110
23369628,Mazda 6 2.0 Premium 2023,695000000.0,24/09/2025,2023,Máy xăng,Sedan,Xe cũ,37000,Số tự động,Trong nước,Quận 8 - Tp.HCM,https://oto.com.vn/mua-ban-xe-mazda-6-hcm/1-chu-odo-chuan-3van7-xe-dep-aidxc23369628
23371921,Mazda 6 2.0 AT 2016,399000000.0,01/10/2025,2016,Máy xăng,Sedan,Xe cũ,107000,Số tự động,Nhập khẩu,Tp.HCM,https://oto.com.vn/mua-ban-xe-mazda-6-hcm/201-20-at-107000-km-aidxc23371921
23370937,Mazda 6 2.0 AT 2016,350000000.0,27/09/2025,2016,Máy xăng,Sedan,Xe cũ,130000,Số tự động,Trong nước,Hóc Môn - Tp.HCM,https://oto.com.vn/mua-ban-xe-mazda-6-hcm/201-20-at-130000-km-aidxc23370937
23371999,Mazda 6 2.0 Premium 2018,485000000.0,01/10/2025,2018,Máy xăng,Sedan,Xe cũ,83000,Số tự động,N/A,Tp.HCM,https://oto.com.vn/mua-ban-xe-mazda-6-hcm/2018-tai-tp-aidxc23371999
23370430,Mazda 6 2.0 AT 2022,669000000.0,26/09/2025,2022,Máy xăng,Sedan,Xe cũ,32000,Số tự động,Trong nước,Tp.HCM,https://oto.com.vn/mua-ban-xe-mazda-6-hcm/2022-premium-20-at-32000-km-aidxc23370430
23372455,Mazda 6 2.0 Premium 2018,445000000.0,02/10/2025,2018,Máy xăng,Sedan,Xe cũ,10700,Số tự động,Nhập khẩu,Lâm Đồng,https://oto.com.vn/mua-ban-xe-mazda-6-lam-dong/2018-20l-premium-10700-km-aidxc23372455
23371937,Mazda 6 2.0 Premium 2018,465000000.0,01/10/2025,2018,Máy xăng,Sedan,Xe cũ,90000,Số tự động,Nhập khẩu,Quận 8 - Lâm Đồng,https://oto.com.vn/mua-ban-xe-mazda-6-lam-dong/2018-20l-premium-90000-km-aidxc23371937
23372508,Mazda 6 2.0 Premium 2018,445000000.0,02/10/2025,2018,Máy xăng,Sedan,Xe cũ,107000,Số tự động,Trong nước,Đà Lạt - Lâm Đồng,https://oto.com.vn/mua-ban-xe-mazda-6-lam-dong/xe-ngon-bo-re-aidxc23372508
23313556,Mazda 6 2.0 AT 2018,505000000.0,19/09/2025,2018,Máy xăng,Sedan,Xe cũ,100000,Số tự động,Trong nước,Đoan Hùng - Phú Thọ,https://oto.com.vn/mua-ban-xe-mazda-6-phu-tho/sedan-5-cho-cao-cap-full-options-keo-chi-zin-tuyet-doi-aidxc23313556
23242796,Mazda 626 MT 2003,100000000.0,21/08/2025,2003,Máy xăng,Sedan,Xe cũ,999,Số sàn,Nhập khẩu,Phú Thọ,https://oto.com.vn/mua-ban-xe-mazda-626-phu-tho/chinh-chu-gia-dinh-aidxc23242796
23342366,Mazda BT-50 1.9 AT 4x2 2021,520000000.0,16/09/2025,2021,Máy dầu,Bán tải,Xe cũ,11000,Số tự động,Nhập khẩu,Thuận An - Bình Dương,https://oto.com.vn/mua-ban-xe-mazda-bt-50-binh-duong/nhap-thai-da-trang-bi-nhieu-do-giay-to-phap-ly-day-du-aidxc23342366
23371556,Mazda BT-50 Standard 4x4 2.2 MT 2017,345000000.0,29/09/2025,2017,Máy dầu,Bán tải,Xe cũ,115,Số sàn,Nhập khẩu,Đà Nẵng,https://oto.com.vn/mua-ban-xe-mazda-bt-50-da-nang/2017-22l-4x4-mt-2-cau-1-chu-tu-dau-aidxc23371556
23371963,Mazda BT-50 Premium 4x4 3.2 AT 2014,330000000.0,01/10/2025,2014,Máy dầu,Bán tải,Xe cũ,142036,Số tự động,Nhập khẩu,Đắk Lắk,https://oto.com.vn/mua-ban-xe-mazda-bt-50-dak-lak/2014-32l-4x4-at-142036-km-aidxc23371963
23372158,Mazda BT-50 2016,340000000.0,01/10/2025,2016,Máy xăng,Bán tải,Xe cũ,144000,Số tự động,N/A,Đồng Nai,https://oto.com.vn/mua-ban-xe-mazda-bt-50-dong-nai/2016-so-tu-dong-tai-aidxc23372158
23367558,Mazda BT-50 Deluxe 4x2 2.2 AT 2019,425000000.0,18/09/2025,2019,Máy dầu,Bán tải,Xe cũ,65000,Số tự động,Nhập khẩu,Biên Hòa - Đồng Nai,https://oto.com.vn/mua-ban-xe-mazda-bt-50-dong-nai/2019-22-ath-4x2-65000-km-aidxc23367558
23369261,Mazda BT-50 Deluxe 4x2 2.2 AT 2015,350000000.0,23/09/2025,2015,Máy dầu,Bán tải,Xe cũ,10000,Số tự động,Nhập khẩu,Gia Lai,https://oto.com.vn/mua-ban-xe-mazda-bt-50-gia-lai/2015-22l-4x2-at-10000-km-aidxc23369261
23368162,Mazda BT-50 Standard 4x4 2.2 MT 2015,295000000.0,20/09/2025,2015,Máy dầu,Bán tải,Xe cũ,200000,Số sàn,Nhập khẩu,Hà Nội,https://oto.com.vn/mua-ban-xe-mazda-bt-50-ha-noi/2015-22-mt-4wd-200000-km-aidxc23368162
23371639,Mazda BT-50 Standard 4x4 2.2 MT 2018,315000000.0,30/09/2025,2018,Máy dầu,Bán tải,Xe cũ,22000,Số sàn,Nhập khẩu,Hà Nội,https://oto.com.vn/mua-ban-xe-mazda-bt-50-ha-noi/2015-22-mt-4wd-aidxc23371639
23368193,Mazda BT-50 2015,280000000.0,20/09/2025,2015,Máy xăng,Bán tải,Xe cũ,N/A,Số sàn,N/A,Hà Nội,https://oto.com.vn/mua-ban-xe-mazda-bt-50-ha-noi/2015-so-san-aidxc23368193
23369979,Mazda BT-50 1.9 AT 4x2 2021,505000000.0,25/09/2025,2021,Máy dầu,Bán tải,Xe cũ,71000,Số tự động,Nhập khẩu,Hà Nội,https://oto.com.vn/mua-ban-xe-mazda-bt-50-ha-noi/2021-19l-4x2-at-71000-km-aidxc23369979
23364292,Mazda BT-50 1.9 AT 4x2 2020,470000000.0,11/09/2025,2020,Máy dầu,Bán tải,Xe cũ,70000,Số tự động,Nhập khẩu,Hà Đông - Hà Nội,https://oto.com.vn/mua-ban-xe-mazda-bt-50-ha-noi/du-ho-so-sang-ten-aidxc23364292
23366708,Mazda BT-50 2021,515000000.0,17/09/2025,2021,Máy xăng,Bán tải,Xe cũ,70000,Số tự động,Nhập khẩu,Hà Nội,https://oto.com.vn/mua-ban-xe-mazda-bt-50-ha-noi/xe-nhap-khau-thai-lan-aidxc23366708
23367878,Mazda BT-50 2021,528000000.0,19/09/2025,2021,Máy xăng,Bán tải,Xe cũ,31500,Số tự động,Nhập khẩu,Tp.HCM,https://oto.com.vn/mua-ban-xe-mazda-bt-50-hcm/odo-chuan-31500km-aidxc23367878
23367223,Mazda BT-50 Standard 4x4 2.2 MT 2011,225000000.0,17/09/2025,2011,Máy dầu,Bán tải,Xe cũ,N/A,Số sàn,Nhập khẩu,Lâm Đồng,https://oto.com.vn/mua-ban-xe-mazda-bt-50-lam-dong/bt50-so-san-2-cau-2011-ko-can-dung-ngap-nuoc-aidxc23367223
23370838,Mazda BT-50 2019,475000000.0,27/09/2025,2019,Máy xăng,Bán tải,Xe cũ,120000,Số tự động,N/A,Thái Nguyên,https://oto.com.vn/mua-ban-xe-mazda-bt-50-thai-nguyen/2019-so-tu-dong-tai-aidxc23370838
23371619,Mazda CX-3 1.5L Luxury 2021,489000000.0,30/09/2025,2021,Máy xăng,Crossover,Xe cũ,39999,Số tự động,Nhập khẩu,Đà Nẵng,https://oto.com.vn/mua-ban-xe-mazda-cx-3-da-nang/2021-15-luxury-39999-km-aidxc23371619
23368579,Mazda CX-3 1.5L Luxury 2023,590000000.0,21/09/2025,2023,Máy xăng,Crossover,Xe cũ,21000,Số tự động,Nhập khẩu,Đắk Lắk,https://oto.com.vn/mua-ban-xe-mazda-cx-3-dak-lak/2023-15-luxury-21000-km-aidxc23368579
23361773,Mazda CX-3 1.5L Deluxe 2024,500000000.0,04/09/2025,2024,Máy xăng,Crossover,Xe cũ,15000,Số tự động,Nhập khẩu,Đồng Nai,https://oto.com.vn/mua-ban-xe-mazda-cx-3-dong-nai/2024-deluxe-15-at-15000-km-aidxc23361773
23368388,Mazda CX-3 2021,480000000.0,20/09/2025,2021,Máy xăng,SUV,Xe cũ,60000,Số tự động,N/A,Hà Nội,https://oto.com.vn/mua-ban-xe-mazda-cx-3-ha-noi/2021-aidxc23368388
23371818,Mazda CX-3 2021,505000000.0,30/09/2025,2021,Máy xăng,SUV,Xe cũ,28000,Số tự động,N/A,Hà Nội,https://oto.com.vn/mua-ban-xe-mazda-cx-3-ha-noi/2021-aidxc23371818
23370122,Mazda CX-3 2022,505000000.0,25/09/2025,2022,Máy xăng,N/A,Xe cũ,40000,Số tự động,N/A,Hà Nội,https://oto.com.vn/mua-ban-xe-mazda-cx-3-ha-noi/2022-aidxc23370122
23363867,Mazda CX-3 2025,527000000.0,10/09/2025,2025,Máy xăng,N/A,Xe cũ,N/A,Số tự động,N/A,Hà Nội,https://oto.com.vn/mua-ban-xe-mazda-cx-3-ha-noi/2025-tai-aidxc23363867
23365315,Mazda CX-3 2025,527000000.0,13/09/2025,2025,Máy xăng,N/A,Xe cũ,150000,Số tự động,N/A,Hà Nội,https://oto.com.vn/mua-ban-xe-mazda-cx-3-ha-noi/2025-tai-aidxc23365315
23368862,Mazda CX-3 1.5L Deluxe 2021,480000000.0,22/09/2025,2021,Máy xăng,SUV,Xe cũ,69000,Số tự động,Trong nước,Hà Nội,https://oto.com.vn/mua-ban-xe-mazda-cx-3-ha-noi/chay-69000km-gia-480tr-aidxc23368862
23371228,Mazda CX-3 1.5L Luxury 2021,505000000.0,29/09/2025,2021,Máy xăng,SUV,Xe cũ,28000,Số tự động,Trong nước,Hà Nội,https://oto.com.vn/mua-ban-xe-mazda-cx-3-ha-noi/odo-28000kilomet-aidxc23371228
23366346,Mazda CX-3 2024,495000000.0,16/09/2025,2024,Máy xăng,Crossover,Xe cũ,30000,Số tự động,Nhập khẩu,Hà Nội,https://oto.com.vn/mua-ban-xe-mazda-cx-3-ha-noi/sx-072024-15-at-30000-km-aidxc23366346
23363064,Mazda CX-3 2022,538000000.0,07/09/2025,2022,Máy xăng,SUV,Xe cũ,28000,Số tự động,N/A,Tp.HCM,https://oto.com.vn/mua-ban-xe-mazda-cx-3-hcm/2022-tai-tp-aidxc23363064
23361373,Mazda CX-3 1.5L Luxury 2022,530000000.0,03/09/2025,2022,Máy xăng,Crossover,Xe cũ,45000,Số tự động,Nhập khẩu,Phú Giáo - Tp.HCM,https://oto.com.vn/mua-ban-xe-mazda-cx-3-hcm/cx3-len-doi-o-to-can-sang-lai-5xx-aidxc23361373
23363969,Mazda CX-3 1.5L Deluxe 2024,525000000.0,10/09/2025,2024,Máy xăng,Crossover,Xe cũ,1949,Số tự động,Nhập khẩu,Lâm Đồng,https://oto.com.vn/mua-ban-xe-mazda-cx-3-lam-dong/2024-deluxe-15-at-1949-km-aidxc23363969
23371085,Mazda CX-3 2023,500000000.0,28/09/2025,2023,Máy xăng,Crossover,Xe cũ,18612,Số tự động,Nhập khẩu,Quảng Nam,https://oto.com.vn/mua-ban-xe-mazda-cx-3-quang-nam/cx3-2023-trang-1-chu-gia-500tr-aidxc23371085
23352564,Mazda CX-30 2.0L Premium 2022,649000000.0,16/09/2025,2022,Máy xăng,Crossover,Xe cũ,45000,Số tự động,Nhập khẩu,Dĩ An - Bình Dương,https://oto.com.vn/mua-ban-xe-mazda-cx-30-binh-duong/xe-dep-gia-tot-ho-tro-thu-tuc-nhanh-gon-aidxc23352564
23372451,Mazda CX-30 2.0L Luxury 2022,570000000.0,02/10/2025,2022,Máy xăng,Crossover,Xe cũ,54000,Số tự động,Nhập khẩu,Đồng Nai,https://oto.com.vn/mua-ban-xe-mazda-cx-30-dong-nai/2022-luxury-20-at-54000-km-aidxc23372451
23368106,Mazda CX-30 2.0L Premium 2021,610000000.0,19/09/2025,2021,Máy xăng,Crossover,Xe cũ,46000,Số tự động,Nhập khẩu,Hà Nội,https://oto.com.vn/mua-ban-xe-mazda-cx-30-ha-noi/2021-20-premium-46000-km-aidxc23368106
23365490,Mazda CX-30 2022,610000000.0,14/09/2025,2022,Máy xăng,N/A,Xe cũ,N/A,Số tự động,N/A,Hà Nội,https://oto.com.vn/mua-ban-xe-mazda-cx-30-ha-noi/2022-aidxc23365490
23364218,Mazda CX-30 2022,635000000.0,11/09/2025,2022,Máy xăng,N/A,Xe cũ,70000,Số tự động,N/A,Hà Nội,https://oto.com.vn/mua-ban-xe-mazda-cx-30-ha-noi/2022-tai-aidxc23364218
23365590,Mazda CX-30 2024,680000000.0,14/09/2025,2024,Máy xăng,N/A,Xe cũ,16000,Số tự động,N/A,Hà Nội,https://oto.com.vn/mua-ban-xe-mazda-cx-30-ha-noi/2024-aidxc23365590
23363870,Mazda CX-30 2025,684000000.0,10/09/2025,2025,Máy xăng,N/A,Xe cũ,N/A,Số tự động,N/A,Hà Nội,https://oto.com.vn/mua-ban-xe-mazda-cx-30-ha-noi/2025-tai-aidxc23363870
23365740,Mazda CX-30 2.0L Premium 2022,640000000.0,17/09/2025,2022,Máy xăng,SUV,Xe cũ,45000,Số tự động,Trong nước,Hà Nội,https://oto.com.vn/mua-ban-xe-mazda-cx-30-ha-noi/ca-nhan-1-chu-odo-45van-km-aidxc23365740
23368805,Mazda CX-30 2.0L Premium 2022,635000000.0,22/09/2025,2022,Máy xăng,SUV,Xe cũ,50000,Số tự động,Trong nước,Cầu Giấy - Hà Nội,https://oto.com.vn/mua-ban-xe-mazda-cx-30-ha-noi/ho-tro-tra-gop-70-khach-no-xau-van-ho-tro-50-aidxc23368805
23370124,Mazda CX-30 2.0L Premium 2022,595000000.0,25/09/2025,2022,Máy xăng,Crossover,Xe cũ,29500,Số tự động,Nhập khẩu,Tp.HCM,https://oto.com.vn/mua-ban-xe-mazda-cx-30-hcm/2022-premium-20-at-29500-km-aidxc23370124
23368960,Mazda CX-30 2.0L Luxury 2023,608000000.0,22/09/2025,2023,Máy xăng,Crossover,Xe cũ,36000,Số tự động,Nhập khẩu,Thủ Đức - Tp.HCM,https://oto.com.vn/mua-ban-xe-mazda-cx-30-hcm/2023-luxury-20-at-36000-km-aidxc23368960
23367020,Mazda CX-30 2.0L Luxury 2023,608000000.0,17/09/2025,2023,Máy xăng,Crossover,Xe cũ,36000,Số tự động,Nhập khẩu,Quận 2 - Tp.HCM,https://oto.com.vn/mua-ban-xe-mazda-cx-30-hcm/2023-luxury-20-at-36000km-son-zin-aidxc23367020
23363742,Mazda CX-30 2.0L Luxury 2023,599000000.0,10/09/2025,2023,Máy xăng,Crossover,Xe cũ,38000,Số tự động,Nhập khẩu,Tp.HCM,https://oto.com.vn/mua-ban-xe-mazda-cx-30-hcm/2023-luxury-20-at-38000-km-aidxc23363742
23369800,Mazda CX-30 2.0L Luxury 2022,599000000.0,24/09/2025,2022,Máy xăng,Hatchback,Xe cũ,40000,Số tự động,Nhập khẩu,Tp.HCM,https://oto.com.vn/mua-ban-xe-mazda-cx-30-hcm/cx30-2022-luxury-20lmau-do40000-km-aidxc23369800
23368461,Mazda CX-30 2.0L Premium 2021,595000000.0,21/09/2025,2021,Máy xăng,Crossover,Xe cũ,54000,Số tự động,Trong nước,Tp.HCM,https://oto.com.vn/mua-ban-xe-mazda-cx-30-hcm/cx30-premium-20-at-sx2021-54000-km-aidxc23368461
23368919,Mazda CX-5 2019,500000000.0,22/09/2025,2019,Máy xăng,SUV,Xe cũ,20000,Số tự động,Trong nước,Đà Nẵng,https://oto.com.vn/mua-ban-xe-mazda-cx-5-da-nang/2019-20l-at-fwd-20000-km-aidxc23368919
23365648,Mazda CX-5 2.0L Premium Sport 2024,810000000.0,14/09/2025,2024,Máy xăng,SUV,Xe cũ,17000,Số tự động,Trong nước,Cầu Giấy - Hà Nội,https://oto.com.vn/mua-ban-xe-mazda-cx-5-ha-noi/17000km-sieu-moi-gia-tot-aidxc23365648
23341390,Mazda CX-5 2.0 Premium 2017,495000000.0,16/09/2025,2017,Máy xăng,Crossover,Xe cũ,100000,Số tự động,Trong nước,Cầu Giấy - Hà Nội,https://oto.com.vn/mua-ban-xe-mazda-cx-5-ha-noi/20-2017-aidxc23341390
23370904,Mazda CX-5 2.0 Premium 2024,802000000.0,27/09/2025,2024,Máy xăng,SUV,Xe cũ,8000,Số tự động,Trong nước,Cầu Giấy - Hà Nội,https://oto.com.vn/mua-ban-xe-mazda-cx-5-ha-noi/ban-xe-suv-2024-mau-den-nhu-moi-aidxc23370904
23367335,Mazda CX-5 2.5 2WD 2017,570000000.0,18/09/2025,2017,Máy xăng,SUV,Xe cũ,96000,Số tự động,Trong nước,Cầu Giấy - Hà Nội,https://oto.com.vn/mua-ban-xe-mazda-cx-5-ha-noi/bao-check-test-toan-quoc-aidxc23367335
23308820,Mazda CX-5 2.5L Luxury 2017,499000000.0,11/09/2025,2017,Máy xăng,SUV,Xe cũ,96896,Số tự động,Trong nước,Hoàng Mai - Hà Nội,https://oto.com.vn/mua-ban-xe-mazda-cx-5-ha-noi/bien-xe-rat-moi-aidxc23308820
23369405,Mazda CX-5 2.0 Deluxe 2017,520000000.0,23/09/2025,2017,Máy xăng,SUV,Xe cũ,83000,Số tự động,Nhập khẩu,Bắc Từ Liêm - Hà Nội,https://oto.com.vn/mua-ban-xe-mazda-cx-5-ha-noi/chinh-chu-2017-20-at-2wd-83000-km-aidxc23369405
23336362,Mazda CX-5 2.0 Luxury 2021,675000000.0,03/09/2025,2021,Máy xăng,SUV,Xe cũ,65819,Số tự động,Trong nước,Thanh Xuân - Hà Nội,https://oto.com.vn/mua-ban-xe-mazda-cx-5-ha-noi/cx5-20-sx-2021-xe-tu-nhan-chinh-chu-mot-chu-tu-dau-aidxc23336362
23327112,Mazda CX-5 2.0 Premium 2022,730000000.0,03/09/2025,2022,Máy xăng,SUV,Xe cũ,50836,Số tự động,Trong nước,Thanh Xuân - Hà Nội,https://oto.com.vn/mua-ban-xe-mazda-cx-5-ha-noi/cx5-20-sx-va-dang-ky-2022-xe-tu-nhan-chinh-chu-di-rat-it-aidxc23327112
23335027,Mazda CX-5 2022,740000000.0,03/09/2025,2022,Máy xăng,SUV,Xe cũ,30000,Số tự động,Trong nước,Nam Từ Liêm - Hà Nội,https://oto.com.vn/mua-ban-xe-mazda-cx-5-ha-noi/gia-ban-740-tr-aidxc23335027
23308835,Mazda CX-5 2.0 Luxury 2012,399000000.0,21/09/2025,2012,Máy xăng,SUV,Xe cũ,8000,Số tự động,Nhập khẩu,Thanh Xuân - Hà Nội,https://oto.com.vn/mua-ban-xe-mazda-cx-5-ha-noi/nhap-nhat-aidxc23308835
23371565,Mazda CX-5 2.5 2WD 2016,505000000.0,29/09/2025,2016,Máy xăng,SUV,Xe cũ,38000,Số tự động,Trong nước,Hà Nội,https://oto.com.vn/mua-ban-xe-mazda-cx-5-ha-noi/sieu-cop-duy-nhat-tren-thi-truong-aidxc23371565
23345885,Mazda CX-5 2.0 AWD 2018,596000000.0,26/09/2025,2018,Máy xăng,SUV,Xe cũ,52000,Số tự động,Trong nước,Bắc Từ Liêm - Hà Nội,https://oto.com.vn/mua-ban-xe-mazda-cx-5-ha-noi/tai-chinh-cuc-hop-ly-aidxc23345885
23369373,Mazda CX-5 2.5 AWD 2016,470000000.0,23/09/2025,2016,Máy xăng,SUV,Xe cũ,80000,Số tự động,Trong nước,Đông Anh - Hà Nội,https://oto.com.vn/mua-ban-xe-mazda-cx-5-ha-noi/ten-tu-nhan-chinh-chu-odo-chi-8-van-full-bao-duong-hang-aidxc23369373
23361212,Mazda CX-5 2.0 Luxury 2023,715000000.0,03/09/2025,2023,Máy xăng,SUV,Xe cũ,60000,Số tự động,Trong nước,Tây Hồ - Hà Nội,https://oto.com.vn/mua-ban-xe-mazda-cx-5-ha-noi/xe-1-chu-cuc-moi-aidxc23361212
23349673,Mazda CX-5 2019,625000000.0,04/09/2025,2019,Máy xăng,SUV,Xe cũ,70000,Số tự động,Trong nước,Cầu Giấy - Hà Nội,https://oto.com.vn/mua-ban-xe-mazda-cx-5-ha-noi/xe-1-chu-mua-moi-tu-dau-aidxc23349673
23358330,Mazda CX-5 2.5 2WD 2017,515000000.0,25/09/2025,2017,Máy xăng,SUV,Xe cũ,80000,Số tự động,Trong nước,Tây Hồ - Hà Nội,https://oto.com.vn/mua-ban-xe-mazda-cx-5-ha-noi/xe-chat-gia-tot-aidxc23358330
23349953,Mazda CX-5 2.0 Luxury 2024,750000000.0,03/09/2025,2024,Máy xăng,SUV,Xe cũ,20000,Số tự động,Trong nước,Cầu Giấy - Hà Nội,https://oto.com.vn/mua-ban-xe-mazda-cx-5-ha-noi/xe-dep-nhu-moi-aidxc23349953
23363290,Mazda CX-5 2.0 Premium 2024,805000000.0,09/09/2025,2024,Máy xăng,SUV,Xe cũ,8900,Số tự động,Trong nước,Cầu Giấy - Hà Nội,https://oto.com.vn/mua-ban-xe-mazda-cx-5-ha-noi/xe-full-lich-su-bao-duong-hang-toi-882025-aidxc23363290
23353204,Mazda CX-5 2.0 Luxury 2023,716000000.0,16/09/2025,2023,Máy xăng,SUV,Xe cũ,21000,Số tự động,Trong nước,Cầu Giấy - Hà Nội,https://oto.com.vn/mua-ban-xe-mazda-cx-5-ha-noi/xem-xe-tai-gia-tot-aidxc23353204
23364785,Mazda CX-5 2.0 AWD 2014,430000000.0,12/09/2025,2014,Máy xăng,SUV,Xe cũ,110000,Số tự động,Trong nước,Chí Linh - Hải Dương,https://oto.com.vn/mua-ban-xe-mazda-cx-5-hai-duong/cx5-2014-20-at-aidxc23364785
23364800,Mazda CX-5 2.0 AWD 2014,430000000.0,12/09/2025,2014,Máy xăng,SUV,Xe cũ,112000,Số tự động,Trong nước,Chí Linh - Hải Dương,https://oto.com.vn/mua-ban-xe-mazda-cx-5-hai-duong/cx5-2014-20-at-aidxc23364800
23368384,Mazda CX-5 2.0 Premium 2020,669000000.0,20/09/2025,2020,Máy xăng,SUV,Xe cũ,70000,Số tự động,Trong nước,Ngô Quyền - Hải Phòng,https://oto.com.vn/mua-ban-xe-mazda-cx-5-hai-phong/cx5-20-premium-2020-aidxc23368384
23370567,Mazda CX-5 2017,609000000.0,26/09/2025,2017,Máy xăng,SUV,Xe cũ,48,Số tự động,Nhập khẩu,Tp.HCM,https://oto.com.vn/mua-ban-xe-mazda-cx-5-hcm/2017-20-at-2wd-48-km-aidxc23370567
23313551,Mazda CX-5 2.0 AWD 2015,465000000.0,19/09/2025,2015,Máy xăng,SUV,Xe cũ,150000,Số tự động,Trong nước,Đoan Hùng - Phú Thọ,https://oto.com.vn/mua-ban-xe-mazda-cx-5-phu-tho/suv-gam-cao-chat-luong-keo-chi-may-so-zin-aidxc23313551
23370636,Mazda CX-8 Premium 2022,859000000.0,26/09/2025,2022,Máy xăng,SUV,Xe cũ,57000,Số tự động,Trong nước,Bình Dương,https://oto.com.vn/mua-ban-xe-mazda-cx-8-binh-duong/2022-25-premium-57000-km-aidxc23370636
23372396,Mazda CX-8 Luxury 2022,800000000.0,02/10/2025,2022,Máy xăng,SUV,Xe cũ,18000,Số tự động,Trong nước,Đà Nẵng,https://oto.com.vn/mua-ban-xe-mazda-cx-8-da-nang/2022-25-luxury-18000-km-aidxc23372396
23372278,Mazda CX-8 Premium 2020,750000000.0,02/10/2025,2020,Máy xăng,SUV,Xe cũ,30000,Số tự động,Trong nước,Hà Nội,https://oto.com.vn/mua-ban-xe-mazda-cx-8-ha-noi/full-lich-su-bao-duong-hang-aidxc23372278
23361569,Mazda CX-8 Premium 2025,1040000000.0,04/09/2025,2025,Máy xăng,SUV,Xe cũ,6000,Số tự động,Trong nước,Long Biên - Hà Nội,https://oto.com.vn/mua-ban-xe-mazda-cx-8-ha-noi/xe-con-bao-hanh-chinh-hang-den-het-2028-tiet-kiem-kha-kha-so-voi-mua-moi-aidxc23361569
23364625,Mazda CX-8 Premium 2023,895000000.0,12/09/2025,2023,Máy xăng,SUV,Xe cũ,54000,Số tự động,Trong nước,Cầu Giấy - Hà Nội,https://oto.com.vn/mua-ban-xe-mazda-cx-8-ha-noi/xe-dep-nguyen-zin-nhu-moi-tiet-kiem-nhieu-so-voi-mua-moi-aidxc23364625
23371340,Mazda CX-8 2020,760000000.0,29/09/2025,2020,Máy xăng,SUV,Xe cũ,110000,Số tự động,N/A,Hải Dương,https://oto.com.vn/mua-ban-xe-mazda-cx-8-hai-duong/2020-tai-aidxc23371340
23366095,Mazda CX-8 Premium 2021,770000000.0,15/09/2025,2021,Máy xăng,SUV,Xe cũ,480000,Số tự động,Trong nước,Tp.HCM,https://oto.com.vn/mua-ban-xe-mazda-cx-8-hcm/2019-480000-km-aidxc23366095
23366043,Mazda CX-8 Premium AWD 2019,770000000.0,15/09/2025,2019,Máy xăng,SUV,Xe cũ,48000,Số tự động,Nhập khẩu,Tp.HCM,https://oto.com.vn/mua-ban-xe-mazda-cx-8-hcm/2019-premium-awd-48000-km-aidxc23366043
23367078,Mazda CX-8 Deluxe 2020,650000000.0,17/09/2025,2020,Máy xăng,SUV,Xe cũ,90000,Số tự động,Nhập khẩu,Quận 10 - Tp.HCM,https://oto.com.vn/mua-ban-xe-mazda-cx-8-hcm/2020-deluxe-90000-km-chinh-chu-aidxc23367078
23370536,Mazda CX-8 Premium 2020,930000000.0,26/09/2025,2020,Máy xăng,SUV,Xe cũ,27877,Số tự động,Trong nước,Tp.HCM,https://oto.com.vn/mua-ban-xe-mazda-cx-8-hcm/2020-premium-27877-km-aidxc23370536
23370015,Mazda CX-8 Premium 2020,630000000.0,25/09/2025,2020,Máy xăng,Crossover,Xe cũ,79481,Số tự động,Trong nước,Tp.HCM,https://oto.com.vn/mua-ban-xe-mazda-cx-8-hcm/2020-premium-79481-km-aidxc23370015
23371282,Mazda CX-8 Premium AWD 2020,779000000.0,29/09/2025,2020,Máy xăng,SUV,Xe cũ,47000,Số tự động,Trong nước,Tp.HCM,https://oto.com.vn/mua-ban-xe-mazda-cx-8-hcm/2020-premium-awd-47000-km-aidxc23371282
23367939,Mazda CX-8 Premium 2023,960000000.0,19/09/2025,2023,Máy xăng,SUV,Xe cũ,7000,Số tự động,Trong nước,Tp.HCM,https://oto.com.vn/mua-ban-xe-mazda-cx-8-hcm/2023-premium-7000-km-aidxc23367939
23370696,Mazda CX-8 Premium AWD 2020,930000000.0,26/09/2025,2020,Máy xăng,SUV,Xe cũ,27887,Số tự động,Trong nước,Tân Bình - Tp.HCM,https://oto.com.vn/mua-ban-xe-mazda-cx-8-hcm/xe-nhu-xe-moi-aidxc23370696
23370023,Mazda CX-8 Luxury 2020,700000000.0,25/09/2025,2020,Máy xăng,SUV,Xe cũ,110000,Số tự động,Nhập khẩu,Hưng Yên,https://oto.com.vn/mua-ban-xe-mazda-cx-8-hung-yen/2020-luxury-110000-km-aidxc23370023
23369731,Mazda CX-9 2014,425000000.0,24/09/2025,2014,Máy xăng,SUV,Xe cũ,N/A,Số tự động,N/A,Hà Nội,https://oto.com.vn/mua-ban-xe-mazda-cx-9-ha-noi/2014-aidxc23369731
23361691,Mazda CX-9 3.7L 2013,450000000.0,04/09/2025,2013,Máy xăng,SUV,Xe cũ,89000,Số tự động,Nhập khẩu,Tp.HCM,https://oto.com.vn/mua-ban-xe-mazda-cx-9-hcm/2013-so-tu-dong-tai-tp-aidxc23361691
23364783,Mazda CX-9 2015,456000000.0,12/09/2025,2015,Máy xăng,SUV,Xe cũ,156000,Số tự động,Nhập khẩu,Tp.HCM,https://oto.com.vn/mua-ban-xe-mazda-cx-9-hcm/2015-so-tu-dong-mau-xam-aidxc23364783
23367045,Mazda CX-9 3.7L 2016,486000000.0,17/09/2025,2016,Máy xăng,SUV,Xe cũ,91000,Số tự động,Nhập khẩu,Tp.HCM,https://oto.com.vn/mua-ban-xe-mazda-cx-9-hcm/model-2016-so-tu-dong-mau-xam-aidxc23367045
23333823,Mazda Premacy 2003,115000000.0,18/06/2025,2003,Máy xăng,MPV,Xe cũ,190000,Số tự động,Nhập khẩu,Bắc Từ Liêm - Hà Nội,https://oto.com.vn/mua-ban-xe-mazda-premacy-ha-noi/2003-aidxc23333823
23352114,Mazda Premacy 2003,105000000.0,08/08/2025,2003,Máy xăng,MPV,Xe cũ,160000,Số tự động,Nhập khẩu,Mỹ Đức - Hà Nội,https://oto.com.vn/mua-ban-xe-mazda-premacy-ha-noi/can-ban-xe-ca-nhan-dang-di-aidxc23352114
23361217,Mazda Premacy 2004,130000000.0,03/09/2025,2004,Máy xăng,MPV,Xe cũ,225867,Số tự động,Trong nước,Hải Phòng,https://oto.com.vn/mua-ban-xe-mazda-premacy-hai-phong/2004-18-at-225867-km-aidxc23361217
23367066,Mazda Premacy 2003,130000000.0,17/09/2025,2003,Máy xăng,MPV,Xe cũ,80000,Số tự động,Nhập khẩu,Hóc Môn - Tp.HCM,https://oto.com.vn/mua-ban-xe-mazda-premacy-hcm/2003-18-at-80000-km-aidxc23367066
23369609,Mazda Premacy 2003,109000000.0,24/09/2025,2003,Máy xăng,MPV,Xe cũ,99999,Số tự động,Nhập khẩu,Tp.HCM,https://oto.com.vn/mua-ban-xe-mazda-premacy-hcm/2003-18-at-xe-dep-lam-aidxc23369609
23363257,Mazda Premacy 2003,113000000.0,09/09/2025,2003,Máy xăng,MPV,Xe cũ,224007,Số tự động,Trong nước,Tp.HCM,https://oto.com.vn/mua-ban-xe-mazda-premacy-hcm/2003-18-at-xe-moi-bao-duong-aidxc23363257
23367037,Mazda Premacy 2006,138000000.0,17/09/2025,2006,Máy xăng,MPV,Xe cũ,123456,Số tự động,Trong nước,Phú Thọ,https://oto.com.vn/mua-ban-xe-mazda-premacy-phu-tho/2006-bac-18-at-dohc-16-van-aidxc23367037
23366997,Mercedes-Benz 280E 2006,148000000.0,17/09/2025,2006,Máy xăng,Sedan,Xe cũ,89000,Số tự động,Trong nước,Quận 10 - Tp.HCM,https://oto.com.vn/mua-ban-xe-mercedes-benz-280e-hcm/mer-e280-doi-2006-xe-dep-gia128tr-xe-chinh-chu-giay-to-hop-le-aidxc23366997
23334304,Mercedes-Benz A250 AMG 2014,480000000.0,19/06/2025,2014,Máy xăng,Sedan,Xe cũ,55000,Số tự động,Nhập khẩu,Thanh Khê - Đà Nẵng,https://oto.com.vn/mua-ban-xe-mercedes-benz-a250-da-nang/xe-dep-vo-do-choi-day-du-aidxc23334304
23365038,Mercedes-Benz A45 2014,650000000.0,12/09/2025,2014,Máy xăng,Hatchback,Xe cũ,80000,Số tự động,Nhập khẩu,Tp.HCM,https://oto.com.vn/mua-ban-xe-mercedes-benz-a45-hcm/a-class-amg-2014-650-trieu-aidxc23365038
23113846,Mercedes-Benz A45 4Matic 2024,2799000000.0,20/08/2025,2024,Máy xăng,SUV,Xe cũ,20,Số tự động,Nhập khẩu,Quận 7 - Tp.HCM,https://oto.com.vn/mua-ban-xe-mercedes-benz-a45-hcm/do-sieu-luot-hang-xe-the-thao-aidxc23113846
23343129,Mercedes-Benz A45 4Matic 2014,625000000.0,18/09/2025,2014,Máy xăng,Hatchback,Xe cũ,60000,Số tự động,Nhập khẩu,Quận 7 - Tp.HCM,https://oto.com.vn/mua-ban-xe-mercedes-benz-a45-hcm/mercedes-2015-aidxc23343129
23349280,Mercedes-Benz AMG C43 2023,2390000000.0,01/08/2025,2023,Loại khác,Sedan,Xe cũ,43,Số tự động,Trong nước,Bình Tân - Tp.HCM,https://oto.com.vn/mua-ban-xe-mercedes-benz-amg-c43-hcm/chanh-hang-sieu-luot-nhu-moi-odo-50km-gia-ban-2390-ty-aidxc23349280
23287042,Mercedes-Benz AMG C43 2023,1666000000.0,06/08/2025,2023,Máy xăng,Sedan,Xe cũ,20,Số tự động,Trong nước,Quận 7 - Tp.HCM,https://oto.com.vn/mua-ban-xe-mercedes-benz-amg-c43-hcm/den-nau-xe-chay-chi-tieu-hang-aidxc23287042
23272645,Mercedes-Benz AMG C43 2020,1099000000.0,12/05/2025,2020,Máy xăng,Sedan,Xe cũ,47000,Số tự động,Trong nước,Quận 7 - Tp.HCM,https://oto.com.vn/mua-ban-xe-mercedes-benz-amg-c43-hcm/mau-do-cuc-dep-gia-tot-aidxc23272645
23301804,Mercedes-Benz AMG C43 2023,2349000000.0,22/04/2025,2023,Máy xăng,Sedan,Xe cũ,2500,Số tự động,Trong nước,Bình Tân - Tp.HCM,https://oto.com.vn/mua-ban-xe-mercedes-benz-amg-c43-hcm/mercedes-trangdo-sx2023-aidxc23301804
23327147,Mercedes-Benz AMG C43 2017,1999000000.0,29/07/2025,2017,Máy xăng,Coupe,Xe cũ,21000,Số tự động,Nhập khẩu,Quận 7 - Tp.HCM,https://oto.com.vn/mua-ban-xe-mercedes-benz-amg-c43-hcm/model-2018-aidxc23327147
23287021,Mercedes-Benz AMG C43 2023,2639000000.0,28/07/2025,2023,Máy xăng,Sedan,Xe cũ,10,Số tự động,Nhập khẩu,Quận 7 - Tp.HCM,https://oto.com.vn/mua-ban-xe-mercedes-benz-amg-c43-hcm/xam-nau-xe-luu-kho-cty-aidxc23287021
23287020,Mercedes-Benz AMG C43 2024,2629000000.0,28/07/2025,2024,Máy xăng,Sedan,Xe cũ,10,Số tự động,Nhập khẩu,Quận 7 - Tp.HCM,https://oto.com.vn/mua-ban-xe-mercedes-benz-amg-c43-hcm/xam-nong-sung-sieu-dep-aidxc23287020
23369085,Mercedes-Benz AMG G63 4Matic 2021,8350000000.0,22/09/2025,2021,Máy xăng,SUV,Xe cũ,29000,Số tự động,Nhập khẩu,Cái Răng - Cần Thơ,https://oto.com.vn/mua-ban-xe-mercedes-benz-amg-g-63-can-tho/suv-cao-cap-mau-trang-noi-that-do-hermes-aidxc23369085
23349342,Mercedes-Benz AMG G63 4Matic 2015,678000000.0,05/09/2025,2015,Máy xăng,SUV,Xe cũ,80000,Số tự động,Nhập khẩu,Hà Nội,https://oto.com.vn/mua-ban-xe-mercedes-benz-amg-g-63-ha-noi/1-chu-tu-moi-chay-80000km-aidxc23349342
23135269,Mercedes-Benz AMG G63 4.0 v8 2021,9390000000.0,25/09/2025,2021,Máy xăng,SUV,Xe cũ,29000,Số tự động,Trong nước,Bắc Từ Liêm - Hà Nội,https://oto.com.vn/mua-ban-xe-mercedes-benz-amg-g-63-ha-noi/amg-chay-it-mau-trang-cuc-hiem-aidxc23135269
23362043,Mercedes-Benz AMG G63 4.0 v8 2021,8399000000.0,05/09/2025,2021,Máy xăng,SUV,Xe cũ,50000,Số tự động,Nhập khẩu,Cầu Giấy - Hà Nội,https://oto.com.vn/mua-ban-xe-mercedes-benz-amg-g-63-ha-noi/g63-amg-2021-aidxc23362043
23367189,Mercedes-Benz AMG G63 4.0 v8 2021,8699000000.0,17/09/2025,2021,Máy xăng,SUV,Xe cũ,32000,Số tự động,Nhập khẩu,Cầu Giấy - Hà Nội,https://oto.com.vn/mua-ban-xe-mercedes-benz-amg-g-63-ha-noi/g63-amg-2021-aidxc23367189
23366910,Mercedes-Benz AMG G63 4.0 v8 2022,9900000000.0,17/09/2025,2022,Máy xăng,SUV,Xe cũ,17000,Số tự động,Nhập khẩu,Cầu Giấy - Hà Nội,https://oto.com.vn/mua-ban-xe-mercedes-benz-amg-g-63-ha-noi/g63-amg-2022-aidxc23366910
23262915,Mercedes-Benz AMG G63 4.0 v8 2021,8950000000.0,25/09/2025,2021,Máy xăng,SUV,Xe cũ,10000,Số tự động,Nhập khẩu,Bắc Từ Liêm - Hà Nội,https://oto.com.vn/mua-ban-xe-mercedes-benz-amg-g-63-ha-noi/mau-den-mo-noi-that-hermes-chay-it-aidxc23262915
23369761,Mercedes-Benz AMG G63 4.0 v8 2021,9600000000.0,24/09/2025,2021,Máy xăng,SUV,Xe cũ,20000,Số tự động,Nhập khẩu,Long Biên - Hà Nội,https://oto.com.vn/mua-ban-xe-mercedes-benz-amg-g-63-ha-noi/mau-xanh-noi-that-do-ban-full-option-gia-chao-ban-96-ty-dong-aidxc23369761
23276564,Mercedes-Benz AMG G63 2021,8950000000.0,04/09/2025,2021,Máy xăng,SUV,Xe cũ,30000,Số tự động,Nhập khẩu,Tây Hồ - Hà Nội,https://oto.com.vn/mua-ban-xe-mercedes-benz-amg-g-63-ha-noi/xe-chay-3-van-aidxc23276564
23346455,Mercedes-Benz AMG G63 4.0 v8 2022,10200000000.0,04/09/2025,2022,Máy xăng,SUV,Xe cũ,17000,Số tự động,Nhập khẩu,Tây Hồ - Hà Nội,https://oto.com.vn/mua-ban-xe-mercedes-benz-amg-g-63-ha-noi/xe-dky-t122023-bao-hanh-hang-den-2026-aidxc23346455
23302426,Mercedes-Benz AMG G63 4Matic 2022,10789000000.0,18/09/2025,2022,Máy xăng,SUV,Xe cũ,16666,Số tự động,Nhập khẩu,Quận 7 - Tp.HCM,https://oto.com.vn/mua-ban-xe-mercedes-benz-amg-g-63-hcm/16666-aidxc23302426
23298563,Mercedes-Benz AMG G63 4Matic 2022,10789000000.0,18/09/2025,2022,Máy xăng,SUV,Xe cũ,28888,Số tự động,Nhập khẩu,Quận 7 - Tp.HCM,https://oto.com.vn/mua-ban-xe-mercedes-benz-amg-g-63-hcm/ban-nhap-tu-nhan-option-full-aidxc23298563
23282983,Mercedes-Benz AMG G63 2022,9899000000.0,09/09/2025,2022,Máy xăng,SUV,Xe cũ,15000,Số tự động,Nhập khẩu,Quận 7 - Tp.HCM,https://oto.com.vn/mua-ban-xe-mercedes-benz-amg-g-63-hcm/di-15-ngan-moi-nhat-vietnam-aidxc23282983
23349654,Mercedes-Benz AMG G63 4.0 v8 2022,10999000000.0,05/09/2025,2022,Máy xăng,SUV,Xe cũ,19999,Số tự động,Nhập khẩu,Quận 7 - Tp.HCM,https://oto.com.vn/mua-ban-xe-mercedes-benz-amg-g-63-hcm/mau-trangdo-sieu-hiem-tiet-kiem-ngay-3ti-bank-70-aidxc23349654
23351293,Mercedes-Benz AMG G63 4.0 v8 2021,9650000000.0,07/09/2025,2021,Máy xăng,SUV,Xe cũ,19999,Số tự động,Nhập khẩu,Quận 7 - Tp.HCM,https://oto.com.vn/mua-ban-xe-mercedes-benz-amg-g-63-hcm/tiet-kiem-ngay-4ti-bank-65-aidxc23351293
23319218,Mercedes-Benz AMG GLB 35 2021,1750000000.0,11/06/2025,2021,Máy xăng,SUV,Xe cũ,29000,Số tự động,Nhập khẩu,Quận 7 - Tp.HCM,https://oto.com.vn/mua-ban-xe-mercedes-benz-amg-glb-35-hcm/den-den-aidxc23319218
23351842,Mercedes-Benz AMG GLB 35 2022,1599000000.0,06/09/2025,2022,Máy xăng,SUV,Xe cũ,67000,Số tự động,Nhập khẩu,Quận 7 - Tp.HCM,https://oto.com.vn/mua-ban-xe-mercedes-benz-amg-glb-35-hcm/den-den-aidxc23351842
23319711,Mercedes-Benz AMG GLB 35 4Matic 2021,1699000000.0,09/06/2025,2021,Máy xăng,SUV,Xe cũ,28000,Số tự động,Nhập khẩu,Quận 7 - Tp.HCM,https://oto.com.vn/mua-ban-xe-mercedes-benz-amg-glb-35-hcm/model-2022-7-cho-nhap-nguyen-chiec-aidxc23319711
23307749,Mercedes-Benz AMG GLB 35 4Matic 2021,1698000000.0,05/04/2025,2021,Máy xăng,SUV,Xe cũ,24000,Số tự động,Nhập khẩu,Quận 7 - Tp.HCM,https://oto.com.vn/mua-ban-xe-mercedes-benz-amg-glb-35-hcm/model-2022-v1-7-cho-nhap-khau-tiet-kiem-1-ty-aidxc23307749
23307940,Mercedes-Benz AMG GLB 35 2021,1699000000.0,06/04/2025,2021,Máy xăng,SUV,Xe cũ,25000,Số tự động,Nhập khẩu,Quận 7 - Tp.HCM,https://oto.com.vn/mua-ban-xe-mercedes-benz-amg-glb-35-hcm/xe-nhap-khau-aidxc23307940
23307961,Mercedes-Benz AMG GLE 53 4MATIC Coupe 2022,3899000000.0,08/09/2025,2022,Máy xăng,SUV,Xe cũ,13333,Số tự động,Nhập khẩu,Quận 7 - Tp.HCM,https://oto.com.vn/mua-ban-xe-mercedes-benz-amg-gle-53-hcm/18888km-aidxc23307961
23361761,Mercedes-Benz AMG GLE 53 4MATIC Coupe 2022,3899000000.0,04/09/2025,2022,Máy xăng,SUV,Xe cũ,13333,Số tự động,Nhập khẩu,Quận 7 - Tp.HCM,https://oto.com.vn/mua-ban-xe-mercedes-benz-amg-gle-53-hcm/tiet-kiem-ngay-1ti-bank-70-aidxc23361761
23353640,Mercedes-Benz AMG GLE 53 4MATIC Coupe 2022,4299000000.0,13/08/2025,2022,Máy xăng,SUV,Xe cũ,13333,Số tự động,Nhập khẩu,Quận 7 - Tp.HCM,https://oto.com.vn/mua-ban-xe-mercedes-benz-amg-gle-53-hcm/tiet-kiem-ngay-hon-1ti-bank-70-aidxc23353640
23371704,Mercedes-Benz C230 2008,215000000.0,30/09/2025,2008,Máy xăng,Sedan,Xe cũ,100000,Số tự động,Trong nước,Đà Nẵng,https://oto.com.vn/mua-ban-xe-mercedes-benz-c-230-da-nang/c230-sx-2008-xe-dep-nguyen-zin-aidxc23371704
23372340,Mercedes-Benz C230 2008,186000000.0,02/10/2025,2008,Máy xăng,Sedan,Xe cũ,20000,Số tự động,Trong nước,Hà Nội,https://oto.com.vn/mua-ban-xe-mercedes-benz-c-230-ha-noi/c-class-2008-c230-avantgarde-aidxc23372340
23368194,Mercedes-Benz C230 2009,209000000.0,20/09/2025,2009,Máy xăng,Sedan,Xe cũ,115,Số tự động,Trong nước,Hải Phòng,https://oto.com.vn/mua-ban-xe-mercedes-benz-c-230-hai-phong/mercedes-c230-xe-nha-dung-nang-doi-aidxc23368194
23372277,Mercedes-Benz C230 2009,225000000.0,02/10/2025,2009,Máy xăng,Sedan,Xe cũ,115000,Số tự động,Nhập khẩu,Tp.HCM,https://oto.com.vn/mua-ban-xe-mercedes-benz-c-230-hcm/amg-c230-18-loi-xanglanh-tinh-aidxc23372277
23370194,Mercedes-Benz C230 2008,215000000.0,25/09/2025,2008,Máy xăng,Sedan,Xe cũ,111111,Số tự động,Trong nước,Tp.HCM,https://oto.com.vn/mua-ban-xe-mercedes-benz-c-230-hcm/c-class-2008-c230-avantgarde-full-op-aidxc23370194
23360937,Mercedes-Benz C230 2009,229000000.0,01/09/2025,2009,Máy xăng,Sedan,Xe cũ,91000,Số tự động,Nhập khẩu,Quận 6 - Tp.HCM,https://oto.com.vn/mua-ban-xe-mercedes-benz-c-230-hcm/xe-moi-di-9v-cuc-ki-dep-aidxc23360937
23371534,Mercedes-Benz C250 Exclusive 2015,560000000.0,29/09/2025,2015,Máy xăng,Sedan,Xe cũ,93000,Số tự động,Trong nước,Đà Nẵng,https://oto.com.vn/mua-ban-xe-mercedes-benz-c-250-da-nang/c-class-2015-c250-exclusive-aidxc23371534
23371414,Mercedes-Benz C250 Exclusive 2012,350000000.0,29/09/2025,2012,Máy xăng,Sedan,Xe cũ,82000,Số tự động,Nhập khẩu,Buôn Ma Thuột - Đắk Lắk,https://oto.com.vn/mua-ban-xe-mercedes-benz-c-250-dak-lak/c-class-2012-c250-82000-km-aidxc23371414
23371010,Mercedes-Benz C250 Exclusive 2018,789000000.0,27/09/2025,2018,Máy xăng,Sedan,Xe cũ,76000,Số tự động,N/A,Hà Nội,https://oto.com.vn/mua-ban-xe-mercedes-benz-c-250-ha-noi/2018-aidxc23371010
23372490,Mercedes-Benz C250 Exclusive 2010,215000000.0,02/10/2025,2010,Máy xăng,Sedan,Xe cũ,90000,Số tự động,Trong nước,Hà Nội,https://oto.com.vn/mua-ban-xe-mercedes-benz-c-250-ha-noi/c-class-2010-c250-cgi-90000-km-aidxc23372490
23372415,Mercedes-Benz C250 Exclusive 2016,655000000.0,02/10/2025,2016,Máy xăng,Sedan,Xe cũ,50000,Số tự động,Trong nước,Hà Nội,https://oto.com.vn/mua-ban-xe-mercedes-benz-c-250-ha-noi/c250-exclusive-2016-trangkem-xe-dep-aidxc23372415
23340499,Mercedes-Benz C250 AMG 2015,510000000.0,17/09/2025,2015,Máy xăng,Sedan,Xe cũ,150000,Số tự động,Nhập khẩu,Nam Từ Liêm - Hà Nội,https://oto.com.vn/mua-ban-xe-mercedes-benz-c-250-ha-noi/odo-chuan-15v-sieu-chat-aidxc23340499
23335518,Mercedes-Benz C250 Exclusive 2016,655000000.0,04/09/2025,2016,Máy xăng,Sedan,Xe cũ,80000,Số tự động,Nhập khẩu,Thanh Xuân - Hà Nội,https://oto.com.vn/mua-ban-xe-mercedes-benz-c-250-ha-noi/phien-ban-cao-cap-voi-nhieu-tien-ich-hien-dai-aidxc23335518
23335519,Mercedes-Benz C250 Exclusive 2016,655000000.0,04/09/2025,2016,Máy xăng,Sedan,Xe cũ,62500,Số tự động,Nhập khẩu,Thanh Xuân - Hà Nội,https://oto.com.vn/mua-ban-xe-mercedes-benz-c-250-ha-noi/tu-nhan-chinh-chu-aidxc23335519
23344365,Mercedes-Benz C250 AMG 2010,220000000.0,11/09/2025,2010,Máy xăng,Sedan,Xe cũ,78000,Số tự động,Nhập khẩu,Hà Tĩnh - Hà Tĩnh,https://oto.com.vn/mua-ban-xe-mercedes-benz-c-250-ha-tinh/sieu-dep-aidxc23344365
23372297,Mercedes-Benz C250 Exclusive 2016,658000000.0,02/10/2025,2016,Máy xăng,Sedan,Xe cũ,91000,Số tự động,Trong nước,Tp.HCM,https://oto.com.vn/mua-ban-xe-mercedes-benz-c-250-hcm/439-2016-c250-exclusive-91000-km-aidxc23372297
23363117,Mercedes-Benz C250 Exclusive 2013,310000000.0,08/09/2025,2013,Máy xăng,Sedan,Xe cũ,64000,Số tự động,Nhập khẩu,Quận 12 - Tp.HCM,https://oto.com.vn/mua-ban-xe-mercedes-benz-c-250-hcm/ban-c250-doi-2013-dang-ki-2014-chay-hon-6-van-aidxc23363117
23357360,Mercedes-Benz C250 Exclusive 2017,666000000.0,26/09/2025,2017,Máy xăng,Sedan,Xe cũ,91,Số tự động,Trong nước,Quận 7 - Tp.HCM,https://oto.com.vn/mua-ban-xe-mercedes-benz-c-250-hcm/black-edition-dac-biet-aidxc23357360
23371632,Mercedes-Benz C250 Exclusive 2017,656000000.0,30/09/2025,2017,Máy xăng,Sedan,Xe cũ,80000,Số tự động,Trong nước,Tp.HCM,https://oto.com.vn/mua-ban-xe-mercedes-benz-c-250-hcm/c250-exclusive-1-chu-aidxc23371632
23330562,Mercedes-Benz C250 AMG 2015,590000000.0,18/09/2025,2015,Máy xăng,Sedan,Xe cũ,80000,Số tự động,Nhập khẩu,Quận 7 - Tp.HCM,https://oto.com.vn/mua-ban-xe-mercedes-benz-c-250-hcm/mercedes-c250-2015-amg-aidxc23330562
23344363,Mercedes-Benz C250 AMG 2010,220000000.0,21/09/2025,2010,Máy xăng,Sedan,Xe cũ,81000,Số tự động,Nhập khẩu,Vinh - Nghệ An,https://oto.com.vn/mua-ban-xe-mercedes-benz-c-250-nghe-an/dep-va-re-bat-ngo-aidxc23344363
23364983,Mercedes-Benz C180 AMG 2020,820000000.0,12/09/2025,2020,Máy xăng,Sedan,Xe cũ,N/A,Số tự động,Nhập khẩu,Hà Nội,https://oto.com.vn/mua-ban-xe-mercedes-benz-c180-ha-noi/-aidxc23364983
23368262,Mercedes-Benz C180 2020,790000000.0,20/09/2025,2020,Máy xăng,Sedan,Xe cũ,37000,Số tự động,Trong nước,Hà Nội,https://oto.com.vn/mua-ban-xe-mercedes-benz-c180-ha-noi/2020-so-tu-dong-aidxc23368262
23372425,Mercedes-Benz C180 AMG 2021,820000000.0,02/10/2025,2021,Máy xăng,Sedan,Xe cũ,30000,Số tự động,Trong nước,Long Biên - Hà Nội,https://oto.com.vn/mua-ban-xe-mercedes-benz-c180-ha-noi/amg-sx-2021-xe-3v-km-nhu-moi-aidxc23372425
23372427,Mercedes-Benz C180 AMG 2021,830000000.0,02/10/2025,2021,Máy xăng,Sedan,Xe cũ,30000,Số tự động,Nhập khẩu,Long Biên - Hà Nội,https://oto.com.vn/mua-ban-xe-mercedes-benz-c180-ha-noi/bao-check-thoai-mai-aidxc23372427
23355481,Mercedes-Benz C180 AMG 2020,850000000.0,19/08/2025,2020,Máy xăng,Sedan,Xe cũ,36000,Số tự động,Trong nước,Hà Nội,https://oto.com.vn/mua-ban-xe-mercedes-benz-c180-ha-noi/nu-chinh-chu-di-giu-gin-36-nghin-km-full-lich-bao-duong-hang-aidxc23355481
23366740,Mercedes-Benz C180 AMG 2020,818000000.0,17/09/2025,2020,Máy xăng,Sedan,Xe cũ,N/A,Số tự động,Nhập khẩu,Hà Nội,https://oto.com.vn/mua-ban-xe-mercedes-benz-c180-ha-noi/sx-2020-aidxc23366740
23340874,Mercedes-Benz C180 AMG 2020,866000000.0,04/09/2025,2020,Máy xăng,Sedan,Xe cũ,50000,Số tự động,Nhập khẩu,Thanh Xuân - Hà Nội,https://oto.com.vn/mua-ban-xe-mercedes-benz-c180-ha-noi/tu-nhan-chinh-chu-aidxc23340874
23365496,Mercedes-Benz C180 AMG 2019,719000000.0,14/09/2025,2019,Máy xăng,Sedan,Xe cũ,42000,Số tự động,Trong nước,Thủ Đức - Tp.HCM,https://oto.com.vn/mua-ban-xe-mercedes-benz-c180-hcm/2020-42000-km-aidxc23365496
23361932,Mercedes-Benz C180 AMG 2021,898000000.0,05/09/2025,2021,Máy xăng,Sedan,Xe cũ,43000,Số tự động,Trong nước,Tp.HCM,https://oto.com.vn/mua-ban-xe-mercedes-benz-c180-hcm/amg-len-full-c300-dep-nhat-ca-nuoc-aidxc23361932
23362315,Mercedes-Benz C180 AMG 2021,889000000.0,05/09/2025,2021,Máy xăng,N/A,Xe cũ,39999,Số tự động,Trong nước,Quận 7 - Tp.HCM,https://oto.com.vn/mua-ban-xe-mercedes-benz-c180-hcm/bao-dau-bank-70-90-ib-zalo-tu-van-truc-tiep-247-aidxc23362315
23369077,Mercedes-Benz C180 AMG 2020,819000000.0,22/09/2025,2020,Máy xăng,Sedan,Xe cũ,15000,Số tự động,Trong nước,Tân Uyên - Tp.HCM,https://oto.com.vn/mua-ban-xe-mercedes-benz-c180-hcm/mercedes-c-class-15000-km-aidxc23369077
23361342,Mercedes-Benz C180 AMG 2020,859000000.0,03/09/2025,2020,Máy xăng,Sedan,Xe cũ,45000,Số tự động,Trong nước,Tp.HCM,https://oto.com.vn/mua-ban-xe-mercedes-benz-c180-hcm/model-2021-1-chu-tu-dau-aidxc23361342
23346150,Mercedes-Benz C180 AMG 2021,899000000.0,25/08/2025,2021,Máy xăng,Sedan,Xe cũ,21000,Số tự động,Nhập khẩu,Quận 7 - Tp.HCM,https://oto.com.vn/mua-ban-xe-mercedes-benz-c180-hcm/odo-2-van-full-lich-su-bao-duong-aidxc23346150
23346969,Mercedes-Benz C180 AMG 2021,957000000.0,25/08/2025,2021,Máy xăng,Sedan,Xe cũ,20000,Số tự động,Trong nước,Bình Tân - Tp.HCM,https://oto.com.vn/mua-ban-xe-mercedes-benz-c180-hcm/xe-da-qua-su-dung-odo-thap-chat-luong-dam-bao-aidxc23346969
23339081,Mercedes-Benz C180 AMG 2021,957000000.0,08/07/2025,2021,Máy xăng,Sedan,Xe cũ,9999,Số tự động,Trong nước,Bình Tân - Tp.HCM,https://oto.com.vn/mua-ban-xe-mercedes-benz-c180-hcm/xe-dep-nhu-moi-gia-cuc-ky-hap-dan-aidxc23339081
23369727,Mercedes-Benz C200 2.0 AT 2015,559000000.0,24/09/2025,2015,Máy xăng,Sedan,Xe cũ,56000,Số tự động,Trong nước,Từ Sơn - Bắc Ninh,https://oto.com.vn/mua-ban-xe-mercedes-benz-c200-bac-ninh/lan-banh-56000km-aidxc23369727
23369678,Mercedes-Benz C200 2.0 AT 2015,559000000.0,24/09/2025,2015,Máy xăng,Sedan,Xe cũ,50000,Số tự động,Nhập khẩu,Từ Sơn - Bắc Ninh,https://oto.com.vn/mua-ban-xe-mercedes-benz-c200-bac-ninh/merecdes-aidxc23369678
23266149,Mercedes-Benz C200 Edition C 2014,385000000.0,12/09/2025,2014,Máy xăng,Sedan,Xe cũ,110000,Số tự động,Trong nước,Nam Từ Liêm - Hà Nội,https://oto.com.vn/mua-ban-xe-mercedes-benz-c200-ha-noi/ban-chot-nhieu-tinh-nang-gia-mem-aidxc23266149
23372034,Mercedes-Benz C200 2.0 AT 2019,789000000.0,01/10/2025,2019,Máy xăng,Sedan,Xe cũ,80000,Số tự động,Trong nước,Hoàng Mai - Hà Nội,https://oto.com.vn/mua-ban-xe-mercedes-benz-c200-ha-noi/sx2019-trang-noi-that-kem-chay-hon-8v-km-sieu-dep-aidxc23372034
23370689,Mercedes-Benz C200 2011,275000000.0,26/09/2025,2011,Máy xăng,Sedan,Xe cũ,116780,Số tự động,Nhập khẩu,Chí Linh - Hải Dương,https://oto.com.vn/mua-ban-xe-mercedes-benz-c200-hai-duong/mercedes-2011-18-tubo-116780km-aidxc23370689
23335664,Mercedes-Benz C200 2.0 AT 2016,585000000.0,27/09/2025,2016,Máy xăng,Sedan,Xe cũ,70000,Số tự động,Nhập khẩu,Kiến An - Hải Phòng,https://oto.com.vn/mua-ban-xe-mercedes-benz-c200-hai-phong/odo-7-van-km-aidxc23335664
23362135,Mercedes-Benz C200 2.0 AT 2019,885000000.0,05/09/2025,2019,Máy xăng,Sedan,Xe cũ,9000,Số tự động,Trong nước,Gò Vấp - Tp.HCM,https://oto.com.vn/mua-ban-xe-mercedes-benz-c200-hcm/ban-2019-sieu-luot-9000km-bao-check-hang-aidxc23362135
23370541,Mercedes-Benz C200 2023,1398000000.0,26/09/2025,2023,Máy xăng,N/A,Xe cũ,3500,Số tự động,Trong nước,Quận 7 - Tp.HCM,https://oto.com.vn/mua-ban-xe-mercedes-benz-c200-hcm/bao-dau-bank-70-90-ib-zalo-tu-van-truc-tiep-247-aidxc23370541
23371516,Mercedes-Benz C200 Avantgarde 2023,1398000000.0,29/09/2025,2023,Máy xăng,N/A,Xe cũ,3500,Số tự động,Trong nước,Quận 7 - Tp.HCM,https://oto.com.vn/mua-ban-xe-mercedes-benz-c200-hcm/bao-dau-bank-70-90-ib-zalo-tu-van-truc-tiep-247-aidxc23371516
23301664,Mercedes-Benz C200 2015,575000000.0,25/09/2025,2015,Máy xăng,Sedan,Xe cũ,60000,Số tự động,Trong nước,Thủ Đức - Tp.HCM,https://oto.com.vn/mua-ban-xe-mercedes-benz-c200-hcm/bao-hanh-6-thang-aidxc23301664
23369065,Mercedes-Benz C200 Exclusive 2021,1130000000.0,22/09/2025,2021,Máy xăng,Sedan,Xe cũ,37000,Số tự động,Nhập khẩu,Tp.HCM,https://oto.com.vn/mua-ban-xe-mercedes-benz-c200-hcm/c-class-2021-exclusive-aidxc23369065
23363950,Mercedes-Benz C200 2022,1439000000.0,10/09/2025,2022,Máy xăng,N/A,Xe cũ,15000,Số tự động,Trong nước,Quận 7 - Tp.HCM,https://oto.com.vn/mua-ban-xe-mercedes-benz-c200-hcm/can-ban-gap-gia-re-aidxc23363950
23371423,Mercedes-Benz C200 Avantgarde 2023,1398000000.0,29/09/2025,2023,Máy xăng,Sedan,Xe cũ,3000,Số tự động,Trong nước,Quận 7 - Tp.HCM,https://oto.com.vn/mua-ban-xe-mercedes-benz-c200-hcm/model-2024-bao-hanh-hang-dai-aidxc23371423
23341446,Mercedes-Benz C200 2.0 AT 2016,599000000.0,13/09/2025,2016,Máy xăng,Sedan,Xe cũ,106000,Số tự động,Trong nước,Bình Tân - Tp.HCM,https://oto.com.vn/mua-ban-xe-mercedes-benz-c200-hcm/trangkem-sx2016-aidxc23341446
23357031,Mercedes-Benz C200 2.0 AT 2016,579000000.0,22/09/2025,2016,Máy xăng,Sedan,Xe cũ,69000,Số tự động,Trong nước,Bình Tân - Tp.HCM,https://oto.com.vn/mua-ban-xe-mercedes-benz-c200-hcm/xe-da-qua-su-dung-chat-luong-dam-bao-aidxc23357031
23367520,Mercedes-Benz C280 2005,165000000.0,18/09/2025,2005,Máy xăng,Sedan,Xe cũ,176000,Số tự động,Trong nước,Tp.HCM,https://oto.com.vn/mua-ban-xe-mercedes-benz-c280-hcm/c-class-2005-avantgarde-176000-aidxc23367520
23370330,Mercedes-Benz C300 AMG 2015,699000000.0,25/09/2025,2015,Máy xăng,Sedan,Xe cũ,80000,Số tự động,Nhập khẩu,Dĩ An - Bình Dương,https://oto.com.vn/mua-ban-xe-mercedes-benz-c300-binh-duong/xe-ben-bi-bao-hanh-day-du-aidxc23370330
23369892,Mercedes-Benz C300 AMG 2022,1699000000.0,24/09/2025,2022,Máy xăng,Sedan,Xe cũ,16000,Số tự động,Trong nước,Long Biên - Hà Nội,https://oto.com.vn/mua-ban-xe-mercedes-benz-c300-ha-noi/mau-den-noi-that-den-odo-16000-aidxc23369892
23369896,Mercedes-Benz C300 AMG 2022,1699000000.0,24/09/2025,2022,Máy xăng,Sedan,Xe cũ,19000,Số tự động,Nhập khẩu,Long Biên - Hà Nội,https://oto.com.vn/mua-ban-xe-mercedes-benz-c300-ha-noi/mau-den-noi-that-nau-odo-19000km-aidxc23369896
23369888,Mercedes-Benz C300 AMG 2022,1699000000.0,24/09/2025,2022,Máy xăng,Sedan,Xe cũ,26000,Số tự động,Nhập khẩu,Long Biên - Hà Nội,https://oto.com.vn/mua-ban-xe-mercedes-benz-c300-ha-noi/mau-trang-noi-that-nau-chay-26000km-aidxc23369888
23367539,Mercedes-Benz C300 2021,1199000000.0,18/09/2025,2021,Máy xăng,N/A,Xe cũ,32000,Số tự động,Trong nước,Quận 7 - Tp.HCM,https://oto.com.vn/mua-ban-xe-mercedes-benz-c300-hcm/1-chu-full-lich-su-hang-aidxc23367539
23317787,Mercedes-Benz C300 AMG 2022,1839000000.0,09/09/2025,2022,Máy xăng,Sedan,Xe cũ,26000,Số tự động,Trong nước,Quận 7 - Tp.HCM,https://oto.com.vn/mua-ban-xe-mercedes-benz-c300-hcm/1-ty-839-trieu-aidxc23317787
23318491,Mercedes-Benz C300 AMG 2022,1789000000.0,18/09/2025,2022,Máy xăng,Sedan,Xe cũ,16666,Số tự động,Trong nước,Quận 7 - Tp.HCM,https://oto.com.vn/mua-ban-xe-mercedes-benz-c300-hcm/16666km-aidxc23318491
23362987,Mercedes-Benz C300 AMG 2021,1469000000.0,06/09/2025,2021,Máy xăng,Sedan,Xe cũ,9000,Số tự động,Nhập khẩu,Quận 7 - Tp.HCM,https://oto.com.vn/mua-ban-xe-mercedes-benz-c300-hcm/all-new-aidxc23362987
23372419,Mercedes-Benz C300 AMG 2022,1550000000.0,02/10/2025,2022,Máy xăng,Sedan,Xe cũ,40000,Số tự động,Nhập khẩu,Tp.HCM,https://oto.com.vn/mua-ban-xe-mercedes-benz-c300-hcm/amg-1-chu-mua-moi-htbank-75-aidxc23372419
23372481,Mercedes-Benz C300 AMG 2022,1590000000.0,02/10/2025,2022,Máy xăng,Sedan,Xe cũ,9000,Số tự động,Trong nước,Tp.HCM,https://oto.com.vn/mua-ban-xe-mercedes-benz-c300-hcm/c-class-2022-amg-9000-km-aidxc23372481
23355797,Mercedes-Benz C300 AMG 2021,1239000000.0,29/09/2025,2021,Máy xăng,N/A,Xe cũ,42000,Số tự động,Trong nước,Quận 7 - Tp.HCM,https://oto.com.vn/mua-ban-xe-mercedes-benz-c300-hcm/can-ban-gap-aidxc23355797
23371678,Mercedes-Benz C300 AMG 2019,999000000.0,30/09/2025,2019,Máy xăng,Sedan,Xe cũ,89000,Số tự động,Trong nước,Bình Tân - Tp.HCM,https://oto.com.vn/mua-ban-xe-mercedes-benz-c300-hcm/chiec-xe-cu-chat-luong-cao-bao-test-moi-hinh-thuc-aidxc23371678
23318696,Mercedes-Benz C300 AMG 2022,1789000000.0,09/09/2025,2022,Máy xăng,Sedan,Xe cũ,17000,Số tự động,Trong nước,Quận 7 - Tp.HCM,https://oto.com.vn/mua-ban-xe-mercedes-benz-c300-hcm/di-17-ngan-sieu-dep-aidxc23318696
23369497,Mercedes-Benz C300 AMG 2019,1059000000.0,23/09/2025,2019,Máy xăng,Sedan,Xe cũ,20000,Số tự động,Nhập khẩu,Quận 7 - Tp.HCM,https://oto.com.vn/mua-ban-xe-mercedes-benz-c300-hcm/ho-tro-tai-chinh-vay-cao-lai-suat-tot-aidxc23369497
23369626,Mercedes-Benz C300 Coupe 2016,1299000000.0,24/09/2025,2016,Máy xăng,Sedan,Xe cũ,20000,Số tự động,Nhập khẩu,Quận 7 - Tp.HCM,https://oto.com.vn/mua-ban-xe-mercedes-benz-c300-hcm/mercedes-coupe-sieu-luot-aidxc23369626
23338073,Mercedes-Benz C300 AMG 2019,1068000000.0,15/09/2025,2019,Máy xăng,SUV,Xe cũ,49890,Số tự động,Nhập khẩu,Quận 7 - Tp.HCM,https://oto.com.vn/mua-ban-xe-mercedes-benz-c300-hcm/odo-chay-31000-miles-aidxc23338073
23362187,Mercedes-Benz C300 AMG 2022,1699000000.0,05/09/2025,2022,Máy xăng,Sedan,Xe cũ,18888,Số tự động,Nhập khẩu,Quận 7 - Tp.HCM,https://oto.com.vn/mua-ban-xe-mercedes-benz-c300-hcm/re-hon-mua-moi-1ti-bank-70-aidxc23362187
23363821,Mercedes-Benz C300 AMG 2021,1468000000.0,10/09/2025,2021,Máy xăng,Sedan,Xe cũ,9000,Số tự động,Trong nước,Quận 7 - Tp.HCM,https://oto.com.vn/mua-ban-xe-mercedes-benz-c300-hcm/sieu-luot-nhu-moi-aidxc23363821
23346157,Mercedes-Benz C300 AMG 2022,1699000000.0,28/09/2025,2022,Máy xăng,Sedan,Xe cũ,16666,Số tự động,Nhập khẩu,Quận 7 - Tp.HCM,https://oto.com.vn/mua-ban-xe-mercedes-benz-c300-hcm/tiet-kiem-ngay-500tr-fix-loc-ae-nhanh-gon-bank-70-aidxc23346157
23366700,Mercedes-Benz C300 AMG 2017,777000000.0,17/09/2025,2017,Máy xăng,Sedan,Xe cũ,97,Số tự động,Trong nước,Quận 7 - Tp.HCM,https://oto.com.vn/mua-ban-xe-mercedes-benz-c300-hcm/trang-ngoc-trinh-bao-dep-aidxc23366700
23369618,Mercedes-Benz C300 AMG 2017,777000000.0,24/09/2025,2017,Máy xăng,Sedan,Xe cũ,97,Số tự động,Trong nước,Quận 7 - Tp.HCM,https://oto.com.vn/mua-ban-xe-mercedes-benz-c300-hcm/trang-ngoc-trinh-bao-dep-aidxc23369618
23367538,Mercedes-Benz C300 2022,1499000000.0,18/09/2025,2022,Máy xăng,N/A,Xe cũ,32000,Số tự động,Trong nước,Quận 7 - Tp.HCM,https://oto.com.vn/mua-ban-xe-mercedes-benz-c300-hcm/xe-1-chu-can-ban-gap-aidxc23367538
23372104,Mercedes-Benz C300 AMG 2023,1739000000.0,01/10/2025,2023,Máy xăng,Sedan,Xe cũ,6000,Số tự động,Nhập khẩu,Quận 7 - Tp.HCM,https://oto.com.vn/mua-ban-xe-mercedes-benz-c300-hcm/xe-sang-trong-da-qua-su-dung-chat-luong-nhu-moi-aidxc23372104
23363549,Mercedes-Benz C43 2023,1998000000.0,09/09/2025,2023,Hybrid,Sedan,Xe cũ,6000,Số tự động,Nhập khẩu,Quận 7 - Tp.HCM,https://oto.com.vn/mua-ban-xe-mercedes-benz-c43-hcm/4matic-model-2024-nhu-moi-cty-xuat-hd-cao-aidxc23363549
23362838,Mercedes-Benz C43 2023,1998000000.0,06/09/2025,2023,Máy xăng,N/A,Xe cũ,5678,Số tự động,Trong nước,Quận 7 - Tp.HCM,https://oto.com.vn/mua-ban-xe-mercedes-benz-c43-hcm/bao-dau-bank-70-90-ib-zalo-tu-van-truc-tiep-247-aidxc23362838
23366092,Mercedes-Benz C43 2023,1998000000.0,15/09/2025,2023,Máy xăng,N/A,Xe cũ,5678,Số tự động,Nhập khẩu,Quận 7 - Tp.HCM,https://oto.com.vn/mua-ban-xe-mercedes-benz-c43-hcm/bao-dau-bank-70-90-ib-zalo-tu-van-truc-tiep-247-aidxc23366092
23363205,Mercedes-Benz C63 2024,4668000000.0,08/09/2025,2024,Hybrid,Sedan,Xe cũ,3500,Số tự động,Nhập khẩu,Tp.HCM,https://oto.com.vn/mua-ban-xe-mercedes-benz-c63-hcm/s-e-performance-680hp-aidxc23363205
23371038,Mercedes-Benz CLA 200 1.6 I4 2015,479000000.0,27/09/2025,2015,Máy xăng,Sedan,Xe cũ,66000,Số tự động,Nhập khẩu,Quận 7 - Tp.HCM,https://oto.com.vn/mua-ban-xe-mercedes-benz-cla-200-hcm/ban-cla200-model-2016-xe-zin-da-bao-duong-aidxc23371038
23359250,Mercedes-Benz CLA 200 1.6 I4 2017,568000000.0,27/08/2025,2017,Máy xăng,Sedan,Xe cũ,65000,Số tự động,Nhập khẩu,Quận 6 - Tp.HCM,https://oto.com.vn/mua-ban-xe-mercedes-benz-cla-200-hcm/can-ban-cla200-model-2017-xe-rat-dep-aidxc23359250
23365834,Mercedes-Benz CLA 200 1.6 I4 2014,385000000.0,15/09/2025,2014,Máy xăng,Sedan,Xe cũ,100000,Số tự động,Nhập khẩu,Tp.HCM,https://oto.com.vn/mua-ban-xe-mercedes-benz-cla-200-hcm/cla-class-2014-100000-km-aidxc23365834
23372069,Mercedes-Benz CLA 200 1.6 I4 2015,489000000.0,01/10/2025,2015,Máy xăng,Sedan,Xe cũ,66000,Số tự động,Nhập khẩu,Tp.HCM,https://oto.com.vn/mua-ban-xe-mercedes-benz-cla-200-hcm/mercedes-cla200-model-2016-trang-nt-den-rat-dep-aidxc23372069
23348772,Mercedes-Benz CLA 200 1.6 I4 2018,679000000.0,02/10/2025,2018,Máy xăng,Sedan,Xe cũ,42000,Số tự động,Nhập khẩu,Quận 7 - Tp.HCM,https://oto.com.vn/mua-ban-xe-mercedes-benz-cla-200-hcm/phong-cach-coupe-tre-trung-sang-trong-aidxc23348772
23368775,Mercedes-Benz CLA 200 1.6 I4 2014,449000000.0,22/09/2025,2014,Máy xăng,Sedan,Xe cũ,100000,Số tự động,Nhập khẩu,Khánh Hòa,https://oto.com.vn/mua-ban-xe-mercedes-benz-cla-200-khanh-hoa/cla-class-2014-100000-km-aidxc23368775
23371006,Mercedes-Benz CLA 200 1.6 I4 2014,462000000.0,27/09/2025,2014,Máy xăng,Sedan,Xe cũ,96000,Số tự động,Nhập khẩu,Nha Trang - Khánh Hòa,https://oto.com.vn/mua-ban-xe-mercedes-benz-cla-200-khanh-hoa/cla-class-2014-96000-km-aidxc23371006
N/A,Mua bán xe ô tô Mercedes-Benz CLA 250 2016 cũ,599000000.0,N/A,N/A,N/A,N/A,N/A,N/A,N/A,N/A,N/A,https://oto.com.vn/mua-ban-xe-mercedes-benz-cla-250-binh-duong/2016-tai-aidxc23372237
23330666,Mercedes-Benz CLA 250 4Matic 2015,568000000.0,30/07/2025,2015,Máy xăng,Sedan,Xe cũ,70000,Số tự động,Nhập khẩu,Long Biên - Hà Nội,https://oto.com.vn/mua-ban-xe-mercedes-benz-cla-250-ha-noi/568tr-co-thuong-luong-aidxc23330666
23328803,Mercedes-Benz CLA 250 2.0 I4 2017,576000000.0,08/09/2025,2017,Máy xăng,Coupe,Xe cũ,78000,Số tự động,Nhập khẩu,Bắc Từ Liêm - Hà Nội,https://oto.com.vn/mua-ban-xe-mercedes-benz-cla-250-ha-noi/ban-mercedes-model-2017-ban-facelit-aidxc23328803
23350355,Mercedes-Benz CLA 250 2.0 I4 2016,695000000.0,04/08/2025,2016,Máy xăng,Sedan,Xe cũ,79000,Số tự động,Nhập khẩu,Hoàng Mai - Hà Nội,https://oto.com.vn/mua-ban-xe-mercedes-benz-cla-250-ha-noi/chinh-chu-aidxc23350355
23341631,Mercedes-Benz CLA 250 4Matic 2015,595000000.0,15/09/2025,2015,Máy xăng,Sedan,Xe cũ,110000,Số tự động,Nhập khẩu,Cầu Giấy - Hà Nội,https://oto.com.vn/mua-ban-xe-mercedes-benz-cla-250-ha-noi/dep-chat-bien-aidxc23341631
23335472,Mercedes-Benz CLA 250 2.0 I4 2016,595000000.0,25/06/2025,2016,Máy xăng,Sedan,Xe cũ,79000,Số tự động,Nhập khẩu,Hoàng Mai - Hà Nội,https://oto.com.vn/mua-ban-xe-mercedes-benz-cla-250-ha-noi/zin-tung-con-oc-gia-lai-soc-aidxc23335472
23328573,Mercedes-Benz CLA 250 4Matic 2018,887000000.0,30/06/2025,2018,Máy xăng,Sedan,Xe cũ,39000,Số tự động,Nhập khẩu,Gò Vấp - Tp.HCM,https://oto.com.vn/mua-ban-xe-mercedes-benz-cla-250-hcm/ban-2018-sieu-luot-39000-bao-check-hang-aidxc23328573
23362879,Mercedes-Benz CLA 250 4Matic 2015,430000000.0,06/09/2025,2015,Máy xăng,Sedan,Xe cũ,N/A,Số tự động,Nhập khẩu,Tp.HCM,https://oto.com.vn/mua-ban-xe-mercedes-benz-cla-250-hcm/cla-class-2015-4matic-aidxc23362879
23368939,Mercedes-Benz CLA 250 4Matic 2016,599000000.0,22/09/2025,2016,Máy xăng,Sedan,Xe cũ,90000,Số tự động,Nhập khẩu,Tp.HCM,https://oto.com.vn/mua-ban-xe-mercedes-benz-cla-250-hcm/cla-class-2016-4matic-aidxc23368939
23364500,Mercedes-Benz CLA 250 4Matic 2014,445000000.0,11/09/2025,2014,Máy xăng,Coupe,Xe cũ,68000,Số tự động,Nhập khẩu,Tp.HCM,https://oto.com.vn/mua-ban-xe-mercedes-benz-cla-250-hcm/coupe-4matc-model-2015-aidxc23364500
23366723,Mercedes-Benz CLA 250 4Matic 2015,460000000.0,17/09/2025,2015,Máy xăng,Coupe,Xe cũ,50000,Số tự động,Nhập khẩu,Tp.HCM,https://oto.com.vn/mua-ban-xe-mercedes-benz-cla-250-hcm/dang-ky-2015-model-2016-aidxc23366723
23363443,Mercedes-Benz CLA 45 4Matic 2015,500000000.0,09/09/2025,2015,Máy xăng,Coupe,Xe cũ,90000,Số tự động,Nhập khẩu,Tp.HCM,https://oto.com.vn/mua-ban-xe-mercedes-benz-cla45-hcm/mercedes-cla-45-amg-2015-co-po-va-do-choi-co-doi-aidxc23363443
23202452,Mercedes-Benz AMG CLS 63 2012,1550000000.0,05/07/2025,2012,Máy xăng,Sedan,Xe cũ,80000,Số tự động,Nhập khẩu,Nam Từ Liêm - Hà Nội,https://oto.com.vn/mua-ban-xe-mercedes-benz-cls-amg-63-ha-noi/v8-55-cuc-hiem-aidxc23202452
23369904,Mercedes-Benz E180 2021,1199000000.0,24/09/2025,2021,Máy xăng,Sedan,Xe cũ,36000,Số tự động,Trong nước,Hà Nội,https://oto.com.vn/mua-ban-xe-mercedes-benz-e180-ha-noi/2021-aidxc23369904
23359917,Mercedes-Benz E180 V1 2022,1489000000.0,29/08/2025,2022,Máy xăng,Sedan,Xe cũ,6789,Số tự động,Trong nước,Cầu Giấy - Hà Nội,https://oto.com.vn/mua-ban-xe-mercedes-benz-e180-ha-noi/2022-v1-aidxc23359917
23335648,Mercedes-Benz E180 V1 2022,1545000000.0,26/06/2025,2022,Máy xăng,Sedan,Xe cũ,5888,Số tự động,Trong nước,Cầu Giấy - Hà Nội,https://oto.com.vn/mua-ban-xe-mercedes-benz-e180-ha-noi/2022-v1-sieu-luot-aidxc23335648
23335704,Mercedes-Benz E180 V1 2022,1559000000.0,29/08/2025,2022,Máy xăng,Sedan,Xe cũ,5999,Số tự động,Trong nước,Cầu Giấy - Hà Nội,https://oto.com.vn/mua-ban-xe-mercedes-benz-e180-ha-noi/ban-v1-sx-2022-sieu-luot-5000km-aidxc23335704
23330865,Mercedes-Benz E180 1.5 I4 2020,980000000.0,22/07/2025,2020,Máy xăng,Sedan,Xe cũ,55000,Số tự động,Trong nước,Long Biên - Hà Nội,https://oto.com.vn/mua-ban-xe-mercedes-benz-e180-ha-noi/can-ban-mercedes-sx-2020-dep-xuat-sac-aidxc23330865
23359126,Mercedes-Benz E180 1.5 I4 2020,970000000.0,27/08/2025,2020,Máy xăng,Sedan,Xe cũ,55000,Số tự động,Trong nước,Long Biên - Hà Nội,https://oto.com.vn/mua-ban-xe-mercedes-benz-e180-ha-noi/can-ban-mercedes-sx-2020-dep-xuat-sac-gia-chi-9-dong-aidxc23359126
23362473,Mercedes-Benz E180 V1 2022,1799000000.0,05/09/2025,2022,Máy xăng,Sedan,Xe cũ,9000,Số tự động,Nhập khẩu,Hà Nội,https://oto.com.vn/mua-ban-xe-mercedes-benz-e180-ha-noi/e-class-2022-aidxc23362473
23334567,Mercedes-Benz E180 1.5 I4 2020,1060000000.0,20/06/2025,2020,Máy xăng,Sedan,Xe cũ,55000,Số tự động,Trong nước,Hoàng Mai - Hà Nội,https://oto.com.vn/mua-ban-xe-mercedes-benz-e180-ha-noi/mercedes-15-i4-2020-aidxc23334567
23360176,Mercedes-Benz E180 V1 2022,1489000000.0,29/08/2025,2022,Máy xăng,Sedan,Xe cũ,6789,Số tự động,Trong nước,Cầu Giấy - Hà Nội,https://oto.com.vn/mua-ban-xe-mercedes-benz-e180-ha-noi/xe-bao-hanh-chinh-hang-den-2027-bao-hiem-than-vo-02-nam-den-het-2026-aidxc23360176
23248391,Mercedes-Benz E180 2020,1050000000.0,13/06/2025,2020,Máy xăng,N/A,Xe cũ,50000,Số tự động,Trong nước,Kiến An - Hải Phòng,https://oto.com.vn/mua-ban-xe-mercedes-benz-e180-hai-phong/xe-dep-full-lich-su-hang-aidxc23248391
23334166,Mercedes-Benz E180 2022,1278000000.0,19/06/2025,2022,Máy xăng,N/A,Xe cũ,22000,Số tự động,Trong nước,Quận 7 - Tp.HCM,https://oto.com.vn/mua-ban-xe-mercedes-benz-e180-hcm/bao-dau-bank-70-90-ib-zalo-tu-van-truc-tiep-247-aidxc23334166
23339402,Mercedes-Benz E180 2021,1268000000.0,09/07/2025,2021,Máy xăng,N/A,Xe cũ,35000,Số tự động,Trong nước,Quận 7 - Tp.HCM,https://oto.com.vn/mua-ban-xe-mercedes-benz-e180-hcm/bao-dau-bank-70-90-ib-zalo-tu-van-truc-tiep-247-aidxc23339402
23365743,Mercedes-Benz E180 1.5 I4 2021,1290000000.0,14/09/2025,2021,Máy xăng,Sedan,Xe cũ,60000,Số tự động,Trong nước,Tp.HCM,https://oto.com.vn/mua-ban-xe-mercedes-benz-e180-hcm/e-class-2021-60000-km-aidxc23365743
23364273,Mercedes-Benz E180 1.5 I4 2022,1259000000.0,11/09/2025,2022,Máy xăng,Sedan,Xe cũ,50000,Số tự động,Nhập khẩu,Tp.HCM,https://oto.com.vn/mua-ban-xe-mercedes-benz-e180-hcm/mercedes-model-2022-full-option-e300-amg-hang-aidxc23364273
23370517,Mercedes-Benz E180 1.5 I4 2022,1199000000.0,26/09/2025,2022,Máy xăng,Sedan,Xe cũ,60000,Số tự động,Trong nước,Tp.HCM,https://oto.com.vn/mua-ban-xe-mercedes-benz-e180-hcm/model-2022-1-chu-aidxc23370517
23349882,Mercedes-Benz E200 E200 2021,1460000000.0,04/09/2025,2021,Máy xăng,Sedan,Xe cũ,40000,Số tự động,Nhập khẩu,Long Biên - Hà Nội,https://oto.com.vn/mua-ban-xe-mercedes-benz-e200-ha-noi/chat-xe-con-dep-noi-that-sieu-net-aidxc23349882
23368910,Mercedes-Benz E200 Exclusive V1 2022,1699000000.0,22/09/2025,2022,Máy xăng,Sedan,Xe cũ,30000,Số tự động,Trong nước,Cầu Giấy - Hà Nội,https://oto.com.vn/mua-ban-xe-mercedes-benz-e200-ha-noi/exclusiver-2022-aidxc23368910
23370333,Mercedes-Benz E200 Exclusive V1 2022,1680000000.0,25/09/2025,2022,Máy xăng,Sedan,Xe cũ,15188,Số tự động,Trong nước,Cầu Giấy - Hà Nội,https://oto.com.vn/mua-ban-xe-mercedes-benz-e200-ha-noi/gia-tot-nhat-thi-truong-khach-thien-chi-goi-ngay-khong-de-lo-xe-dep-aidxc23370333
23335356,Mercedes-Benz E200 E200 2019,1050000000.0,04/09/2025,2019,Máy xăng,Sedan,Xe cũ,50000,Số tự động,Nhập khẩu,Tây Hồ - Hà Nội,https://oto.com.vn/mua-ban-xe-mercedes-benz-e200-ha-noi/xe-da-len-nhieu-do-choi-tuabin-loa-xoay-mam-cpu-aidxc23335356
23369885,Mercedes-Benz E200 Exclusive 2022,1699000000.0,24/09/2025,2022,Máy xăng,Sedan,Xe cũ,28000,Số tự động,Nhập khẩu,Long Biên - Hà Nội,https://oto.com.vn/mua-ban-xe-mercedes-benz-e200-ha-noi/xe-lan-banh-28000-km-khong-dam-dung-aidxc23369885
23362449,Mercedes-Benz E200 E200 2019,1055000000.0,05/09/2025,2019,Máy xăng,Sedan,Xe cũ,40000,Số tự động,Nhập khẩu,Kiến An - Hải Phòng,https://oto.com.vn/mua-ban-xe-mercedes-benz-e200-hai-phong/xe-dep-sieu-luot-moi-det-aidxc23362449
23372094,Mercedes-Benz E200 2.0 I4 2016,759000000.0,01/10/2025,2016,Máy xăng,Sedan,Xe cũ,42000,Số tự động,Trong nước,Tp.HCM,https://oto.com.vn/mua-ban-xe-mercedes-benz-e200-hcm/2017-dang-cap-doanh-nhat-gia-re-sieu-dep-aidxc23372094
23358339,Mercedes-Benz E200 E200 2019,1039000000.0,25/09/2025,2019,Máy xăng,Sedan,Xe cũ,66000,Số tự động,Trong nước,Bình Tân - Tp.HCM,https://oto.com.vn/mua-ban-xe-mercedes-benz-e200-hcm/doden-aidxc23358339
23372357,Mercedes-Benz E200 E200 2019,1039000000.0,02/10/2025,2019,Máy xăng,Sedan,Xe cũ,60000,Số tự động,Trong nước,Tp.HCM,https://oto.com.vn/mua-ban-xe-mercedes-benz-e200-hcm/mercedes-facelift-model-2020-aidxc23372357
23372106,Mercedes-Benz E200 E200 2018,999000000.0,01/10/2025,2018,Máy xăng,Sedan,Xe cũ,65000,Số tự động,Trong nước,Tp.HCM,https://oto.com.vn/mua-ban-xe-mercedes-benz-e200-hcm/model-2019-mau-den-nt-nau-sieu-dep-gia-tot-aidxc23372106
23367345,Mercedes-Benz E200 E200 2019,999000000.0,18/09/2025,2019,Máy xăng,Sedan,Xe cũ,68000,Số tự động,Trong nước,Quận 7 - Tp.HCM,https://oto.com.vn/mua-ban-xe-mercedes-benz-e200-hcm/model-2020-cty-xuat-hoa-don-aidxc23367345
23239152,Mercedes-Benz E200 Exclusive 2019,998000000.0,09/09/2025,2019,Máy xăng,Sedan,Xe cũ,68000,Số tự động,Trong nước,Quận 7 - Tp.HCM,https://oto.com.vn/mua-ban-xe-mercedes-benz-e200-hcm/mot-chu-tu-moi-cty-xuat-hd-aidxc23239152
23331924,Mercedes-Benz E200 Exclusive 2019,1049000000.0,15/09/2025,2019,Máy xăng,Sedan,Xe cũ,64000,Số tự động,Nhập khẩu,Quận 7 - Tp.HCM,https://oto.com.vn/mua-ban-xe-mercedes-benz-e200-hcm/odo-40000-miles-aidxc23331924
23372355,Mercedes-Benz E200 E200 2016,788000000.0,02/10/2025,2016,Máy xăng,Sedan,Xe cũ,80000,Số tự động,Trong nước,Tp.HCM,https://oto.com.vn/mua-ban-xe-mercedes-benz-e200-hcm/odo-chuan-8v-aidxc23372355
23369498,Mercedes-Benz E200 Exclusive 2022,1699000000.0,23/09/2025,2022,Máy xăng,Sedan,Xe cũ,28000,Số tự động,Nhập khẩu,Quận 7 - Tp.HCM,https://oto.com.vn/mua-ban-xe-mercedes-benz-e200-hcm/tiet-kiem-ngay-800tr-bank-65-aidxc23369498
23369303,Mercedes-Benz E240 2000,110000000.0,23/09/2025,2000,Máy xăng,N/A,Xe cũ,1,Số sàn,Nhập khẩu,Bắc Giang,https://oto.com.vn/mua-ban-xe-mercedes-benz-e240-bac-giang/e-class-at-2000-aidxc23369303
23371156,Mercedes-Benz E240 2000,105000000.0,28/09/2025,2000,Máy xăng,Sedan,Xe cũ,1234,Số tự động,Trong nước,Bắc Ninh,https://oto.com.vn/mua-ban-xe-mercedes-benz-e240-bac-ninh/2000-toi-khong-ro-1234-km-aidxc23371156
23336079,Mercedes-Benz E240 2001,100000000.0,28/06/2025,2001,Máy xăng,Sedan,Xe cũ,100000,Số tự động,Nhập khẩu,Đà Nẵng,https://oto.com.vn/mua-ban-xe-mercedes-benz-e240-da-nang/thanh-ly-em-ay-gap-aidxc23336079
23195640,Mercedes-Benz E240 2006,368000000.0,17/09/2025,2006,Máy xăng,Sedan,Xe cũ,123456,Số tự động,Nhập khẩu,Bình Chánh - Tp.HCM,https://oto.com.vn/mua-ban-xe-mercedes-benz-e240-hcm/ban-re-bien-sieu-vip-tu-quy-1111-full-options-zin-a-z-tuyet-dep-co-102-aidxc23195640
23301837,Mercedes-Benz E240 2003,143000000.0,24/03/2025,2003,Máy xăng,Sedan,Xe cũ,95000,Số tự động,Trong nước,Quận 10 - Tp.HCM,https://oto.com.vn/mua-ban-xe-mercedes-benz-e240-hcm/can-ban-mercedes-mau-den-noi-that-kem-zin-xe-rat-dep-aidxc23301837
23372466,Mercedes-Benz E240 2003,110000000.0,02/10/2025,2003,Máy xăng,Sedan,Xe cũ,160000,Số tự động,Nhập khẩu,Tp.HCM,https://oto.com.vn/mua-ban-xe-mercedes-benz-e240-hcm/e-class-2003-160000-km-aidxc23372466
23363849,Mercedes-Benz E250 AMG 2015,500000000.0,10/09/2025,2015,Máy xăng,Sedan,Xe cũ,14000,Số tự động,Nhập khẩu,Đà Nẵng,https://oto.com.vn/mua-ban-xe-mercedes-benz-e250-da-nang/e-class-2015-amg-14000-km-aidxc23363849
23361811,Mercedes-Benz E250 E250 2018,979000000.0,04/09/2025,2018,Máy xăng,Sedan,Xe cũ,N/A,Số tự động,Nhập khẩu,Hà Nội,https://oto.com.vn/mua-ban-xe-mercedes-benz-e250-ha-noi/2018-so-tu-dong-aidxc23361811
23339610,Mercedes-Benz E250 E250 2011,320000000.0,17/09/2025,2011,Máy xăng,Sedan,Xe cũ,88000,Số tự động,Nhập khẩu,Long Biên - Hà Nội,https://oto.com.vn/mua-ban-xe-mercedes-benz-e250-ha-noi/bien-hn-ten-tu-nhan-gia-chi-hon-3-dong-aidxc23339610
23369091,Mercedes-Benz E250 E250 2009,295000000.0,22/09/2025,2009,Máy xăng,Sedan,Xe cũ,140000,Số tự động,Trong nước,Hà Nội,https://oto.com.vn/mua-ban-xe-mercedes-benz-e250-ha-noi/e-class-2009-140000-km-aidxc23369091
23368056,Mercedes-Benz E250 E250 2010,310000000.0,19/09/2025,2010,Máy xăng,Sedan,Xe cũ,12589,Số tự động,Nhập khẩu,Hà Nội,https://oto.com.vn/mua-ban-xe-mercedes-benz-e250-ha-noi/e-class-2010-xe-con-zin-nhieu-aidxc23368056
23370244,Mercedes-Benz E250 E250 2012,355000000.0,25/09/2025,2012,Máy xăng,Sedan,Xe cũ,120000,Số tự động,Nhập khẩu,Hà Nội,https://oto.com.vn/mua-ban-xe-mercedes-benz-e250-ha-noi/e-class-2012-355-trieu-aidxc23370244
23368143,Mercedes-Benz E250 E250 2014,535000000.0,20/09/2025,2014,Máy xăng,Sedan,Xe cũ,185000,Số tự động,Trong nước,Hà Nội,https://oto.com.vn/mua-ban-xe-mercedes-benz-e250-ha-noi/e-class-2014-185000-km-aidxc23368143
23364855,Mercedes-Benz E250 AMG 2015,529000000.0,12/09/2025,2015,Máy xăng,Sedan,Xe cũ,105000,Số tự động,Trong nước,Hà Nội,https://oto.com.vn/mua-ban-xe-mercedes-benz-e250-ha-noi/e-class-2015-amg-105000-km-aidxc23364855
23332922,Mercedes-Benz E250 2023,870000000.0,16/09/2025,2023,Máy xăng,Sedan,Xe cũ,45000,Số tự động,Nhập khẩu,Nam Từ Liêm - Hà Nội,https://oto.com.vn/mua-ban-xe-mercedes-benz-e250-ha-noi/gia-vo-cung-hop-li-full-lich-su-hang-aidxc23332922
23371304,Mercedes-Benz E250 E250 2014,488000000.0,29/09/2025,2014,Máy xăng,Sedan,Xe cũ,130000,Số tự động,Trong nước,Hà Nội,https://oto.com.vn/mua-ban-xe-mercedes-benz-e250-ha-noi/odo-13v-km-aidxc23371304
23354426,Mercedes-Benz E250 E250 2018,1030000000.0,19/09/2025,2018,Máy xăng,Sedan,Xe cũ,30000,Số tự động,Nhập khẩu,Long Biên - Hà Nội,https://oto.com.vn/mua-ban-xe-mercedes-benz-e250-ha-noi/xe-tu-nhan-1-chu-di-tu-dau-gia-sieu-soc-cho-anh-em-aidxc23354426
23369825,Mercedes-Benz E250 E250 2010,320000000.0,24/09/2025,2010,Máy xăng,Sedan,Xe cũ,148000,Số tự động,Nhập khẩu,Tp.HCM,https://oto.com.vn/mua-ban-xe-mercedes-benz-e250-hcm/2010-148000-km-aidxc23369825
23365064,Mercedes-Benz E250 2018,998000000.0,12/09/2025,2018,Máy xăng,Sedan,Xe cũ,1,Số tự động,Trong nước,Quận 7 - Tp.HCM,https://oto.com.vn/mua-ban-xe-mercedes-benz-e250-hcm/den-cuc-ngau-aidxc23365064
23362936,Mercedes-Benz E250 E250 2009,268000000.0,06/09/2025,2009,Máy xăng,Sedan,Xe cũ,120000,Số tự động,Trong nước,Tp.HCM,https://oto.com.vn/mua-ban-xe-mercedes-benz-e250-hcm/sx-2009-xe-gia-dinh-bao-dep-aidxc23362936
23365735,Mercedes-Benz E250 E250 2017,1080000000.0,14/09/2025,2017,Máy xăng,Sedan,Xe cũ,48000,Số tự động,Trong nước,Nghệ An,https://oto.com.vn/mua-ban-xe-mercedes-benz-e250-nghe-an/e-class-2017-48000-km-aidxc23365735
23335020,Mercedes-Benz E280 1994,200000000.0,23/06/2025,1994,Máy xăng,Sedan,Xe cũ,100000,Số tự động,Nhập khẩu,Đà Nẵng,https://oto.com.vn/mua-ban-xe-mercedes-benz-e280-da-nang/thanh-ly-em-ay-gap-aidxc23335020
23334117,Mercedes-Benz E280 2008,195000000.0,29/08/2025,2008,Máy xăng,Sedan,Xe cũ,260000,Số tự động,Nhập khẩu,Thanh Xuân - Hà Nội,https://oto.com.vn/mua-ban-xe-mercedes-benz-e280-ha-noi/du-ho-so-sang-ten-xe-1-chu-tu-moi-aidxc23334117
23369722,Mercedes-Benz E280 2008,250000000.0,24/09/2025,2008,Máy xăng,Sedan,Xe cũ,243421,Số tự động,Nhập khẩu,Hà Nội,https://oto.com.vn/mua-ban-xe-mercedes-benz-e280-ha-noi/e-class-2008-243421-km-aidxc23369722
23369711,Mercedes-Benz E280 2008,195000000.0,24/09/2025,2008,Máy xăng,Sedan,Xe cũ,200000,Số tự động,Trong nước,Gò Vấp - Tp.HCM,https://oto.com.vn/mua-ban-xe-mercedes-benz-e280-hcm/date-2008-xe-chuan-dep-zin-aidxc23369711
23367030,Mercedes-Benz E280 2006,138000000.0,17/09/2025,2006,Máy xăng,Sedan,Xe cũ,89000,N/A,Nhập khẩu,Tp.HCM,https://oto.com.vn/mua-ban-xe-mercedes-benz-e280-hcm/mer-doi-2006-xe-dep-gia138tr-xe-chinh-chu-ban-aidxc23367030
23369745,Mercedes-Benz E300 2010,360000000.0,24/09/2025,2010,Máy xăng,Sedan,Xe cũ,123456,Số tự động,Trong nước,Cần Thơ,https://oto.com.vn/mua-ban-xe-mercedes-benz-e300-can-tho/e-class-2010-123456-km-aidxc23369745
23369418,Mercedes-Benz E300 2017,859000000.0,24/09/2025,2017,Máy xăng,Sedan,Xe cũ,90000,Số tự động,Nhập khẩu,Hà Nội,https://oto.com.vn/mua-ban-xe-mercedes-benz-e300-ha-noi/1-chu-tu-dau-odo-9v-full-lich-su-bao-duong-aidxc23369418
23368272,Mercedes-Benz E300 AMG 2019,1389000000.0,20/09/2025,2019,Máy xăng,Sedan,Xe cũ,40000,Số tự động,Nhập khẩu,Hà Nội,https://oto.com.vn/mua-ban-xe-mercedes-benz-e300-ha-noi/2019-aidxc23368272
23371065,Mercedes-Benz E300 AMG 2019,1290000000.0,28/09/2025,2019,Máy xăng,Sedan,Xe cũ,36000,Số tự động,Nhập khẩu,Hà Nội,https://oto.com.vn/mua-ban-xe-mercedes-benz-e300-ha-noi/2019-so-tu-dong-aidxc23371065
22799402,Mercedes-Benz E300 2011,386000000.0,25/09/2025,2011,Máy xăng,Sedan,Xe cũ,100000,Số tự động,Trong nước,Cầu Giấy - Hà Nội,https://oto.com.vn/mua-ban-xe-mercedes-benz-e300-ha-noi/chinh-chu-ban-aidxc22799402
23369810,Mercedes-Benz E300 AMG 2019,1350000000.0,24/09/2025,2019,Máy xăng,Sedan,Xe cũ,40000,Số tự động,Nhập khẩu,Hà Nội,https://oto.com.vn/mua-ban-xe-mercedes-benz-e300-ha-noi/mercedes-amg-sieu-luot-40000-km-aidxc23369810
23370127,Mercedes-Benz E300 AMG 2021,1399000000.0,25/09/2025,2021,Máy xăng,Sedan,Xe cũ,3,Số tự động,Trong nước,Hải Phòng,https://oto.com.vn/mua-ban-xe-mercedes-benz-e300-hai-phong/2021-amg-3-km-aidxc23370127
23369593,Mercedes-Benz E300 AMG 2019,1299000000.0,24/09/2025,2019,Máy xăng,Sedan,Xe cũ,82000,Số tự động,Nhập khẩu,Tp.HCM,https://oto.com.vn/mua-ban-xe-mercedes-benz-e300-hcm/amg-2019-denden-aidxc23369593
23370534,Mercedes-Benz E300 AMG 2010,400000000.0,26/09/2025,2010,Máy xăng,Sedan,Xe cũ,63000,Số tự động,Trong nước,Tân Bình - Tp.HCM,https://oto.com.vn/mua-ban-xe-mercedes-benz-e300-hcm/can-ban-xe-dang-o-tan-binh-aidxc23370534
23320319,Mercedes-Benz E300 AMG 2021,1839000000.0,15/09/2025,2021,Máy xăng,Sedan,Xe cũ,33333,Số tự động,Trong nước,Quận 7 - Tp.HCM,https://oto.com.vn/mua-ban-xe-mercedes-benz-e300-hcm/chat-xe-sieu-luot-duy-nhat-thi-truong-aidxc23320319
23371907,Mercedes-Benz E300 AMG 2016,929000000.0,01/10/2025,2016,Máy xăng,Sedan,Xe cũ,78000,Số tự động,Trong nước,Tp.HCM,https://oto.com.vn/mua-ban-xe-mercedes-benz-e300-hcm/e-class-2016-amg-78000-km-aidxc23371907
23369245,Mercedes-Benz E300 AMG 2016,900000000.0,23/09/2025,2016,Máy xăng,Sedan,Xe cũ,87000,Số tự động,Trong nước,Tp.HCM,https://oto.com.vn/mua-ban-xe-mercedes-benz-e300-hcm/e-class-2016-amg-87000-km-aidxc23369245
23369105,Mercedes-Benz E300 AMG 2022,1899000000.0,22/09/2025,2022,Máy xăng,Sedan,Xe cũ,28900,Số tự động,Nhập khẩu,Gò Vấp - Tp.HCM,https://oto.com.vn/mua-ban-xe-mercedes-benz-e300-hcm/e-class-2022-amg-28900-km-aidxc23369105
23369671,Mercedes-Benz E300 AMG 2020,1468000000.0,24/09/2025,2020,Máy xăng,Sedan,Xe cũ,75000,Số tự động,Trong nước,Tp.HCM,https://oto.com.vn/mua-ban-xe-mercedes-benz-e300-hcm/mercedes-2020-amg-aidxc23369671
23362496,Mercedes-Benz E300 AMG 2021,1699000000.0,05/09/2025,2021,Máy xăng,Sedan,Xe cũ,41000,Số tự động,Nhập khẩu,Quận 2 - Tp.HCM,https://oto.com.vn/mua-ban-xe-mercedes-benz-e300-hcm/mercedes-amg-sx2021-odo-41000km-1-chu-nhu-moi-aidxc23362496
23372213,Mercedes-Benz E400 AMG 2015,1280000000.0,01/10/2025,2015,Máy xăng,Convertible,Xe cũ,70000,Số tự động,Nhập khẩu,Cầu Giấy - Hà Nội,https://oto.com.vn/mua-ban-xe-mercedes-benz-e400-ha-noi/mercedes-cabriolet-2015-sieu-pham-mui-tran-sang-chanh-hiem-co-kho-tim-aidxc23372213
23361942,Mercedes-Benz E400 AMG 2014,599000000.0,05/09/2025,2014,Máy xăng,Sedan,Xe cũ,1,Số tự động,Nhập khẩu,Hà Nội,https://oto.com.vn/mua-ban-xe-mercedes-benz-e400-ha-noi/mercedes-san-xuat-2014-aidxc23361942
23362265,Mercedes-Benz E400 AMG 2014,599000000.0,05/09/2025,2014,Máy xăng,Sedan,Xe cũ,1,Số tự động,Nhập khẩu,Hà Nội,https://oto.com.vn/mua-ban-xe-mercedes-benz-e400-ha-noi/mercedes-san-xuat-2014-aidxc23362265
23110079,Mercedes-Benz E400 AMG 2013,640000000.0,15/05/2025,2013,Máy xăng,Sedan,Xe cũ,120000,Số tự động,Trong nước,Thanh Xuân - Hà Nội,https://oto.com.vn/mua-ban-xe-mercedes-benz-e400-ha-noi/odo-12v-km-aidxc23110079
23327225,Mercedes-Benz E400 2014,590000000.0,28/06/2025,2014,Máy xăng,Sedan,Xe cũ,90000,Số tự động,Trong nước,Hoàng Mai - Hà Nội,https://oto.com.vn/mua-ban-xe-mercedes-benz-e400-ha-noi/sx2014-trang-noi-that-nau-sieu-dep-aidxc23327225
23372488,Mercedes-Benz E400 AMG 2014,599000000.0,02/10/2025,2014,Máy xăng,Sedan,Xe cũ,128000,Số tự động,Nhập khẩu,Tp.HCM,https://oto.com.vn/mua-ban-xe-mercedes-benz-e400-hcm/a-odo-8v-miles-aidxc23372488
23342985,Mercedes-Benz EQB 250 2025,2239000000.0,20/08/2025,2025,Điện,SUV,Xe cũ,1,Số tự động,Nhập khẩu,Quận 7 - Tp.HCM,https://oto.com.vn/mua-ban-xe-mercedes-benz-eqb-250-hcm/xe-dien-mau-rosegold-duy-nhat-vn-aidxc23342985
23349841,Mercedes-Benz EQE 500 4Matic 2023,3198000000.0,02/08/2025,2023,Máy xăng,N/A,Xe cũ,39999,Số tự động,Trong nước,Quận 7 - Tp.HCM,https://oto.com.vn/mua-ban-xe-mercedes-benz-eqe-500-hcm/bao-dau-bank-70-90-ib-zalo-tu-van-truc-tiep-247-aidxc23349841
23350315,Mercedes-Benz EQE 500 4Matic 2023,3199000000.0,04/08/2025,2023,Điện,SUV,Xe cũ,25000,Số tự động,Nhập khẩu,Quận 7 - Tp.HCM,https://oto.com.vn/mua-ban-xe-mercedes-benz-eqe-500-hcm/eqs500-aidxc23350315
23363820,Mercedes-Benz G63 2019,7450000000.0,10/09/2025,2019,Máy xăng,N/A,Xe cũ,50000,Số tự động,N/A,Hà Nội,https://oto.com.vn/mua-ban-xe-mercedes-benz-g63-ha-noi/2019-aidxc23363820
23369026,Mercedes-Benz G63 2022,9889000000.0,22/09/2025,2022,Máy xăng,N/A,Xe cũ,5400,Số tự động,N/A,Hà Nội,https://oto.com.vn/mua-ban-xe-mercedes-benz-g63-ha-noi/2022-aidxc23369026
23370748,Mercedes-Benz G63 2022,9990000000.0,27/09/2025,2022,Máy xăng,N/A,Xe cũ,17500,Số tự động,N/A,Hà Nội,https://oto.com.vn/mua-ban-xe-mercedes-benz-g63-ha-noi/2022-so-tu-dong-aidxc23370748
23336319,Mercedes-Benz G63 4.0 V8 2019,7439000000.0,29/08/2025,2019,Máy xăng,SUV,Xe cũ,65000,Số tự động,Nhập khẩu,Cầu Giấy - Hà Nội,https://oto.com.vn/mua-ban-xe-mercedes-benz-g63-ha-noi/ban-amg-san-xuat-2019-den-sieu-luot-aidxc23336319
23335672,Mercedes-Benz G63 4.0 V8 2022,10200000000.0,29/08/2025,2022,Máy xăng,SUV,Xe cũ,17000,Số tự động,Nhập khẩu,Cầu Giấy - Hà Nội,https://oto.com.vn/mua-ban-xe-mercedes-benz-g63-ha-noi/ban-amg-sx-2022-sieu-luot-aidxc23335672
23361485,Mercedes-Benz G63 4.0 V8 2019,7500000000.0,04/09/2025,2019,Máy xăng,SUV,Xe cũ,60000,Số tự động,Nhập khẩu,Hà Nội,https://oto.com.vn/mua-ban-xe-mercedes-benz-g63-ha-noi/g-class-2019-amg-60000-km-aidxc23361485
23368412,Mercedes-Benz G63 4.0 V8 2021,7600000000.0,20/09/2025,2021,Máy xăng,SUV,Xe cũ,80000,Số tự động,Nhập khẩu,Hà Nội,https://oto.com.vn/mua-ban-xe-mercedes-benz-g63-ha-noi/mercedes-2021-amg-odo-8-van-km-du-lich-su-aidxc23368412
23367417,Mercedes-Benz G63 4.0 V8 2022,9889000000.0,18/09/2025,2022,Máy xăng,SUV,Xe cũ,5000,Số tự động,Nhập khẩu,Hà Nội,https://oto.com.vn/mua-ban-xe-mercedes-benz-g63-ha-noi/sx-2022-sieu-moi-5000-km-aidxc23367417
23364353,Mercedes-Benz G63 2021,8779000000.0,11/09/2025,2021,Máy xăng,SUV,Xe cũ,N/A,Số tự động,Nhập khẩu,Hà Nội,https://oto.com.vn/mua-ban-xe-mercedes-benz-g63-ha-noi/sx2021-aidxc23364353
23367652,Mercedes-Benz G63 4.0 V8 2022,9990000000.0,18/09/2025,2022,Máy xăng,SUV,Xe cũ,16093,Số tự động,Nhập khẩu,Tây Hồ - Hà Nội,https://oto.com.vn/mua-ban-xe-mercedes-benz-g63-ha-noi/xe-dep-nhat-nhi-viet-namm-dang-ky-2025-aidxc23367652
23362662,Mercedes-Benz G63 4.0 V8 2021,7600000000.0,06/09/2025,2021,Máy xăng,SUV,Xe cũ,80000,Số tự động,Nhập khẩu,Long Biên - Hà Nội,https://oto.com.vn/mua-ban-xe-mercedes-benz-g63-ha-noi/xe-dep-sieu-chat-cho-ae-gia-re-12-so-voi-mua-moi-aidxc23362662
23371552,Mercedes-Benz G63 4.0 V8 2021,7990000000.0,29/09/2025,2021,Máy xăng,SUV,Xe cũ,17000,Số tự động,Nhập khẩu,Tp.HCM,https://oto.com.vn/mua-ban-xe-mercedes-benz-g63-hcm/amg-2021-7-ty-990-trieu-aidxc23371552
23364439,Mercedes-Benz G63 4.0 V8 2019,7399000000.0,11/09/2025,2019,Máy xăng,SUV,Xe cũ,65000,Số tự động,Nhập khẩu,Quận 8 - Tp.HCM,https://oto.com.vn/mua-ban-xe-mercedes-benz-g63-hcm/amg-len-tull-brabus-modle-2020-aidxc23364439
23365170,Mercedes-Benz G63 4.0 V8 2021,10000000000.0,13/09/2025,2021,Máy xăng,SUV,Xe cũ,45000,Số tự động,Nhập khẩu,Tp.HCM,https://oto.com.vn/mua-ban-xe-mercedes-benz-g63-hcm/amg-nhap-tu-nhan-sx-2022-aidxc23365170
23353652,Mercedes-Benz G63 4.0 V8 2021,9650000000.0,18/09/2025,2021,Máy xăng,SUV,Xe cũ,20000,Số tự động,Nhập khẩu,Quận 7 - Tp.HCM,https://oto.com.vn/mua-ban-xe-mercedes-benz-g63-hcm/suv-cao-cap-nhap-khau-nguyen-chiec-aidxc23353652
23330706,Mercedes-Benz GL 320 CDI 2008,410000000.0,09/06/2025,2008,Máy dầu,SUV,Xe cũ,100000,Số tự động,Nhập khẩu,Tp.HCM,https://oto.com.vn/mua-ban-xe-mercedes-benz-gl-320-hcm/xe-dep-leng-keng-chuan-chinh-phap-ly-aidxc23330706
23049546,Mercedes-Benz GL 350 4Matic 2009,680000000.0,15/05/2025,2009,Máy xăng,SUV,Xe cũ,130000,Số tự động,Trong nước,Thanh Xuân - Hà Nội,https://oto.com.vn/mua-ban-xe-mercedes-benz-gl-350-ha-noi/680-trieu-aidxc23049546
23353509,Mercedes-Benz GL 350 2009,440000000.0,12/08/2025,2009,Máy dầu,SUV,Xe cũ,110000,Số tự động,Nhập khẩu,Cầu Giấy - Hà Nội,https://oto.com.vn/mua-ban-xe-mercedes-benz-gl-350-ha-noi/can-ban-mercedes-gl-class-2009-chinh-chu-aidxc23353509
23364108,Mercedes-Benz GL 400 4Matic 2015,969000000.0,11/09/2025,2015,Máy xăng,SUV,Xe cũ,95000,Số tự động,Nhập khẩu,Cầu Giấy - Hà Nội,https://oto.com.vn/mua-ban-xe-mercedes-benz-gl-400-ha-noi/re-ma-dep-aidxc23364108
23370072,Mercedes-Benz GL 400 4Matic 2015,980000000.0,25/09/2025,2015,Máy xăng,SUV,Xe cũ,95000,Số tự động,Nhập khẩu,Cầu Giấy - Hà Nội,https://oto.com.vn/mua-ban-xe-mercedes-benz-gl-400-ha-noi/sieu-dep-aidxc23370072
23368541,Mercedes-Benz GL 450 2007,365000000.0,21/09/2025,2007,Máy xăng,SUV,Xe cũ,66000,Số tự động,Nhập khẩu,Tp.HCM,https://oto.com.vn/mua-ban-xe-mercedes-benz-gl-450-hcm/doi-cuoi-2007-aidxc23368541
23332057,Mercedes-Benz GL 450 2007,459000000.0,13/06/2025,2007,Máy xăng,N/A,Xe cũ,181000,Số tự động,Nhập khẩu,Quận 7 - Tp.HCM,https://oto.com.vn/mua-ban-xe-mercedes-benz-gl-450-hcm/gia-chi-459-trieu-aidxc23332057
23354883,Mercedes-Benz GL 450 2008,335000000.0,18/09/2025,2008,Máy xăng,SUV,Xe cũ,89800,Số tự động,Nhập khẩu,Bình Thạnh - Tp.HCM,https://oto.com.vn/mua-ban-xe-mercedes-benz-gl-450-hcm/merc-gl450-nhap-2008-hang-full-cua-so-troi-paroma-nhung-hoi-nang-ha-ngam-va-aidxc23354883
23282448,Mercedes-Benz GL 450 2009,370000000.0,24/07/2025,2009,Máy xăng,SUV,Xe cũ,88780,Số tự động,Nhập khẩu,Bình Thạnh - Tp.HCM,https://oto.com.vn/mua-ban-xe-mercedes-benz-gl-450-hcm/merc-gl450-nhap-my-2009-mot-chu-sg-trum-men-chay-hon-88van-bao-test-zin-90-rat-moi-ko-co-aidxc23282448
23350970,Mercedes-Benz GL 550 GL550 2009,445000000.0,05/08/2025,2009,Máy xăng,SUV,Xe cũ,160000,Số tự động,Nhập khẩu,Long Biên - Hà Nội,https://oto.com.vn/mua-ban-xe-mercedes-benz-gl-550-ha-noi/full-option-nhap-my-aidxc23350970
23366058,Mercedes-Benz GL 550 GL550 2008,500000000.0,15/09/2025,2008,Máy xăng,SUV,Xe cũ,245000,Số tự động,Nhập khẩu,Tp.HCM,https://oto.com.vn/mua-ban-xe-mercedes-benz-gl-550-hcm/ban-xe-mercedes-aidxc23366058
23300298,Mercedes-Benz GL 550 GL550 2012,1098000000.0,20/03/2025,2012,Máy xăng,SUV,Xe cũ,80000,Số tự động,Nhập khẩu,Quận 7 - Tp.HCM,https://oto.com.vn/mua-ban-xe-mercedes-benz-gl-550-hcm/model-2013-up-full-len-gls500-2016-aidxc23300298
23301556,Mercedes-Benz GL 550 GL550 2013,1139000000.0,22/03/2025,2013,Máy xăng,SUV,Xe cũ,152000,Số tự động,Nhập khẩu,Quận 7 - Tp.HCM,https://oto.com.vn/mua-ban-xe-mercedes-benz-gl-550-hcm/nhap-my-ban-designo-hiem-aidxc23301556
23301027,Mercedes-Benz GL 550 GL550 2012,1039000000.0,21/03/2025,2012,Máy xăng,SUV,Xe cũ,122000,Số tự động,Nhập khẩu,Quận 7 - Tp.HCM,https://oto.com.vn/mua-ban-xe-mercedes-benz-gl-550-hcm/up-form-gls-day-du-tinh-nang-toan-do-moi-aidxc23301027
23298748,Mercedes-Benz GL 550 GL550 2012,1099000000.0,17/03/2025,2012,Máy xăng,SUV,Xe cũ,130000,Số tự động,Nhập khẩu,Quận 7 - Tp.HCM,https://oto.com.vn/mua-ban-xe-mercedes-benz-gl-550-hcm/up-full-gls500-2016-aidxc23298748
23362827,Mercedes-Benz GLA 250 2015,525000000.0,06/09/2025,2015,Máy xăng,SUV,Xe cũ,N/A,Số tự động,Nhập khẩu,Tp.HCM,https://oto.com.vn/mua-ban-xe-mercedes-benz-gla-250-hcm/2015-so-tu-dong-tai-tp-aidxc23362827
23362719,Mercedes-Benz GLA 250 4Matic 2016,555000000.0,06/09/2025,2016,Máy xăng,SUV,Xe cũ,57379,Số tự động,Nhập khẩu,Tp.HCM,https://oto.com.vn/mua-ban-xe-mercedes-benz-gla-250-hcm/gla-class-2016-250-4matic-57379-km-aidxc23362719
23349338,Mercedes-Benz GLA 45 AMG 2015,678000000.0,05/09/2025,2015,Máy xăng,Crossover,Xe cũ,85000,Số tự động,Nhập khẩu,Hà Nội,https://oto.com.vn/mua-ban-xe-mercedes-benz-gla-45-ha-noi/xe-sang-trong-phong-cach-the-thao-aidxc23349338
23370893,Mercedes-Benz GLA 45 AMG 2015,679000000.0,27/09/2025,2015,Máy xăng,SUV,Xe cũ,63000,Số tự động,Nhập khẩu,Tp.HCM,https://oto.com.vn/mua-ban-xe-mercedes-benz-gla-45-hcm/2015-tai-tp-aidxc23370893
23282960,Mercedes-Benz GLA 45 4Matic 2015,739000000.0,18/04/2025,2015,Máy xăng,Sedan,Xe cũ,53000,Số tự động,Nhập khẩu,Quận 7 - Tp.HCM,https://oto.com.vn/mua-ban-xe-mercedes-benz-gla-45-hcm/chat-xe-dep-bank-65-70-gia-tri-xe-aidxc23282960
23365778,Mercedes-Benz GLA 45 AMG 2014,639000000.0,14/09/2025,2014,Máy xăng,SUV,Xe cũ,90000,Số tự động,Nhập khẩu,Tp.HCM,https://oto.com.vn/mua-ban-xe-mercedes-benz-gla-45-hcm/gla-class-2014-90000-km-aidxc23365778
23364576,Mercedes-Benz GLA 45 AMG 2015,659000000.0,12/09/2025,2015,Máy xăng,SUV,Xe cũ,66000,Số tự động,Nhập khẩu,Quận 1 - Tp.HCM,https://oto.com.vn/mua-ban-xe-mercedes-benz-gla-45-hcm/gla45-amg-eiditions-one-sx-2015-aidxc23364576
23370044,Mercedes-Benz GLA 45 AMG 2015,678000000.0,25/09/2025,2015,Máy xăng,SUV,Xe cũ,60000,Số tự động,Nhập khẩu,Tp.HCM,https://oto.com.vn/mua-ban-xe-mercedes-benz-gla-45-hcm/mer-gla45-amg-60000-km-zin-nguyen-ban-aidxc23370044
23371357,Mercedes-Benz GLA 45 AMG 2015,639000000.0,29/09/2025,2015,Máy xăng,SUV,Xe cũ,92000,Số tự động,Nhập khẩu,Tp.HCM,https://oto.com.vn/mua-ban-xe-mercedes-benz-gla-45-hcm/mercedes-full-optine-sieu-dep-xin-xo-a-aidxc23371357
23351063,Mercedes-Benz GLA 45 4Matic 2014,580000000.0,05/09/2025,2014,Máy xăng,SUV,Xe cũ,70000,Số tự động,Nhập khẩu,Quận 7 - Tp.HCM,https://oto.com.vn/mua-ban-xe-mercedes-benz-gla-45-hcm/mercedes-gla45-2014-moden-2015-aidxc23351063
23287016,Mercedes-Benz GLA 45S 4Matic+ 2024,2799000000.0,26/06/2025,2024,Máy xăng,SUV,Xe cũ,10,Số tự động,Nhập khẩu,Quận 7 - Tp.HCM,https://oto.com.vn/mua-ban-xe-mercedes-benz-gla-45s-hcm/mau-den-bao-ngau-the-thao-aidxc23287016
23362313,Mercedes-Benz GLB 200 2021,1199000000.0,05/09/2025,2021,Máy xăng,SUV,Xe cũ,64500,Số tự động,Nhập khẩu,Hà Nội,https://oto.com.vn/mua-ban-xe-mercedes-benz-glb-200-ha-noi/2021-aidxc23362313
23341031,Mercedes-Benz GLB 200 2021,1298000000.0,14/07/2025,2021,Máy xăng,N/A,Xe cũ,20000,Số tự động,Trong nước,Quận 7 - Tp.HCM,https://oto.com.vn/mua-ban-xe-mercedes-benz-glb-200-hcm/bao-dau-bank-70-90-ib-zalo-tu-van-truc-tiep-247-aidxc23341031
23348977,Mercedes-Benz GLB 200 2021,1198000000.0,30/07/2025,2021,Máy xăng,N/A,Xe cũ,60000,Số tự động,Nhập khẩu,Quận 7 - Tp.HCM,https://oto.com.vn/mua-ban-xe-mercedes-benz-glb-200-hcm/bao-dau-bank-70-90-ib-zalo-tu-van-truc-tiep-247-aidxc23348977
23350738,Mercedes-Benz GLB 200 2021,1198000000.0,05/08/2025,2021,Máy xăng,N/A,Xe cũ,60000,Số tự động,Nhập khẩu,Quận 7 - Tp.HCM,https://oto.com.vn/mua-ban-xe-mercedes-benz-glb-200-hcm/bao-dau-bank-70-90-ib-zalo-tu-van-truc-tiep-247-aidxc23350738
23340200,Mercedes-Benz GLB 200 AMG 2021,1299000000.0,12/07/2025,2021,Máy xăng,SUV,Xe cũ,20000,Số tự động,Nhập khẩu,Quận 7 - Tp.HCM,https://oto.com.vn/mua-ban-xe-mercedes-benz-glb-200-hcm/den-den-aidxc23340200
23336538,Mercedes-Benz GLB 200 AMG 2021,1399000000.0,01/07/2025,2021,Máy xăng,SUV,Xe cũ,35200,Số tự động,Nhập khẩu,Quận 7 - Tp.HCM,https://oto.com.vn/mua-ban-xe-mercedes-benz-glb-200-hcm/ho-tro-tra-gop-xe-dep-chu-di-giu-gin-gia-tot-aidxc23336538
23348955,Mercedes-Benz GLB 200 AMG 2021,1199000000.0,30/07/2025,2021,Máy xăng,SUV,Xe cũ,61000,Số tự động,Nhập khẩu,Quận 7 - Tp.HCM,https://oto.com.vn/mua-ban-xe-mercedes-benz-glb-200-hcm/mercedes-glb200-amg-2021-cuc-dep-aidxc23348955
23349242,Mercedes-Benz GLB 200 2021,1158000000.0,04/09/2025,2021,Máy xăng,SUV,Xe cũ,64000,Số tự động,Nhập khẩu,Quận 7 - Tp.HCM,https://oto.com.vn/mua-ban-xe-mercedes-benz-glb-200-hcm/model-2022-7-cho-nhap-khau-len-nhieu-options-hang-aidxc23349242
23366936,Mercedes-Benz GLB 200 2022,1258000000.0,17/09/2025,2022,Máy xăng,SUV,Xe cũ,46000,Số tự động,Nhập khẩu,Quận 7 - Tp.HCM,https://oto.com.vn/mua-ban-xe-mercedes-benz-glb-200-hcm/model-2023-mot-chu-tu-moi-bao-hanh-hang-den-2026-aidxc23366936
23349167,Mercedes-Benz GLB 200 4MATIC 2.0L 2022,1198000000.0,31/07/2025,2022,Máy xăng,SUV,Xe cũ,60000,Số tự động,Nhập khẩu,Quận 7 - Tp.HCM,https://oto.com.vn/mua-ban-xe-mercedes-benz-glb-200-hcm/ngoai-that-trang-noi-that-kem-cao-cap-aidxc23349167
23339704,Mercedes-Benz GLB 200 AMG 2021,1298000000.0,09/07/2025,2021,Máy xăng,SUV,Xe cũ,20000,Số tự động,Nhập khẩu,Quận 7 - Tp.HCM,https://oto.com.vn/mua-ban-xe-mercedes-benz-glb-200-hcm/nhap-khau-mot-chu-tu-moi-aidxc23339704
23367430,Mercedes-Benz GLB 200 AMG 2022,1259000000.0,18/09/2025,2022,Máy xăng,SUV,Xe cũ,20000,Số tự động,Nhập khẩu,Quận 7 - Tp.HCM,https://oto.com.vn/mua-ban-xe-mercedes-benz-glb-200-hcm/suv-7-cho-sieu-dep-nha-merc-aidxc23367430
23337812,Mercedes-Benz GLB 200 AMG 2021,1199000000.0,06/09/2025,2021,Máy xăng,SUV,Xe cũ,65000,Số tự động,Nhập khẩu,Quận 7 - Tp.HCM,https://oto.com.vn/mua-ban-xe-mercedes-benz-glb-200-hcm/trang-den-aidxc23337812
23349265,Mercedes-Benz GLB 200 AMG 2021,1199000000.0,09/09/2025,2021,Máy xăng,SUV,Xe cũ,64400,Số tự động,Nhập khẩu,Quận 7 - Tp.HCM,https://oto.com.vn/mua-ban-xe-mercedes-benz-glb-200-hcm/trang-den-aidxc23349265
23366191,Mercedes-Benz GLB 200 AMG 2022,1259000000.0,15/09/2025,2022,Máy xăng,SUV,Xe cũ,47000,Số tự động,Nhập khẩu,Quận 7 - Tp.HCM,https://oto.com.vn/mua-ban-xe-mercedes-benz-glb-200-hcm/xanh-den-aidxc23366191
23307884,Mercedes-Benz GLB 35 AMG 2021,1690000000.0,06/04/2025,2021,Máy xăng,SUV,Xe cũ,25000,Số tự động,Nhập khẩu,Quận 7 - Tp.HCM,https://oto.com.vn/mua-ban-xe-mercedes-benz-glb-35-hcm/luot-2vkm-1-chu-tu-moi-full-lich-su-hang-aidxc23307884
23368001,Mercedes-Benz GLB 35 AMG 2021,1499000000.0,19/09/2025,2021,Máy xăng,SUV,Xe cũ,550000,Số tự động,Nhập khẩu,Tp.HCM,https://oto.com.vn/mua-ban-xe-mercedes-benz-glb-35-hcm/mercedes-amg-nhap-mexico-sx2021-di-55k-km-aidxc23368001
23370437,Mercedes-Benz GLC 200 4Matic 2020,1190000000.0,26/09/2025,2020,Máy xăng,SUV,Xe cũ,60000,Số tự động,Nhập khẩu,Hoàng Mai - Hà Nội,https://oto.com.vn/mua-ban-xe-mercedes-benz-glc-200-ha-noi/4matic-san-xuat-va-dang-ky-cuoi-nam-2020-xe-1-chu-tu-moii-aidxc23370437
23368421,Mercedes-Benz GLC 200 4Matic 2023,1920000000.0,20/09/2025,2023,Máy xăng,SUV,Xe cũ,9000,Số tự động,Trong nước,Long Biên - Hà Nội,https://oto.com.vn/mua-ban-xe-mercedes-benz-glc-200-ha-noi/can-ban-mercedes-glc200-4matic-sx-2023-sieu-luot-9000km-aidxc23368421
23346458,Mercedes-Benz GLC 200 4Matic 2021,1280000000.0,04/09/2025,2021,Máy xăng,SUV,Xe cũ,40000,Số tự động,Trong nước,Tây Hồ - Hà Nội,https://oto.com.vn/mua-ban-xe-mercedes-benz-glc-200-ha-noi/xe-con-nguyen-zin-bao-check-thoai-mai-aidxc23346458
23371892,Mercedes-Benz GLC 200 4Matic 2018,850000000.0,30/09/2025,2018,Máy xăng,SUV,Xe cũ,110000,Số tự động,Nhập khẩu,Đống Đa - Hà Nội,https://oto.com.vn/mua-ban-xe-mercedes-benz-glc-200-ha-noi/xe-sang-trong-mau-den-dang-cap-aidxc23371892
23331509,Mercedes-Benz GLC 200 4Matic 2018,880000000.0,11/09/2025,2018,Máy xăng,SUV,Xe cũ,86000,Số tự động,Trong nước,Kiến An - Hải Phòng,https://oto.com.vn/mua-ban-xe-mercedes-benz-glc-200-hai-phong/mau-do-noi-that-kem-aidxc23331509
23364882,Mercedes-Benz GLC 200 4Matic 2019,989000000.0,12/09/2025,2019,Máy xăng,SUV,Xe cũ,46000,Số tự động,Nhập khẩu,Quận 7 - Tp.HCM,https://oto.com.vn/mua-ban-xe-mercedes-benz-glc-200-hcm/chuyen-merc-gia-cuc-tot-aidxc23364882
23320241,Mercedes-Benz GLC 200 4Matic 2022,1399000000.0,24/09/2025,2022,Máy xăng,SUV,Xe cũ,40000,Số tự động,Trong nước,Quận 7 - Tp.HCM,https://oto.com.vn/mua-ban-xe-mercedes-benz-glc-200-hcm/do-kem-uu-dai-cuc-soc-aidxc23320241
23338967,Mercedes-Benz GLC 200 4Matic 2022,1399000000.0,15/09/2025,2022,Máy xăng,SUV,Xe cũ,45000,Số tự động,Trong nước,Quận 7 - Tp.HCM,https://oto.com.vn/mua-ban-xe-mercedes-benz-glc-200-hcm/ho-tro-tra-gop-70-noi-that-nhu-moi-1-chu-giu-gin-giay-to-minh-bach-day-du-aidxc23338967
23371635,Mercedes-Benz GLC 200 4Matic 2021,1299000000.0,30/09/2025,2021,Máy xăng,SUV,Xe cũ,53000,Số tự động,Nhập khẩu,Quận 7 - Tp.HCM,https://oto.com.vn/mua-ban-xe-mercedes-benz-glc-200-hcm/mau-do-kem-rat-dep-bank-65-aidxc23371635
23277491,Mercedes-Benz GLC 200 4Matic 2021,1399000000.0,24/09/2025,2021,Máy xăng,SUV,Xe cũ,60000,Số tự động,Trong nước,Quận 7 - Tp.HCM,https://oto.com.vn/mua-ban-xe-mercedes-benz-glc-200-hcm/mau-trang-xuat-hoa-don-du-aidxc23277491
23361119,Mercedes-Benz GLC 200 4Matic 2022,1180000000.0,02/09/2025,2022,Máy xăng,SUV,Xe cũ,59000,Số tự động,Nhập khẩu,Gò Vấp - Tp.HCM,https://oto.com.vn/mua-ban-xe-mercedes-benz-glc-200-hcm/mercedes-4matic-model-2022-aidxc23361119
23347589,Mercedes-Benz GLC 200 2022,1358000000.0,28/09/2025,2022,Máy xăng,SUV,Xe cũ,27000,Số tự động,Trong nước,Quận 7 - Tp.HCM,https://oto.com.vn/mua-ban-xe-mercedes-benz-glc-200-hcm/model-2023-mot-chu-bao-hanh-hang-dai-aidxc23347589
23367994,Mercedes-Benz GLC 200 V1 2022,1358000000.0,19/09/2025,2022,Máy xăng,SUV,Xe cũ,28000,Số tự động,Trong nước,Quận 7 - Tp.HCM,https://oto.com.vn/mua-ban-xe-mercedes-benz-glc-200-hcm/suv-da-dung-gam-cao-trang-bi-hien-dai-aidxc23367994
23372523,Mercedes-Benz GLC 200 4Matic 2021,1299000000.0,02/10/2025,2021,Máy xăng,SUV,Xe cũ,52222,Số tự động,Nhập khẩu,Quận 7 - Tp.HCM,https://oto.com.vn/mua-ban-xe-mercedes-benz-glc-200-hcm/suv-gam-cao-sang-trong-2021-aidxc23372523
23371882,Mercedes-Benz GLC 200 2019,989000000.0,30/09/2025,2019,Máy xăng,SUV,Xe cũ,74000,Số tự động,Trong nước,Bình Tân - Tp.HCM,https://oto.com.vn/mua-ban-xe-mercedes-benz-glc-200-hcm/xe-dep-noi-that-nau-ho-tro-ngan-hang-aidxc23371882
23334659,Mercedes-Benz GLC 200 V1 2022,1379000000.0,19/09/2025,2022,Máy xăng,SUV,Xe cũ,28000,Số tự động,Trong nước,Bình Tân - Tp.HCM,https://oto.com.vn/mua-ban-xe-mercedes-benz-glc-200-hcm/xe-san-xuat-2022-chat-luong-nhu-moi-aidxc23334659
23371890,Mercedes-Benz GLC 250 4Matic 2017,700000000.0,30/09/2025,2017,Máy xăng,SUV,Xe cũ,50000,Số tự động,Nhập khẩu,Tây Hồ - Hà Nội,https://oto.com.vn/mua-ban-xe-mercedes-benz-glc-250-ha-noi/gia-re-kho-tim-bao-check-xe-thoai-mai-aidxc23371890
23367090,Mercedes-Benz GLC 250 4Matic 2017,839000000.0,18/09/2025,2017,Máy xăng,SUV,Xe cũ,110000,Số tự động,Nhập khẩu,Hà Nội,https://oto.com.vn/mua-ban-xe-mercedes-benz-glc-250-ha-noi/mau-trang-noi-that-kem-aidxc23367090
23367656,Mercedes-Benz GLC 250 4Matic 2017,790000000.0,18/09/2025,2017,Máy xăng,SUV,Xe cũ,50000,Số tự động,Nhập khẩu,Tây Hồ - Hà Nội,https://oto.com.vn/mua-ban-xe-mercedes-benz-glc-250-ha-noi/xe-chu-di-it-bao-check-chat-luong-xe-aidxc23367656
23348273,Mercedes-Benz GLC 250 4Matic 2017,855000000.0,04/09/2025,2017,Máy xăng,SUV,Xe cũ,63000,Số tự động,Nhập khẩu,Thanh Xuân - Hà Nội,https://oto.com.vn/mua-ban-xe-mercedes-benz-glc-250-ha-noi/xe-luot-chat-luong-cao-da-bao-duong-ky-cang-aidxc23348273
23370923,Mercedes-Benz GLC 250 4Matic 2017,779000000.0,27/09/2025,2017,Máy xăng,SUV,Xe cũ,110000,Số tự động,Nhập khẩu,Hải Phòng,https://oto.com.vn/mua-ban-xe-mercedes-benz-glc-250-hai-phong/4matic-2017-779-trieu-aidxc23370923
23333825,Mercedes-Benz GLC 250 4Matic 2017,820000000.0,20/09/2025,2017,Máy xăng,SUV,Xe cũ,94000,Số tự động,Nhập khẩu,Kiến An - Hải Phòng,https://oto.com.vn/mua-ban-xe-mercedes-benz-glc-250-hai-phong/dep-net-qua-on-trong-tam-gia-800-cu-aidxc23333825
23372290,Mercedes-Benz GLC 250 4Matic 2019,1059000000.0,02/10/2025,2019,Máy xăng,SUV,Xe cũ,N/A,Số tự động,Nhập khẩu,Tp.HCM,https://oto.com.vn/mua-ban-xe-mercedes-benz-glc-250-hcm/bao-duong-full-lich-su-hang-aidxc23372290
23371432,Mercedes-Benz GLC 250 4Matic 2017,838000000.0,29/09/2025,2017,Máy xăng,SUV,Xe cũ,78000,Số tự động,Trong nước,Quận 7 - Tp.HCM,https://oto.com.vn/mua-ban-xe-mercedes-benz-glc-250-hcm/bien-so-aidxc23371432
23353740,Mercedes-Benz GLC 250 4Matic 2017,999000000.0,24/09/2025,2017,Máy xăng,SUV,Xe cũ,70000,Số tự động,Trong nước,Quận 7 - Tp.HCM,https://oto.com.vn/mua-ban-xe-mercedes-benz-glc-250-hcm/do-full-300-trieu-aidxc23353740
23371000,Mercedes-Benz GLC 250 4Matic 2018,839000000.0,27/09/2025,2018,Máy xăng,SUV,Xe cũ,80000,Số tự động,Nhập khẩu,Quận 7 - Tp.HCM,https://oto.com.vn/mua-ban-xe-mercedes-benz-glc-250-hcm/mau-nau-cuc-hiem-aidxc23371000
23372103,Mercedes-Benz GLC 250 4Matic 2018,1059000000.0,01/10/2025,2018,Máy xăng,SUV,Xe cũ,20000,Số tự động,Nhập khẩu,Quận 7 - Tp.HCM,https://oto.com.vn/mua-ban-xe-mercedes-benz-glc-250-hcm/model-2019-gia-tot-lien-he-ngay-aidxc23372103
23366189,Mercedes-Benz GLC 250 2017,839000000.0,15/09/2025,2017,Máy xăng,SUV,Xe cũ,78000,Số tự động,Trong nước,Quận 7 - Tp.HCM,https://oto.com.vn/mua-ban-xe-mercedes-benz-glc-250-hcm/trang-den-aidxc23366189
23370324,Mercedes-Benz GLC 250 4Matic 2019,899000000.0,25/09/2025,2019,Máy xăng,SUV,Xe cũ,92000,Số tự động,Trong nước,Quận 7 - Tp.HCM,https://oto.com.vn/mua-ban-xe-mercedes-benz-glc-250-hcm/trang-nau-aidxc23370324
23369620,Mercedes-Benz GLC 250 4Matic 2018,839000000.0,24/09/2025,2018,Máy xăng,SUV,Xe cũ,76,Số tự động,Trong nước,Quận 7 - Tp.HCM,https://oto.com.vn/mua-ban-xe-mercedes-benz-glc-250-hcm/trang-sieu-dep-aidxc23369620
23365065,Mercedes-Benz GLC 250 4Matic 2017,858000000.0,12/09/2025,2017,Máy xăng,SUV,Xe cũ,1,Số tự động,Trong nước,Quận 7 - Tp.HCM,https://oto.com.vn/mua-ban-xe-mercedes-benz-glc-250-hcm/trang-sieu-dep-bao-test-hang-aidxc23365065
23316731,Mercedes-Benz GLC 300 4Matic 2020,1535000000.0,04/09/2025,2020,Máy xăng,SUV,Xe cũ,48000,Số tự động,Trong nước,Long Biên - Hà Nội,https://oto.com.vn/mua-ban-xe-mercedes-benz-glc-300-ha-noi/1-ty-535-trieu-aidxc23316731
23363142,Mercedes-Benz GLC 300 4Matic 2020,1539000000.0,08/09/2025,2020,Máy xăng,SUV,Xe cũ,60000,Số tự động,Nhập khẩu,Hà Nội,https://oto.com.vn/mua-ban-xe-mercedes-benz-glc-300-ha-noi/mau-trang-noi-that-den-odo-6v-kilomet-bao-duong-full-lich-su-hang-1-chu-mua-moi-tu-dau-aidxc23363142
23367429,Mercedes-Benz GLC 300 4Matic 2021,1535000000.0,18/09/2025,2021,Máy xăng,SUV,Xe cũ,59881,Số tự động,Nhập khẩu,Thanh Xuân - Hà Nội,https://oto.com.vn/mua-ban-xe-mercedes-benz-glc-300-ha-noi/mercedes-4matic-2021-ban-xe-o-to-cu-uy-tin-tai-aidxc23367429
23335354,Mercedes-Benz GLC 300 2019,1150000000.0,04/09/2025,2019,Máy xăng,N/A,Xe cũ,50000,Số tự động,Trong nước,Tây Hồ - Hà Nội,https://oto.com.vn/mua-ban-xe-mercedes-benz-glc-300-ha-noi/mot-chu-tu-moi-aidxc23335354
23350613,Mercedes-Benz GLC 300 4Matic V1 2022,1839000000.0,04/09/2025,2022,Máy xăng,SUV,Xe cũ,32000,Số tự động,Trong nước,Long Biên - Hà Nội,https://oto.com.vn/mua-ban-xe-mercedes-benz-glc-300-ha-noi/san-xuat-2022-dang-ky-042023-aidxc23350613
23369633,Mercedes-Benz GLC 300 4Matic 2023,2298000000.0,24/09/2025,2023,Máy xăng,N/A,Xe cũ,28000,Số tự động,Trong nước,Quận 7 - Tp.HCM,https://oto.com.vn/mua-ban-xe-mercedes-benz-glc-300-hcm/bao-dau-bank-70-90-ib-zalo-tu-van-truc-tiep-247-aidxc23369633
23372080,Mercedes-Benz GLC 300 2018,1199000000.0,01/10/2025,2018,Máy xăng,SUV,Xe cũ,40000,Số tự động,Trong nước,Tp.HCM,https://oto.com.vn/mua-ban-xe-mercedes-benz-glc-300-hcm/dang-ky-72022-40000-km-aidxc23372080
23331061,Mercedes-Benz GLC 300 4Matic 2019,1088000000.0,15/09/2025,2019,Máy xăng,SUV,Xe cũ,83000,Số tự động,Trong nước,Quận 7 - Tp.HCM,https://oto.com.vn/mua-ban-xe-mercedes-benz-glc-300-hcm/dep-nhu-moi-co-thuong-luong-gia-aidxc23331061
23371945,Mercedes-Benz GLC 300 4Matic 2019,1068000000.0,01/10/2025,2019,Máy xăng,SUV,Xe cũ,67999,Số tự động,Trong nước,Tp.HCM,https://oto.com.vn/mua-ban-xe-mercedes-benz-glc-300-hcm/glc-2019-300-4matic-67999-km-aidxc23371945
23372114,Mercedes-Benz GLC 300 2017,1150000000.0,01/10/2025,2017,Máy xăng,SUV,Xe cũ,80,Số tự động,Nhập khẩu,Tp.HCM,https://oto.com.vn/mua-ban-xe-mercedes-benz-glc-300-hcm/glc-class-2017-300-80-km-aidxc23372114
23353452,Mercedes-Benz GLC 300 4Matic 2017,899000000.0,15/09/2025,2017,Máy xăng,SUV,Xe cũ,66000,Số tự động,Nhập khẩu,Quận 7 - Tp.HCM,https://oto.com.vn/mua-ban-xe-mercedes-benz-glc-300-hcm/suv-hang-sang-chay-cuc-it-gia-tot-nhat-phan-khuc-aidxc23353452
23357366,Mercedes-Benz GLC 300 4Matic 2019,1068000000.0,24/09/2025,2019,Máy xăng,SUV,Xe cũ,85,Số tự động,Trong nước,Quận 7 - Tp.HCM,https://oto.com.vn/mua-ban-xe-mercedes-benz-glc-300-hcm/trang-kem-hoa-don-du-aidxc23357366
23363300,Mercedes-Benz GLC 300 4Matic 2019,1087000000.0,09/09/2025,2019,Máy xăng,SUV,Xe cũ,71000,Số tự động,Trong nước,Bình Tân - Tp.HCM,https://oto.com.vn/mua-ban-xe-mercedes-benz-glc-300-hcm/xe-da-qua-su-dung-chat-luong-cao-bao-test-moi-hinh-thuc-aidxc23363300
23305325,Mercedes-Benz GLC 300 4Matic Coupe 2020,1759000000.0,25/09/2025,2020,Máy xăng,N/A,Xe cũ,20000,Số tự động,Trong nước,Quận 7 - Tp.HCM,https://oto.com.vn/mua-ban-xe-mercedes-benz-glc-300-hcm/xe-dep-dang-ky-2021-gia-tot-du-ho-so-sang-ten-ngay-aidxc23305325
23328540,Mercedes-Benz GLC 300 4Matic 2023,2379000000.0,27/09/2025,2023,Máy xăng,SUV,Xe cũ,13333,Số tự động,Trong nước,Bình Tân - Tp.HCM,https://oto.com.vn/mua-ban-xe-mercedes-benz-glc-300-hcm/xe-san-xuat-2023-chat-luong-nhu-moi-aidxc23328540
23213765,Mercedes-Benz GLE 400 4Matic Coupe 2016,1430000000.0,15/05/2025,2016,Máy xăng,Sedan,Xe cũ,89000,Số tự động,Nhập khẩu,Thanh Xuân - Hà Nội,https://oto.com.vn/mua-ban-xe-mercedes-benz-gle-400-ha-noi/1-ty-430-trieu-aidxc23213765
23335566,Mercedes-Benz GLE 400 4Matic Coupe 2018,1399000000.0,25/06/2025,2018,Máy xăng,Coupe,Xe cũ,53000,Số tự động,Nhập khẩu,Tp.HCM,https://oto.com.vn/mua-ban-xe-mercedes-benz-gle-400-hcm/hang-hiem-sieu-luot-aidxc23335566
23300582,Mercedes-Benz GLE 400 4Matic Coupe 2016,1080000000.0,29/09/2025,2016,Máy xăng,SUV,Xe cũ,87800,Số tự động,Nhập khẩu,Bình Thạnh - Tp.HCM,https://oto.com.vn/mua-ban-xe-mercedes-benz-gle-400-hcm/merc-coupe-my-2016-hang-full-do-choi-mot-chu-sg-it-di-chay-hon-87-ngan-bao-aidxc23300582
23368952,Mercedes-Benz GLE 43 4Matic Coupe 2018,2500000000.0,22/09/2025,2018,Máy xăng,SUV,Xe cũ,1,Số tự động,Nhập khẩu,Tp.HCM,https://oto.com.vn/mua-ban-xe-mercedes-benz-gle-43-hcm/amg-4matic-coupe-2018-aidxc23368952
23361621,Mercedes-Benz GLE 450 4Matic 2019,2330000000.0,04/09/2025,2019,Máy xăng,SUV,Xe cũ,26000,Số tự động,Trong nước,Hà Nội,https://oto.com.vn/mua-ban-xe-mercedes-benz-gle-450-ha-noi/2019-tai-aidxc23361621
23368368,Mercedes-Benz GLE 450 4Matic 2022,3099000000.0,20/09/2025,2022,Máy xăng,SUV,Xe cũ,30000,Số tự động,Nhập khẩu,Hà Nội,https://oto.com.vn/mua-ban-xe-mercedes-benz-gle-450-ha-noi/2022-aidxc23368368
23352070,Mercedes-Benz GLE 450 4Matic 2022,2950000000.0,08/08/2025,2022,Máy xăng,SUV,Xe cũ,35000,Số tự động,Nhập khẩu,Hoàng Mai - Hà Nội,https://oto.com.vn/mua-ban-xe-mercedes-benz-gle-450-ha-noi/chay-35000-kilomet-aidxc23352070
23370042,Mercedes-Benz GLE 450 4Matic 2022,3899000000.0,25/09/2025,2022,Máy xăng,SUV,Xe cũ,13000,Số tự động,Nhập khẩu,Long Biên - Hà Nội,https://oto.com.vn/mua-ban-xe-mercedes-benz-gle-450-ha-noi/duy-nhat-thi-truong-chay-13000km-aidxc23370042
23358115,Mercedes-Benz GLE 450 4Matic 2021,2789000000.0,25/08/2025,2021,Máy xăng,SUV,Xe cũ,60000,Số tự động,Nhập khẩu,Cầu Giấy - Hà Nội,https://oto.com.vn/mua-ban-xe-mercedes-benz-gle-450-ha-noi/gle450-2021-aidxc23358115
23363983,Mercedes-Benz GLE 450 4Matic 2022,3250000000.0,10/09/2025,2022,Máy xăng,SUV,Xe cũ,9000,Số tự động,Nhập khẩu,Cầu Giấy - Hà Nội,https://oto.com.vn/mua-ban-xe-mercedes-benz-gle-450-ha-noi/gle450-2022-aidxc23363983
23363218,Mercedes-Benz GLE 450 4Matic 2020,2366000000.0,08/09/2025,2020,Máy xăng,SUV,Xe cũ,62666,Số tự động,Nhập khẩu,Long Biên - Hà Nội,https://oto.com.vn/mua-ban-xe-mercedes-benz-gle-450-ha-noi/mercedes-4matic-2020-chinh-chu-gia-re-aidxc23363218
23352147,Mercedes-Benz GLE 450 4Matic 2020,2799000000.0,08/08/2025,2020,Máy xăng,SUV,Xe cũ,30000,Số tự động,Nhập khẩu,Quận 7 - Tp.HCM,https://oto.com.vn/mua-ban-xe-mercedes-benz-gle-450-hcm/can-ban-gap-aidxc23352147
23354876,Mercedes-Benz GLE 450 4Matic 2022,3158000000.0,18/08/2025,2022,Máy xăng,N/A,Xe cũ,29999,Số tự động,Nhập khẩu,Quận 7 - Tp.HCM,https://oto.com.vn/mua-ban-xe-mercedes-benz-gle-450-hcm/ho-tro-vay-70-90-aidxc23354876
23287043,Mercedes-Benz GLE 450 4Matic 2022,3899000000.0,20/08/2025,2022,Máy xăng,SUV,Xe cũ,5000,Số tự động,Nhập khẩu,Quận 7 - Tp.HCM,https://oto.com.vn/mua-ban-xe-mercedes-benz-gle-450-hcm/trang-kem-sieu-dep-xe-luot-hang-aidxc23287043
23342996,Mercedes-Benz GLE 450 4Matic 2025,3850000000.0,20/08/2025,2025,Máy xăng,SUV,Xe cũ,1,Số tự động,Nhập khẩu,Quận 7 - Tp.HCM,https://oto.com.vn/mua-ban-xe-mercedes-benz-gle-450-hcm/trang-kem-xe-bao-dep-aidxc23342996
23361395,Mercedes-Benz GLE 450 4Matic 2022,3399000000.0,03/09/2025,2022,Máy xăng,SUV,Xe cũ,23333,Số tự động,Nhập khẩu,Quận 7 - Tp.HCM,https://oto.com.vn/mua-ban-xe-mercedes-benz-gle-450-hcm/xe-cty-xhd-re-hon-mua-moi-1ti5-aidxc23361395
23354960,Mercedes-Benz GLE 450 2024,3349000000.0,18/08/2025,2024,Máy xăng,N/A,Xe cũ,24000,Số tự động,Trong nước,Quận 7 - Tp.HCM,https://oto.com.vn/mua-ban-xe-mercedes-benz-gle-450-hcm/xe-dep-chay-24000km-cuc-moi-aidxc23354960
23353102,Mercedes-Benz GLE 450 4Matic 2022,3158000000.0,11/08/2025,2022,Hybrid,SUV,Xe cũ,29999,Số tự động,Nhập khẩu,Quận 7 - Tp.HCM,https://oto.com.vn/mua-ban-xe-mercedes-benz-gle-450-hcm/xe-luot-chat-luong-nhu-moi-aidxc23353102
23353651,Mercedes-Benz GLE 450 4Matic 2022,4299000000.0,13/08/2025,2022,Máy xăng,SUV,Xe cũ,13999,Số tự động,Nhập khẩu,Quận 7 - Tp.HCM,https://oto.com.vn/mua-ban-xe-mercedes-benz-gle-450-hcm/xe-luot-it-su-dung-gan-nhu-moi-aidxc23353651
23362481,Mercedes-Benz GLE 53 2022,4439000000.0,05/09/2025,2022,Máy xăng,SUV,Xe cũ,60,Số tự động,Nhập khẩu,Hà Nội,https://oto.com.vn/mua-ban-xe-mercedes-benz-gle-53-ha-noi/gle-class-4matic-coupe-amg-2022-aidxc23362481
23301869,Mercedes-Benz GLE 53 2022,4399000000.0,30/04/2025,2022,Máy xăng,SUV,Xe cũ,5000,Số tự động,Nhập khẩu,Quận 7 - Tp.HCM,https://oto.com.vn/mua-ban-xe-mercedes-benz-gle-53-hcm/moi-nhat-vn-aidxc23301869
23302318,Mercedes-Benz GLE 53 2022,4399000000.0,24/04/2025,2022,Máy xăng,SUV,Xe cũ,5100,Số tự động,Nhập khẩu,Quận 7 - Tp.HCM,https://oto.com.vn/mua-ban-xe-mercedes-benz-gle-53-hcm/tiet-kiem-ngay-1ti-bank-70-aidxc23302318
23308817,Mercedes-Benz GLE 53 2022,4399000000.0,08/04/2025,2022,Máy xăng,SUV,Xe cũ,18888,Số tự động,Nhập khẩu,Quận 7 - Tp.HCM,https://oto.com.vn/mua-ban-xe-mercedes-benz-gle-53-hcm/tiet-kiem-ngay-hon-1-ti-aidxc23308817
23205270,Mercedes-Benz GLK 220 2013,599000000.0,15/05/2025,2013,Máy xăng,SUV,Xe cũ,128000,Số tự động,Nhập khẩu,Thanh Xuân - Hà Nội,https://oto.com.vn/mua-ban-xe-mercedes-benz-glk-220-ha-noi/599-trieu-aidxc23205270
23371157,Mercedes-Benz GLK 220 CDI 4MATIC 2013,530000000.0,28/09/2025,2013,Máy dầu,SUV,Xe cũ,87000,Số tự động,Trong nước,Tp.HCM,https://oto.com.vn/mua-ban-xe-mercedes-benz-glk-220-hcm/mercedes-glk220-4matic-sx-2013-aidxc23371157
23361499,Mercedes-Benz GLK 250 4Matic 2013,465000000.0,04/09/2025,2013,Máy xăng,SUV,Xe cũ,10,Số tự động,Nhập khẩu,Bình Phước,https://oto.com.vn/mua-ban-xe-mercedes-benz-glk-250-binh-phuoc/glk-class-glk250-4matic-2013-aidxc23361499
23332694,Mercedes-Benz GLK 250 4Matic 2014,540000000.0,15/06/2025,2014,Máy xăng,SUV,Xe cũ,110000,Số tự động,Nhập khẩu,Thanh Xuân - Hà Nội,https://oto.com.vn/mua-ban-xe-mercedes-benz-glk-250-ha-noi/mercedes-4matic-2014-aidxc23332694
23329515,Mercedes-Benz GLK 250 4Matic 2014,540000000.0,05/06/2025,2014,Máy xăng,SUV,Xe cũ,110000,Số tự động,Trong nước,Cầu Giấy - Hà Nội,https://oto.com.vn/mua-ban-xe-mercedes-benz-glk-250-ha-noi/mercedes-glk250-4matic-2014-aidxc23329515
23337974,Mercedes-Benz GLK 250 4Matic 2014,460000000.0,05/07/2025,2014,Máy xăng,SUV,Xe cũ,66000,Số tự động,Nhập khẩu,Tp.HCM,https://oto.com.vn/mua-ban-xe-mercedes-benz-glk-250-hcm/mercedes-4matic-2014-amg-xe-dep-gia-dinh-du-dung-nen-ban-aidxc23337974
23338773,Mercedes-Benz GLK 250 4Matic 2014,599000000.0,07/07/2025,2014,Máy xăng,SUV,Xe cũ,66000,Số tự động,Trong nước,Quận 7 - Tp.HCM,https://oto.com.vn/mua-ban-xe-mercedes-benz-glk-250-hcm/trang-den-aidxc23338773
23331449,Mercedes-Benz GLK 280 2009,290000000.0,11/06/2025,2009,Máy xăng,Crossover,Xe cũ,170000,Số tự động,Nhập khẩu,Bắc Từ Liêm - Hà Nội,https://oto.com.vn/mua-ban-xe-mercedes-benz-glk-280-ha-noi/mer-glk-aidxc23331449
23295522,Mercedes-Benz GLK 280 2009,299000000.0,11/03/2025,2009,Máy xăng,SUV,Xe cũ,162000,Số tự động,Trong nước,Quận 7 - Tp.HCM,https://oto.com.vn/mua-ban-xe-mercedes-benz-glk-280-hcm/lap-rap-trong-nuoc-aidxc23295522
23299022,Mercedes-Benz GLK 300 4Matic 2009,326000000.0,15/05/2025,2009,Máy xăng,SUV,Xe cũ,160000,Số tự động,Trong nước,Thanh Xuân - Hà Nội,https://oto.com.vn/mua-ban-xe-mercedes-benz-glk-300-ha-noi/10-van-miles-aidxc23299022
23364605,Mercedes-Benz GLK 300 4Matic 2009,285000000.0,12/09/2025,2009,Máy xăng,SUV,Xe cũ,100000,Số tự động,Trong nước,Hà Nội,https://oto.com.vn/mua-ban-xe-mercedes-benz-glk-300-ha-noi/2009-300-4matic-100000-km-aidxc23364605
23364223,Mercedes-Benz GLK 300 4Matic 2011,300000000.0,11/09/2025,2011,Máy xăng,N/A,Xe cũ,N/A,Số tự động,N/A,Hà Nội,https://oto.com.vn/mua-ban-xe-mercedes-benz-glk-300-ha-noi/2011-so-tu-dong-aidxc23364223
23190391,Mercedes-Benz GLK 300 4Matic 2010,333000000.0,15/05/2025,2010,Máy xăng,SUV,Xe cũ,120000,Số tự động,Nhập khẩu,Thanh Xuân - Hà Nội,https://oto.com.vn/mua-ban-xe-mercedes-benz-glk-300-ha-noi/333-trieu-aidxc23190391
23145381,Mercedes-Benz GLK 300 4Matic 2012,469000000.0,15/05/2025,2012,Máy xăng,SUV,Xe cũ,100000,Số tự động,Nhập khẩu,Thanh Xuân - Hà Nội,https://oto.com.vn/mua-ban-xe-mercedes-benz-glk-300-ha-noi/469-trieu-aidxc23145381
23350404,Mercedes-Benz GLK 300 4Matic 2009,345000000.0,04/08/2025,2009,Máy xăng,SUV,Xe cũ,150000,Số tự động,Nhập khẩu,Thanh Xuân - Hà Nội,https://oto.com.vn/mua-ban-xe-mercedes-benz-glk-300-ha-noi/bao-duong-full-aidxc23350404
23362406,Mercedes-Benz GLK 300 4Matic 2009,325000000.0,05/09/2025,2009,Máy xăng,SUV,Xe cũ,15689,Số tự động,Nhập khẩu,Hà Nội,https://oto.com.vn/mua-ban-xe-mercedes-benz-glk-300-ha-noi/glk-class-2009-300-4matic-qua-dep-ah-aidxc23362406
23370481,Mercedes-Benz GLK 300 4Matic 2009,258000000.0,26/09/2025,2009,Máy xăng,SUV,Xe cũ,1,Số tự động,Nhập khẩu,Hà Nội,https://oto.com.vn/mua-ban-xe-mercedes-benz-glk-300-ha-noi/glk-class-glk300-4matic-2009-aidxc23370481
23338654,Mercedes-Benz GLK 300 4Matic 2011,320000000.0,07/07/2025,2011,Máy xăng,SUV,Xe cũ,10,Số tự động,Nhập khẩu,Hà Nội,https://oto.com.vn/mua-ban-xe-mercedes-benz-glk-300-ha-noi/sang-trong-ben-bi-dam-chac-aidxc23338654
23371199,Mercedes-Benz GLK 300 4Matic 2009,330000000.0,28/09/2025,2009,Máy xăng,SUV,Xe cũ,150000,Số tự động,Trong nước,Bình Tân - Tp.HCM,https://oto.com.vn/mua-ban-xe-mercedes-benz-glk-300-hcm/glk-class-2009-300-4matic-aidxc23371199
23367055,Mercedes-Benz GLK 300 4Matic 2012,518000000.0,17/09/2025,2012,Máy xăng,SUV,Xe cũ,150000,Số tự động,Nhập khẩu,Tp.HCM,https://oto.com.vn/mua-ban-xe-mercedes-benz-glk-300-hcm/sieu-hiem-glk300-cuoi-2012-aidxc23367055
23320479,Mercedes-Benz GLS 350d 2016,1499000000.0,12/05/2025,2016,Máy xăng,SUV,Xe cũ,140000,Số tự động,Trong nước,Quận 7 - Tp.HCM,https://oto.com.vn/mua-ban-xe-mercedes-benz-gls-350d-hcm/gia-1-ty-499-trieu-aidxc23320479
23368687,Mercedes-Benz GLS 400 4Matic 2016,1480000000.0,21/09/2025,2016,Máy xăng,SUV,Xe cũ,90000,Số tự động,Trong nước,Đà Nẵng,https://oto.com.vn/mua-ban-xe-mercedes-benz-gls-400-da-nang/sx2016-aidxc23368687
23361762,Mercedes-Benz GLS 400 2016,1686000000.0,04/09/2025,2016,Máy xăng,SUV,Xe cũ,85000,Số tự động,Nhập khẩu,Hà Nội,https://oto.com.vn/mua-ban-xe-mercedes-benz-gls-400-ha-noi/2016-aidxc23361762
23368094,Mercedes-Benz GLS 400 2017,1700000000.0,19/09/2025,2017,Máy xăng,SUV,Xe cũ,144000,Số tự động,Nhập khẩu,Hà Nội,https://oto.com.vn/mua-ban-xe-mercedes-benz-gls-400-ha-noi/2017-aidxc23368094
23362596,Mercedes-Benz GLS 400 4Matic 2017,1790000000.0,06/09/2025,2017,Máy xăng,SUV,Xe cũ,68003,Số tự động,Nhập khẩu,Hà Nội,https://oto.com.vn/mua-ban-xe-mercedes-benz-gls-400-ha-noi/4matic-2017-aidxc23362596
23343089,Mercedes-Benz GLS 400 4Matic 2016,1660000000.0,18/07/2025,2016,Máy xăng,SUV,Xe cũ,83000,Số tự động,Nhập khẩu,Cầu Giấy - Hà Nội,https://oto.com.vn/mua-ban-xe-mercedes-benz-gls-400-ha-noi/gls400-2016-nhap-my-aidxc23343089
23331315,Mercedes-Benz GLS 400 4Matic 2017,1690000000.0,11/06/2025,2017,Máy xăng,SUV,Xe cũ,120000,Số tự động,Nhập khẩu,Thủ Đức - Tp.HCM,https://oto.com.vn/mua-ban-xe-mercedes-benz-gls-400-hcm/xe-chinh-chu-test-thoai-mai-xem-xe-truc-tiep-tai-nha-lien-he-0975561462-aidxc23331315
22908697,Mercedes-Benz GLS 450 4Matic 2021,4100000000.0,25/09/2025,2021,Máy xăng,SUV,Xe cũ,26000,Số tự động,Nhập khẩu,Bắc Từ Liêm - Hà Nội,https://oto.com.vn/mua-ban-xe-mercedes-benz-gls-450-ha-noi/chay-it-26000km-aidxc22908697
23366857,Mercedes-Benz GLS 450 4Matic 2021,3889000000.0,17/09/2025,2021,Máy xăng,SUV,Xe cũ,65000,Số tự động,Nhập khẩu,Cầu Giấy - Hà Nội,https://oto.com.vn/mua-ban-xe-mercedes-benz-gls-450-ha-noi/gls450-2021-aidxc23366857
23368360,Mercedes-Benz GLS 450 4Matic 2021,3889000000.0,20/09/2025,2021,Máy xăng,SUV,Xe cũ,65000,Số tự động,Nhập khẩu,Cầu Giấy - Hà Nội,https://oto.com.vn/mua-ban-xe-mercedes-benz-gls-450-ha-noi/gls450-2021-aidxc23368360
23353868,Mercedes-Benz GLS 450 4Matic 2022,3969000000.0,16/08/2025,2022,Máy xăng,SUV,Xe cũ,83000,Số tự động,Nhập khẩu,Cầu Giấy - Hà Nội,https://oto.com.vn/mua-ban-xe-mercedes-benz-gls-450-ha-noi/gls450-2022-aidxc23353868
23357589,Mercedes-Benz GLS 450 4Matic 2022,3969000000.0,23/08/2025,2022,Máy xăng,SUV,Xe cũ,85000,Số tự động,Nhập khẩu,Cầu Giấy - Hà Nội,https://oto.com.vn/mua-ban-xe-mercedes-benz-gls-450-ha-noi/gls450-2022-nhap-my-aidxc23357589
23345812,Mercedes-Benz GLS 450 4Matic 2022,3999000000.0,29/08/2025,2022,Máy xăng,SUV,Xe cũ,32000,Số tự động,Nhập khẩu,Long Biên - Hà Nội,https://oto.com.vn/mua-ban-xe-mercedes-benz-gls-450-ha-noi/xe-1-chu-mua-moi-tu-dau-aidxc23345812
23372416,Mercedes-Benz GLS 450 4Matic 2021,3399000000.0,02/10/2025,2021,Máy xăng,SUV,Xe cũ,53000,Số tự động,Nhập khẩu,Quận 8 - Tp.HCM,https://oto.com.vn/mua-ban-xe-mercedes-benz-gls-450-hcm/4matic-model-2022-aidxc23372416
23346867,Mercedes-Benz GLS 450 4Matic 2022,4198000000.0,27/08/2025,2022,Máy xăng,N/A,Xe cũ,35000,Số tự động,Nhập khẩu,Quận 7 - Tp.HCM,https://oto.com.vn/mua-ban-xe-mercedes-benz-gls-450-hcm/bao-dau-bank-70-90-ib-zalo-tu-van-truc-tiep-247-aidxc23346867
23349504,Mercedes-Benz GLS 450 4Matic 2022,4278000000.0,01/08/2025,2022,Máy xăng,N/A,Xe cũ,30000,Số tự động,Nhập khẩu,Quận 7 - Tp.HCM,https://oto.com.vn/mua-ban-xe-mercedes-benz-gls-450-hcm/bao-dau-bank-70-90-ib-zalo-tu-van-truc-tiep-247-aidxc23349504
23313395,Mercedes-Benz GLS 450 4Matic 2021,3999000000.0,18/09/2025,2021,Máy xăng,SUV,Xe cũ,31888,Số tự động,Nhập khẩu,Quận 7 - Tp.HCM,https://oto.com.vn/mua-ban-xe-mercedes-benz-gls-450-hcm/giam-gia-dai-le-304-15-aidxc23313395
23365475,Mercedes-Benz GLS 450 4Matic 2021,3860000000.0,14/09/2025,2021,Máy xăng,SUV,Xe cũ,12345,Số tự động,Nhập khẩu,Tp.HCM,https://oto.com.vn/mua-ban-xe-mercedes-benz-gls-450-hcm/mec-gls450-up-gls600-maybach-aidxc23365475
23299803,Mercedes-Benz GLS 450 4Matic 2021,3879000000.0,20/08/2025,2021,Máy xăng,SUV,Xe cũ,29000,Số tự động,Nhập khẩu,Quận 7 - Tp.HCM,https://oto.com.vn/mua-ban-xe-mercedes-benz-gls-450-hcm/tiet-kiem-ngay-hon-1ti-ban-v0-full-option-aidxc23299803
23366078,Mercedes-Benz GLS 450 4Matic 2021,3850000000.0,15/09/2025,2021,Máy xăng,SUV,Xe cũ,53000,Số tự động,Nhập khẩu,Quận 7 - Tp.HCM,https://oto.com.vn/mua-ban-xe-mercedes-benz-gls-450-hcm/up-maybach-2021-dinh-cao-dang-cap-quyen-uy-va-sang-trong-aidxc23366078
23210699,Mercedes-Benz GLS 450 2021,4099000000.0,09/09/2025,2021,Máy xăng,N/A,Xe cũ,29000,Số tự động,Nhập khẩu,Quận 7 - Tp.HCM,https://oto.com.vn/mua-ban-xe-mercedes-benz-gls-450-hcm/xe-dep-nhap-my-bao-hanh-den-2025-aidxc23210699
23349166,Mercedes-Benz GLS 450 4Matic 2022,4278000000.0,31/07/2025,2022,Hybrid,SUV,Xe cũ,30000,Số tự động,Nhập khẩu,Quận 7 - Tp.HCM,https://oto.com.vn/mua-ban-xe-mercedes-benz-gls-450-hcm/xe-luot-chat-luong-nhu-moi-bao-hanh-chinh-hang-aidxc23349166
23248851,Mercedes-Benz GLS 600 2022,10550000000.0,06/04/2025,2022,Máy xăng,SUV,Xe cũ,9999,Số tự động,Nhập khẩu,Quận 7 - Tp.HCM,https://oto.com.vn/mua-ban-xe-mercedes-benz-gls-600-hcm/tiet-kiem-hon-2ti-bank-65-70-aidxc23248851
23342567,Mercedes-Benz Maybach GLS 450 2019,3888000000.0,17/07/2025,2019,Máy xăng,N/A,Xe cũ,70000,Số tự động,Trong nước,Quận 7 - Tp.HCM,https://oto.com.vn/mua-ban-xe-mercedes-benz-maybach-gls-450-hcm/bao-dau-bank-70-90-ib-zalo-tu-van-truc-tiep-247-aidxc23342567
23302033,Mercedes-Benz Maybach GLS 480 4Matic 2022,7658000000.0,24/03/2025,2022,Máy xăng,SUV,Xe cũ,4600,Số tự động,Nhập khẩu,Bình Tân - Tp.HCM,https://oto.com.vn/mua-ban-xe-mercedes-benz-maybach-gls-480-hcm/mercedes-maybach-gls480-xanh-emerald-nau-sx2022-aidxc23302033
23321045,Mercedes-Benz Maybach GLS 480 2017,1580000000.0,26/06/2025,2017,Máy xăng,SUV,Xe cũ,90000,Số tự động,Nhập khẩu,Quận 7 - Tp.HCM,https://oto.com.vn/mua-ban-xe-mercedes-benz-maybach-gls-480-hcm/merrcedes-gls400-4matic-2017-nhap-my-aidxc23321045
23304528,Mercedes-Benz Maybach GLS 480 4Matic 2022,10500000000.0,07/05/2025,2022,Máy xăng,SUV,Xe cũ,10000,Số tự động,Nhập khẩu,Quận 7 - Tp.HCM,https://oto.com.vn/mua-ban-xe-mercedes-benz-maybach-gls-480-hcm/san-giao-ngay-10000km-aidxc23304528
23287395,Mercedes-Benz Maybach GLS 600 4Matic 2023,10999000000.0,31/03/2025,2023,Máy xăng,SUV,Xe cũ,10000,Số tự động,Nhập khẩu,Quận 7 - Tp.HCM,https://oto.com.vn/mua-ban-xe-mercedes-benz-maybach-gls600-hcm/moi-nhat-vn-aidxc23287395
23356735,Mercedes-Benz Maybach S500 4Matic 2015,3350000000.0,22/08/2025,2015,Máy xăng,Sedan,Xe cũ,40000,Số tự động,Nhập khẩu,Tây Hồ - Hà Nội,https://oto.com.vn/mua-ban-xe-mercedes-benz-maybach-s-500-ha-noi/xe-dang-ky-2017-chu-di-it-chat-xe-con-sieu-net-aidxc23356735
23322566,Mercedes-Benz Maybach S500 2015,1295000000.0,12/09/2025,2015,Máy xăng,Sedan,Xe cũ,90,Số tự động,Trong nước,Quận 7 - Tp.HCM,https://oto.com.vn/mua-ban-xe-mercedes-benz-maybach-s-500-hcm/den-nau-sieu-vipp-aidxc23322566
23313611,Mercedes-Benz Maybach S600 4Matic 2015,3550000000.0,19/04/2025,2015,Máy xăng,Sedan,Xe cũ,53000,Số tự động,Nhập khẩu,Nam Từ Liêm - Hà Nội,https://oto.com.vn/mua-ban-xe-mercedes-benz-maybach-s-600-ha-noi/1-chu-chay-cuc-it-aidxc23313611
23313608,Mercedes-Benz Maybach S600 4Matic 2015,3550000000.0,19/04/2025,2015,Máy xăng,Sedan,Xe cũ,53000,Số tự động,Nhập khẩu,Nam Từ Liêm - Hà Nội,https://oto.com.vn/mua-ban-xe-mercedes-benz-maybach-s-600-ha-noi/1-chu-tu-moi-full-do-sieu-moi-chay-sieu-it-aidxc23313608
23351872,Mercedes-Benz Maybach S600 4Matic 2016,3350000000.0,07/08/2025,2016,Máy xăng,Sedan,Xe cũ,53000,Số tự động,Nhập khẩu,Nam Từ Liêm - Hà Nội,https://oto.com.vn/mua-ban-xe-mercedes-benz-maybach-s-600-ha-noi/may-v12-manh-me-thiet-ke-dinh-cao-aidxc23351872
23346402,Mercedes-Benz Maybach S680 4Matic 2023,12500000000.0,25/07/2025,2023,Máy xăng,Sedan,Xe cũ,14000,Số tự động,Nhập khẩu,Bắc Từ Liêm - Hà Nội,https://oto.com.vn/mua-ban-xe-mercedes-benz-maybach-s-680-ha-noi/luot-14v-km-sieu-moi-aidxc23346402
23259852,Mercedes-Benz Maybach S680 4Matic 2022,11900000000.0,25/09/2025,2022,Máy xăng,Sedan,Xe cũ,10000,Số tự động,Nhập khẩu,Bắc Từ Liêm - Hà Nội,https://oto.com.vn/mua-ban-xe-mercedes-benz-maybach-s-680-ha-noi/sieu-luot-1v-km-ban-2-mau-doc-aidxc23259852
23362725,Mercedes-Benz Maybach S450 4Matic 2020,4199000000.0,06/09/2025,2020,Máy xăng,Sedan,Xe cũ,52000,Số tự động,Nhập khẩu,Cầu Giấy - Hà Nội,https://oto.com.vn/mua-ban-xe-mercedes-benz-maybach-s450-ha-noi/2020-aidxc23362725
23345534,Mercedes-Benz Maybach S450 4Matic 2020,4286000000.0,29/08/2025,2020,Máy xăng,Sedan,Xe cũ,30000,Số tự động,Nhập khẩu,Cầu Giấy - Hà Nội,https://oto.com.vn/mua-ban-xe-mercedes-benz-maybach-s450-ha-noi/ban-s450-maybach-sx-2020-denkem-sieu-luot-aidxc23345534
23360072,Mercedes-Benz Maybach S450 4Matic 2020,4286000000.0,29/08/2025,2020,Máy xăng,Sedan,Xe cũ,30000,Số tự động,Nhập khẩu,Cầu Giấy - Hà Nội,https://oto.com.vn/mua-ban-xe-mercedes-benz-maybach-s450-ha-noi/ban-s450-maybach-sx-2020-denkem-sieu-luot-aidxc23360072
23205516,Mercedes-Benz Maybach S450 4Matic 2022,7150000000.0,25/09/2025,2022,Máy xăng,Sedan,Xe cũ,11000,Số tự động,Nhập khẩu,Bắc Từ Liêm - Hà Nội,https://oto.com.vn/mua-ban-xe-mercedes-benz-maybach-s450-ha-noi/sieu-luot-11000km-nhu-moi-aidxc23205516
23362136,Mercedes-Benz Maybach S450 4Matic 2019,3879000000.0,05/09/2025,2019,Máy xăng,Sedan,Xe cũ,38000,Số tự động,Nhập khẩu,Gò Vấp - Tp.HCM,https://oto.com.vn/mua-ban-xe-mercedes-benz-maybach-s450-hcm/ban-mec-s450-maybach-2019-sieu-luot-38000km-bao-check-hang-aidxc23362136
23346875,Mercedes-Benz Maybach S450 2017,3258000000.0,27/08/2025,2017,Máy xăng,N/A,Xe cũ,35000,Số tự động,Nhập khẩu,Quận 7 - Tp.HCM,https://oto.com.vn/mua-ban-xe-mercedes-benz-maybach-s450-hcm/bao-dau-bank-70-90-ib-zalo-tu-van-truc-tiep-247-aidxc23346875
23354504,Mercedes-Benz Maybach S450 2022,6999000000.0,18/08/2025,2022,Máy xăng,Sedan,Xe cũ,32,Số tự động,Nhập khẩu,Quận 7 - Tp.HCM,https://oto.com.vn/mua-ban-xe-mercedes-benz-maybach-s450-hcm/chi-32-km-xe-moi-aidxc23354504
23316565,Mercedes-Benz Maybach S450 4Matic 2018,3400000000.0,01/08/2025,2018,Máy xăng,Sedan,Xe cũ,36000,Số tự động,Nhập khẩu,Gò Vấp - Tp.HCM,https://oto.com.vn/mua-ban-xe-mercedes-benz-maybach-s450-hcm/mercedes-4matic-model-2018-aidxc23316565
23318067,Mercedes-Benz Maybach S450 4Matic 2018,3400000000.0,14/07/2025,2018,Máy xăng,Sedan,Xe cũ,36000,Số tự động,Nhập khẩu,Gò Vấp - Tp.HCM,https://oto.com.vn/mua-ban-xe-mercedes-benz-maybach-s450-hcm/mercedes-4matic-model-2018-aidxc23318067
23326098,Mercedes-Benz Maybach S450 4Matic 2023,7200000000.0,29/07/2025,2023,Máy xăng,Sedan,Xe cũ,3900,Số tự động,Nhập khẩu,Gò Vấp - Tp.HCM,https://oto.com.vn/mua-ban-xe-mercedes-benz-maybach-s450-hcm/mercedes-l-4matic-model-2023-aidxc23326098
23326982,Mercedes-Benz Maybach S450 4Matic 2023,7200000000.0,01/08/2025,2023,Máy xăng,Sedan,Xe cũ,3900,Số tự động,Nhập khẩu,Gò Vấp - Tp.HCM,https://oto.com.vn/mua-ban-xe-mercedes-benz-maybach-s450-hcm/mercedes-l-4matic-model-2023-aidxc23326982
23329211,Mercedes-Benz Maybach S450 4Matic 2023,7200000000.0,06/08/2025,2023,Máy xăng,Sedan,Xe cũ,3900,Số tự động,Nhập khẩu,Gò Vấp - Tp.HCM,https://oto.com.vn/mua-ban-xe-mercedes-benz-maybach-s450-hcm/mercedes-l-4matic-model-2023-aidxc23329211
23371485,Mercedes-Benz Maybach S450 4Matic 2017,3299000000.0,29/09/2025,2017,Máy xăng,Sedan,Xe cũ,66000,Số tự động,Nhập khẩu,Tp.HCM,https://oto.com.vn/mua-ban-xe-mercedes-benz-maybach-s450-hcm/trang-kem-dep-khong-loi-aidxc23371485
23364854,Mercedes-Benz Maybach S450 4Matic 2018,3499000000.0,12/09/2025,2018,Máy xăng,Sedan,Xe cũ,87000,Số tự động,Nhập khẩu,Tp.HCM,https://oto.com.vn/mua-ban-xe-mercedes-benz-maybach-s450-hcm/xe-sang-trong-cao-cap-voi-noi-that-dang-cap-aidxc23364854
23338066,Mercedes-Benz Maybach S450 4Matic 2022,6999000000.0,06/08/2025,2022,Máy xăng,Sedan,Xe cũ,22222,Số tự động,Nhập khẩu,Quận 7 - Tp.HCM,https://oto.com.vn/mua-ban-xe-mercedes-benz-maybach-s450-hcm/xe-sang-trong-thuong-luu-dang-cap-aidxc23338066
23353840,Mercedes-Benz ML 350 2009,298000000.0,15/08/2025,2009,Máy xăng,SUV,Xe cũ,123,Số tự động,Nhập khẩu,Bình Tân - Tp.HCM,https://oto.com.vn/mua-ban-xe-mercedes-benz-ml-350-hcm/ban-re-xe-zin-az-do-full-tuyet-dep-hoac-doi-xe-7-9c-lon-hon-aidxc23353840
23159738,Mercedes-Benz ML 350 2012,699000000.0,15/09/2025,2012,Máy xăng,SUV,Xe cũ,113000,Số tự động,Nhập khẩu,Quận 7 - Tp.HCM,https://oto.com.vn/mua-ban-xe-mercedes-benz-ml-350-hcm/nhap-khau-nguyen-chiec-aidxc23159738
23329522,Mercedes-Benz R300 2009,345000000.0,05/06/2025,2009,Máy xăng,SUV,Xe cũ,8000,Số tự động,Nhập khẩu,Hoàn Kiếm - Hà Nội,https://oto.com.vn/mua-ban-xe-mercedes-benz-r-300-ha-noi/nhap-khau-xe-chinh-chu-so-tu-dong-7-cho-xe-dep-chay-8-van-aidxc23329522
23369928,Mercedes-Benz S450L 2020,2309000000.0,24/09/2025,2020,Máy xăng,Sedan,Xe cũ,50000,Số tự động,Trong nước,Hà Nội,https://oto.com.vn/mua-ban-xe-mercedes-benz-s-450l-ha-noi/chinh-chu-100-vo-no-ban-mercedes-s450l-mau-xanh-ngoc-luc-bao-aidxc23369928
23369247,Mercedes-Benz S450L Luxury 2019,2290000000.0,23/09/2025,2019,Máy xăng,Sedan,Xe cũ,50000,Số tự động,Trong nước,Cầu Giấy - Hà Nội,https://oto.com.vn/mua-ban-xe-mercedes-benz-s-450l-ha-noi/s-class-2019-s450l-luxury-50000-km-aidxc23369247
23370455,Mercedes-Benz S450L Luxury 2022,36000000.0,26/09/2025,2022,Máy xăng,Sedan,Xe cũ,36715,Số tự động,Nhập khẩu,Cầu Giấy - Hà Nội,https://oto.com.vn/mua-ban-xe-mercedes-benz-s-450l-ha-noi/s450-2022-sedan-hang-sang-luot-nhe-gia-chot-sieu-tot-nhanh-tay-keo-lo-aidxc23370455
23371623,Mercedes-Benz S450L 2020,2199000000.0,30/09/2025,2020,Máy xăng,Sedan,Xe cũ,N/A,Số tự động,Nhập khẩu,Tp.HCM,https://oto.com.vn/mua-ban-xe-mercedes-benz-s-450l-hcm/2020-so-tu-dong-tai-tp-aidxc23371623
23362181,Mercedes-Benz S450L 4Matic 2019,2450000000.0,05/09/2025,2019,Máy xăng,Sedan,Xe cũ,29000,Số tự động,Nhập khẩu,Gò Vấp - Tp.HCM,https://oto.com.vn/mua-ban-xe-mercedes-benz-s-450l-hcm/ban-s450l-2019-sieu-luot-28000km-bao-check-hang-aidxc23362181
23367993,Mercedes-Benz S450L 4Matic 2021,3798000000.0,19/09/2025,2021,Máy xăng,Sedan,Xe cũ,28000,Số tự động,Nhập khẩu,Quận 7 - Tp.HCM,https://oto.com.vn/mua-ban-xe-mercedes-benz-s-450l-hcm/bao-hanh-chinh-hang-khong-gioi-han-km-aidxc23367993
23363164,Mercedes-Benz S450L 2018,1999000000.0,08/09/2025,2018,Máy xăng,Sedan,Xe cũ,68000,Số tự động,Nhập khẩu,Tp.HCM,https://oto.com.vn/mua-ban-xe-mercedes-benz-s-450l-hcm/gia-tot-aidxc23363164
23371487,Mercedes-Benz S450L 2018,1999000000.0,29/09/2025,2018,Máy xăng,Sedan,Xe cũ,58000,Số tự động,Trong nước,Tp.HCM,https://oto.com.vn/mua-ban-xe-mercedes-benz-s-450l-hcm/ho-tro-vay-ngan-hang-len-den-70-aidxc23371487
23362798,Mercedes-Benz S450L Luxury 2018,1999000000.0,06/09/2025,2018,Máy xăng,Sedan,Xe cũ,68000,Số tự động,Trong nước,Quận 7 - Tp.HCM,https://oto.com.vn/mua-ban-xe-mercedes-benz-s-450l-hcm/mercedes-s450l-model-2019-den-den-aidxc23362798
23366552,Mercedes-Benz S450L 2020,2250000000.0,16/09/2025,2020,Máy xăng,Sedan,Xe cũ,60000,Số tự động,Trong nước,Tp.HCM,https://oto.com.vn/mua-ban-xe-mercedes-benz-s-450l-hcm/mercedes-s450l-sx-cuoi-2020-mot-chu-full-ly-lich-aidxc23366552
23366956,Mercedes-Benz S450L 2018,1758000000.0,17/09/2025,2018,Máy xăng,Sedan,Xe cũ,58000,Số tự động,Trong nước,Tp.HCM,https://oto.com.vn/mua-ban-xe-mercedes-benz-s-450l-hcm/s450l-2017-aidxc23366956
23365857,Mercedes-Benz S450L Luxury 2020,2220000000.0,15/09/2025,2020,Máy xăng,Sedan,Xe cũ,41000,Số tự động,Trong nước,Tp.HCM,https://oto.com.vn/mua-ban-xe-mercedes-benz-s-450l-hcm/s450l-aidxc23365857
23362588,Mercedes-Benz S450L Luxury 2019,2089000000.0,06/09/2025,2019,Máy xăng,Sedan,Xe cũ,48000,Số tự động,Nhập khẩu,Quận 7 - Tp.HCM,https://oto.com.vn/mua-ban-xe-mercedes-benz-s-450l-hcm/s450l-sx-2019-sieu-luot-48000-km-aidxc23362588
23365465,Mercedes-Benz S450L 4Matic 2022,3850000000.0,13/09/2025,2022,Máy xăng,Sedan,Xe cũ,22000,Số tự động,Nhập khẩu,Quận 7 - Tp.HCM,https://oto.com.vn/mua-ban-xe-mercedes-benz-s-450l-hcm/s580-2022-dinh-cao-phong-cach-doanh-nhan-sang-trong-dang-cap-aidxc23365465
23371483,Mercedes-Benz S450L 2017,1799000000.0,29/09/2025,2017,Máy xăng,Sedan,Xe cũ,70000,Số tự động,Trong nước,Tp.HCM,https://oto.com.vn/mua-ban-xe-mercedes-benz-s-450l-hcm/zin-ho-tro-bank-toi-da-aidxc23371483
23308707,Mercedes-Benz S63 2010,890000000.0,08/04/2025,2010,Máy xăng,Sedan,Xe cũ,99000,Số tự động,Nhập khẩu,Quận 7 - Tp.HCM,https://oto.com.vn/mua-ban-xe-mercedes-benz-s-63-hcm/amg-hang-hiem-bao-cop-aidxc23308707
23318734,Mercedes-Benz S63 2007,739000000.0,07/06/2025,2007,Máy xăng,Sedan,Xe cũ,81000,Số tự động,Nhập khẩu,Quận 7 - Tp.HCM,https://oto.com.vn/mua-ban-xe-mercedes-benz-s-63-hcm/bac-den-aidxc23318734
23163966,Mercedes-Benz S63 2010,899000000.0,03/04/2025,2010,Máy xăng,Sedan,Xe cũ,99000,Số tự động,Nhập khẩu,Quận 7 - Tp.HCM,https://oto.com.vn/mua-ban-xe-mercedes-benz-s-63-hcm/dong-co-62-aidxc23163966
23291224,Mercedes-Benz S63 2007,599000000.0,15/09/2025,2007,Máy xăng,Sedan,Xe cũ,150000,Số tự động,Nhập khẩu,Quận 7 - Tp.HCM,https://oto.com.vn/mua-ban-xe-mercedes-benz-s-63-hcm/dong-co-62-aidxc23291224
23310542,Mercedes-Benz S63 2008,540000000.0,18/09/2025,2008,Máy xăng,Sedan,Xe cũ,89800,Số tự động,Nhập khẩu,Bình Thạnh - Tp.HCM,https://oto.com.vn/mua-ban-xe-mercedes-benz-s-63-hcm/merc-s63-amg-nhap-my-2009-hang-full-vao-rat-nhieu-do-choi-mot-chu-it-di-chay-hon-87-bao-test-zin-aidxc23310542
22945995,Mercedes-Benz S63 2010,699000000.0,15/09/2025,2010,Máy xăng,Sedan,Xe cũ,123000,Số tự động,Nhập khẩu,Quận 7 - Tp.HCM,https://oto.com.vn/mua-ban-xe-mercedes-benz-s-63-hcm/s63-amg-dong-co-63-aidxc22945995
23333964,Mercedes-Benz S63 2011,999000000.0,23/09/2025,2011,Máy xăng,Sedan,Xe cũ,98000,Số tự động,Nhập khẩu,Quận 7 - Tp.HCM,https://oto.com.vn/mua-ban-xe-mercedes-benz-s-63-hcm/v8-55-biturbo-aidxc23333964
23228737,Mercedes-Benz S300 2010,465000000.0,03/04/2025,2010,Máy xăng,Sedan,Xe cũ,10,Số tự động,Nhập khẩu,Hà Nội,https://oto.com.vn/mua-ban-xe-mercedes-benz-s300-ha-noi/ngon-bo-re-aidxc23228737
23333678,Mercedes-Benz S320 1995,350000000.0,18/06/2025,1995,Máy xăng,Sedan,Xe cũ,100000,Số sàn,Nhập khẩu,Đà Nẵng,https://oto.com.vn/mua-ban-xe-mercedes-benz-s320-da-nang/thanh-ly-em-ay-gap-aidxc23333678
23336080,Mercedes-Benz S350 2005,200000000.0,28/06/2025,2005,Máy xăng,Sedan,Xe cũ,100000,Số tự động,Nhập khẩu,Đà Nẵng,https://oto.com.vn/mua-ban-xe-mercedes-benz-s350-da-nang/thanh-ly-em-ay-gap-aidxc23336080
23347672,Mercedes-Benz S350 2008,250000000.0,28/07/2025,2008,Máy xăng,Sedan,Xe cũ,100000,Số tự động,Nhập khẩu,Hà Đông - Hà Nội,https://oto.com.vn/mua-ban-xe-mercedes-benz-s350-ha-noi/ban-xe-mec-gia-dinh-dang-su-dung-aidxc23347672
23337060,Mercedes-Benz S400 3.0 V6 2015,1200000000.0,03/07/2025,2015,Máy xăng,Sedan,Xe cũ,105434,Số tự động,Trong nước,Thanh Xuân - Hà Nội,https://oto.com.vn/mua-ban-xe-mercedes-benz-s400-ha-noi/can-ban-xe-mercedes-2015-aidxc23337060
23372371,Mercedes-Benz S400 3.0 V6 2015,1280000000.0,02/10/2025,2015,Máy xăng,Sedan,Xe cũ,70000,Số tự động,Trong nước,Tây Hồ - Hà Nội,https://oto.com.vn/mua-ban-xe-mercedes-benz-s400-ha-noi/doi-2015-do-len-maybach-cuc-dep-aidxc23372371
23372370,Mercedes-Benz S400 3.0 V6 2016,1350000000.0,02/10/2025,2016,Máy xăng,Sedan,Xe cũ,50000,Số tự động,Trong nước,Tây Hồ - Hà Nội,https://oto.com.vn/mua-ban-xe-mercedes-benz-s400-ha-noi/doi-2016-do-len-maybach-cuc-dep-aidxc23372370
23364779,Mercedes-Benz S400 2015,1118000000.0,12/09/2025,2015,Máy xăng,Sedan,Xe cũ,N/A,Số tự động,Nhập khẩu,Hà Nội,https://oto.com.vn/mua-ban-xe-mercedes-benz-s400-ha-noi/mercedes-san-xuat-2015-aidxc23364779
23274100,Mercedes-Benz S400 3.0 V6 2016,1450000000.0,11/08/2025,2016,Máy xăng,Sedan,Xe cũ,65000,Số tự động,Trong nước,Bắc Từ Liêm - Hà Nội,https://oto.com.vn/mua-ban-xe-mercedes-benz-s400-ha-noi/trang-noi-that-nau-chay-65v-km-zin-aidxc23274100
23333455,Mercedes-Benz S400 3.0 V6 2015,1150000000.0,18/07/2025,2015,Máy xăng,Sedan,Xe cũ,128000,Số tự động,Nhập khẩu,Nam Từ Liêm - Hà Nội,https://oto.com.vn/mua-ban-xe-mercedes-benz-s400-ha-noi/up-maybach-full-lich-su-hang-aidxc23333455
23338484,Mercedes-Benz S400 3.0 V6 2016,2500000000.0,07/07/2025,2016,Máy xăng,Sedan,Xe cũ,60000,Số tự động,Nhập khẩu,Long Biên - Hà Nội,https://oto.com.vn/mua-ban-xe-mercedes-benz-s400-ha-noi/xe-chay-6v-km-aidxc23338484
23371888,Mercedes-Benz S400 3.0 V6 2015,1280000000.0,30/09/2025,2015,Máy xăng,Sedan,Xe cũ,60000,Số tự động,Nhập khẩu,Tây Hồ - Hà Nội,https://oto.com.vn/mua-ban-xe-mercedes-benz-s400-ha-noi/xe-da-up-full-len-body-maybach-vo-lang-s450-sieu-dep-aidxc23371888
23372420,Mercedes-Benz S400 3.0 V6 2014,1180000000.0,02/10/2025,2014,Máy xăng,Sedan,Xe cũ,80000,Số tự động,Nhập khẩu,Cầu Giấy - Hà Nội,https://oto.com.vn/mua-ban-xe-mercedes-benz-s400-ha-noi/xe-mot-chu-tu-dau-bien-aidxc23372420
23353671,Mercedes-Benz S400 3.0 V6 2017,1350000000.0,19/09/2025,2017,Máy xăng,Sedan,Xe cũ,100000,Số tự động,Nhập khẩu,Long Biên - Hà Nội,https://oto.com.vn/mua-ban-xe-mercedes-benz-s400-ha-noi/xe-tu-nhan-rat-moi-voi-nhieu-option-len-maybach-aidxc23353671
23369036,Mercedes-Benz S400 3.0 V6 2014,1100000000.0,22/09/2025,2014,Máy xăng,Sedan,Xe cũ,109134,Số tự động,Trong nước,Tp.HCM,https://oto.com.vn/mua-ban-xe-mercedes-benz-s400-hcm/ban-maybach-fullup-xe-dep-aidxc23369036
23362790,Mercedes-Benz S400 3.0 V6 2017,1399000000.0,06/09/2025,2017,Máy xăng,Sedan,Xe cũ,70000,Số tự động,Trong nước,Quận 7 - Tp.HCM,https://oto.com.vn/mua-ban-xe-mercedes-benz-s400-hcm/mercedes-l-model-2018-up-body-maybach-aidxc23362790
23371362,Mercedes-Benz S400 3.0 V6 2017,1300000000.0,29/09/2025,2017,Máy xăng,Sedan,Xe cũ,156000,Số tự động,Trong nước,Tp.HCM,https://oto.com.vn/mua-ban-xe-mercedes-benz-s400-hcm/s-class-2017-l-156000-km-aidxc23371362
23363163,Mercedes-Benz S400 3.0 V6 2017,1399000000.0,08/09/2025,2017,Máy xăng,Sedan,Xe cũ,70000,Số tự động,Nhập khẩu,Tp.HCM,https://oto.com.vn/mua-ban-xe-mercedes-benz-s400-hcm/trang-kem-aidxc23363163
23343990,Mercedes-Benz S400 3.0 V6 2014,1250000000.0,21/07/2025,2014,Máy xăng,Sedan,Xe cũ,105000,Số tự động,Trong nước,Nha Trang - Khánh Hòa,https://oto.com.vn/mua-ban-xe-mercedes-benz-s400-khanh-hoa/2014-full-do-maybach-chinh-hang-aidxc23343990
23369227,Mercedes-Benz S450 2022,3789000000.0,23/09/2025,2022,Máy xăng,Sedan,Xe cũ,35000,Số tự động,Nhập khẩu,Hà Nội,https://oto.com.vn/mua-ban-xe-mercedes-benz-s450-ha-noi/2022-aidxc23369227
23372233,Mercedes-Benz S450 2022,4000000000.0,02/10/2025,2022,Máy xăng,Sedan,Xe cũ,30000,Số tự động,Nhập khẩu,Hà Nội,https://oto.com.vn/mua-ban-xe-mercedes-benz-s450-ha-noi/2022-tai-aidxc23372233
23371405,Mercedes-Benz S450 2017,1799000000.0,29/09/2025,2017,Máy xăng,Sedan,Xe cũ,80000,Số tự động,Nhập khẩu,Hà Nội,https://oto.com.vn/mua-ban-xe-mercedes-benz-s450-ha-noi/bank-70-aidxc23371405
23349832,Mercedes-Benz S450 4Matic 2022,3799000000.0,04/09/2025,2022,Máy xăng,Sedan,Xe cũ,24000,Số tự động,Nhập khẩu,Long Biên - Hà Nội,https://oto.com.vn/mua-ban-xe-mercedes-benz-s450-ha-noi/bao-check-test-bao-hanh-chinh-hang-dai-aidxc23349832
23342017,Mercedes-Benz S450 4Matic 2022,3990000000.0,25/09/2025,2022,Máy xăng,Sedan,Xe cũ,10000,Số tự động,Nhập khẩu,Bắc Từ Liêm - Hà Nội,https://oto.com.vn/mua-ban-xe-mercedes-benz-s450-ha-noi/mau-den-noi-that-kem-chay-it-ho-tro-bank-33-ty-lai-suat-tot-aidxc23342017
23369816,Mercedes-Benz S450 4Matic Luxury 2022,4250000000.0,24/09/2025,2022,Máy xăng,Sedan,Xe cũ,1,Số tự động,Nhập khẩu,Cầu Giấy - Hà Nội,https://oto.com.vn/mua-ban-xe-mercedes-benz-s450-ha-noi/s-class-4matic-luxury-2022-aidxc23369816
23365877,Mercedes-Benz S450 4Matic Luxury 2023,4700000000.0,15/09/2025,2023,Máy xăng,Sedan,Xe cũ,12000,Số tự động,Nhập khẩu,Hà Nội,https://oto.com.vn/mua-ban-xe-mercedes-benz-s450-ha-noi/s-class-4matic-luxury-2023-aidxc23365877
23369157,Mercedes-Benz S450 2018,1948000000.0,23/09/2025,2018,Máy xăng,Sedan,Xe cũ,1,Số tự động,Nhập khẩu,Hà Nội,https://oto.com.vn/mua-ban-xe-mercedes-benz-s450-ha-noi/s-class-l-2018-aidxc23369157
23369155,Mercedes-Benz S450 4Matic 2020,2399000000.0,23/09/2025,2020,Máy xăng,Sedan,Xe cũ,1,Số tự động,Nhập khẩu,Hà Nội,https://oto.com.vn/mua-ban-xe-mercedes-benz-s450-ha-noi/s-class-l-2020-aidxc23369155
23368020,Mercedes-Benz S450 4Matic 2022,3590000000.0,19/09/2025,2022,Máy xăng,Sedan,Xe cũ,32000,Số tự động,Nhập khẩu,Hoàng Mai - Hà Nội,https://oto.com.vn/mua-ban-xe-mercedes-benz-s450-ha-noi/sx2022-nhap-duc-mau-do-rubi-noi-that-kem-sieu-dep-aidxc23368020
23367649,Mercedes-Benz S450 4Matic 2018,1780000000.0,18/09/2025,2018,Máy xăng,Sedan,Xe cũ,80000,Số tự động,Nhập khẩu,Tây Hồ - Hà Nội,https://oto.com.vn/mua-ban-xe-mercedes-benz-s450-ha-noi/xe-da-len-mam-maybach-s680-sieu-dep-aidxc23367649
23369187,Mercedes-Benz S450 4Matic 2022,3790000000.0,23/09/2025,2022,Máy xăng,Sedan,Xe cũ,18000,Số tự động,Nhập khẩu,Tp.HCM,https://oto.com.vn/mua-ban-xe-mercedes-benz-s450-hcm/2022-tai-tp-aidxc23369187
23369007,Mercedes-Benz S450 2022,3790000000.0,22/09/2025,2022,Máy xăng,Sedan,Xe cũ,50000,Số tự động,Nhập khẩu,Tp.HCM,https://oto.com.vn/mua-ban-xe-mercedes-benz-s450-hcm/mer-san-xuat-2022-nhap-duc-aidxc23369007
23370931,Mercedes-Benz S450 4Matic Luxury 2022,3790000000.0,27/09/2025,2022,Máy xăng,Sedan,Xe cũ,42000,Số tự động,Nhập khẩu,Tp.HCM,https://oto.com.vn/mua-ban-xe-mercedes-benz-s450-hcm/s-class-2022-luxury-42000-km-aidxc23370931
23372194,Mercedes-Benz S450 4Matic Luxury 2022,4100000000.0,01/10/2025,2022,Máy xăng,Sedan,Xe cũ,15500,Số tự động,Nhập khẩu,Tây Ninh,https://oto.com.vn/mua-ban-xe-mercedes-benz-s450-tay-ninh/4matic-luxury-15500-km-aidxc23372194
23369216,Mercedes-Benz S500 2015,1239000000.0,23/09/2025,2015,Máy xăng,Sedan,Xe cũ,78400,Số tự động,Trong nước,Hà Nội,https://oto.com.vn/mua-ban-xe-mercedes-benz-s500-ha-noi/2015-aidxc23369216
23364350,Mercedes-Benz S500 2004,300000000.0,11/09/2025,2004,Máy xăng,Sedan,Xe cũ,1,Số tự động,Nhập khẩu,Hà Nội,https://oto.com.vn/mua-ban-xe-mercedes-benz-s500-ha-noi/ban-mercedes-sx-2004-tai-duc-aidxc23364350
23372215,Mercedes-Benz S500 2015,1100000000.0,01/10/2025,2015,Máy xăng,Sedan,Xe cũ,70000,Số tự động,Trong nước,Cầu Giấy - Hà Nội,https://oto.com.vn/mua-ban-xe-mercedes-benz-s500-ha-noi/sx-2015-sedan-hang-sang-so-1-chay-chuan-7-van-gia-hoi-cho-nguoi-nhanh-tay-aidxc23372215
23371883,Mercedes-Benz S500 2014,1160000000.0,30/09/2025,2014,Máy xăng,Sedan,Xe cũ,80000,Số tự động,Nhập khẩu,Tây Hồ - Hà Nội,https://oto.com.vn/mua-ban-xe-mercedes-benz-s500-ha-noi/xe-bao-duong-full-lich-su-hang-aidxc23371883
23335715,Mercedes-Benz S500 2015,3350000000.0,21/08/2025,2015,Máy xăng,Sedan,Xe cũ,40000,Số tự động,Nhập khẩu,Tây Hồ - Hà Nội,https://oto.com.vn/mua-ban-xe-mercedes-benz-s500-ha-noi/xe-dang-ky-2017-chu-di-it-chat-xe-con-sieu-net-aidxc23335715
23335214,Mercedes-Benz S500 2016,1539000000.0,24/06/2025,2016,Máy xăng,N/A,Xe cũ,16000,Số tự động,Trong nước,Quận 7 - Tp.HCM,https://oto.com.vn/mua-ban-xe-mercedes-benz-s500-hcm/1-chu-full-lich-su-hang-aidxc23335214
23369219,Mercedes-Benz S500 2015,1239000000.0,23/09/2025,2015,Máy xăng,Sedan,Xe cũ,49000,Số tự động,Nhập khẩu,Tp.HCM,https://oto.com.vn/mua-ban-xe-mercedes-benz-s500-hcm/4matic-2015-49000-km-aidxc23369219
23370621,Mercedes-Benz S500 2014,1299000000.0,26/09/2025,2014,Máy xăng,Sedan,Xe cũ,90000,Số tự động,Trong nước,Tp.HCM,https://oto.com.vn/mua-ban-xe-mercedes-benz-s500-hcm/mercedes-chi-12t-co-the-trai-nghiem-lam-chu-tich-aidxc23370621
23371062,Mercedes-Benz S500 2015,1239000000.0,28/09/2025,2015,Máy xăng,Sedan,Xe cũ,78000,Số tự động,Trong nước,Tp.HCM,https://oto.com.vn/mua-ban-xe-mercedes-benz-s500-hcm/model-2015-aidxc23371062
23338076,Mercedes-Benz S500 2015,1299000000.0,05/07/2025,2015,Máy xăng,Sedan,Xe cũ,99000,Số tự động,Trong nước,Quận 7 - Tp.HCM,https://oto.com.vn/mua-ban-xe-mercedes-benz-s500-hcm/odo-58000-miles-aidxc23338076
23370011,Mercedes-Benz S500 2015,1300000000.0,25/09/2025,2015,Máy xăng,Sedan,Xe cũ,75000,Số tự động,Trong nước,Tp.HCM,https://oto.com.vn/mua-ban-xe-mercedes-benz-s500-hcm/s-class-2015-l-75000-km-aidxc23370011
23321793,Mercedes-Benz S500 2014,1269000000.0,23/09/2025,2014,Máy xăng,Sedan,Xe cũ,91000,Số tự động,Trong nước,Quận 7 - Tp.HCM,https://oto.com.vn/mua-ban-xe-mercedes-benz-s500-hcm/up-full-maybach560-aidxc23321793
23296598,Mercedes-Benz S500L 2015,1399000000.0,12/03/2025,2015,Máy xăng,Sedan,Xe cũ,4200,Số tự động,Trong nước,Thủ Dầu Một - Bình Dương,https://oto.com.vn/mua-ban-xe-mercedes-benz-s500l-binh-duong/p-full-maybach-model-2016-chat-xe-hoan-hao-sieu-dep-aidxc23296598
23290031,Mercedes-Benz S500L 2014,1090000000.0,05/05/2025,2014,Máy xăng,Sedan,Xe cũ,9,Số tự động,Trong nước,Hà Nội,https://oto.com.vn/mua-ban-xe-mercedes-benz-s500l-ha-noi/manh-me-tien-nghi-em-ai-aidxc23290031
23315381,Mercedes-Benz S500L 2011,650000000.0,24/04/2025,2011,Máy xăng,Sedan,Xe cũ,10,Số tự động,Nhập khẩu,Hà Nội,https://oto.com.vn/mua-ban-xe-mercedes-benz-s500l-ha-noi/sang-trong-aidxc23315381
23317513,Mercedes-Benz S500L 2016,1350000000.0,05/05/2025,2016,Máy xăng,Sedan,Xe cũ,10000,Số tự động,Trong nước,Cầu Giấy - Hà Nội,https://oto.com.vn/mua-ban-xe-mercedes-benz-s500l-ha-noi/sang-trong-manh-me-aidxc23317513
23353441,Mercedes-Benz S500L 2009,599000000.0,12/08/2025,2009,Máy xăng,Sedan,Xe cũ,120000,Số tự động,Nhập khẩu,Quận 7 - Tp.HCM,https://oto.com.vn/mua-ban-xe-mercedes-benz-s500l-hcm/den-kem-aidxc23353441
23370143,Mercedes-Benz S500L 2015,1239000000.0,25/09/2025,2015,Máy xăng,Sedan,Xe cũ,49000,Số tự động,Nhập khẩu,Quận 7 - Tp.HCM,https://oto.com.vn/mua-ban-xe-mercedes-benz-s500l-hcm/nhanh-tay-so-huu-cung-dien-hoang-gia-di-dong-gia-chi-1-toi-hon-aidxc23370143
23365711,Mercedes-Benz S500L 2014,1150000000.0,14/09/2025,2014,Máy xăng,Sedan,Xe cũ,78000,Số tự động,Nhập khẩu,Tp.HCM,https://oto.com.vn/mua-ban-xe-mercedes-benz-s500l-hcm/s-class-2014-78000-km-aidxc23365711
23350519,Mercedes-Benz S500L 2016,1599000000.0,04/09/2025,2016,Máy xăng,Sedan,Xe cũ,73333,Số tự động,Nhập khẩu,Quận 7 - Tp.HCM,https://oto.com.vn/mua-ban-xe-mercedes-benz-s500l-hcm/up-full-body-s680-do-zin-con-du-aidxc23350519
23371834,Mercedes-Benz S550 4Matic 2007,450000000.0,30/09/2025,2007,Máy xăng,Sedan,Xe cũ,72500,Số tự động,Nhập khẩu,Cần Thơ,https://oto.com.vn/mua-ban-xe-mercedes-benz-s550-can-tho/s-class-2007-72500-km-aidxc23371834
23368301,Mercedes-Benz S550 4Matic 2007,265000000.0,20/09/2025,2007,Máy xăng,Sedan,Xe cũ,148000,Số tự động,Nhập khẩu,Hóc Môn - Tp.HCM,https://oto.com.vn/mua-ban-xe-mercedes-benz-s550-hcm/chinh-chu-ban-mercedes-aidxc23368301
23258459,Mercedes-Benz S550 4Matic 2008,335000000.0,12/09/2025,2008,Máy xăng,Sedan,Xe cũ,88980,Số tự động,Nhập khẩu,Bình Thạnh - Tp.HCM,https://oto.com.vn/mua-ban-xe-mercedes-benz-s550-hcm/merc-nhap-2008-hang-full-cua-so-troi-paroma-nhung-hoi-nang-ha-ngam-aidxc23258459
23353454,Mercedes-Benz SLK 350 2011,1199000000.0,12/08/2025,2011,Máy xăng,Sedan,Xe cũ,42000,Số tự động,Nhập khẩu,Quận 7 - Tp.HCM,https://oto.com.vn/mua-ban-xe-mercedes-benz-slk-350-hcm/amg-roadster-2011-mui-tran-dang-cap-odo-cuc-dep-aidxc23353454
23369581,Mercedes-Benz Sprinter 2011,200000000.0,24/09/2025,2011,Máy dầu,Van/Minivan,Xe cũ,23456,Số sàn,Nhập khẩu,Bắc Giang,https://oto.com.vn/mua-ban-xe-mercedes-benz-sprinter-bac-giang/mer-2011-dep-xuat-sac-aidxc23369581
23368185,Mercedes-Benz Sprinter 2008,145000000.0,20/09/2025,2008,Máy dầu,Van/Minivan,Xe cũ,123456,Số sàn,Nhập khẩu,Bắc Giang,https://oto.com.vn/mua-ban-xe-mercedes-benz-sprinter-bac-giang/mer-van-6-cho-2008-chinh-chu-aidxc23368185
23361854,Mercedes-Benz Sprinter 2010,199000000.0,04/09/2025,2010,Máy dầu,Van/Minivan,Xe cũ,N/A,Số sàn,Nhập khẩu,Bình Dương,https://oto.com.vn/mua-ban-xe-mercedes-benz-sprinter-binh-duong/mercedes-van-2010-3-cho-aidxc23361854
23361771,Mercedes-Benz Sprinter 2010,215000000.0,04/09/2025,2010,Máy dầu,Minibus,Xe cũ,400000,Số tự động,Nhập khẩu,Cần Thơ,https://oto.com.vn/mua-ban-xe-mercedes-benz-sprinter-can-tho/2010-executive-313-400k-km-aidxc23361771
23369211,Mercedes-Benz Sprinter 2007,150000000.0,23/09/2025,2007,Máy dầu,Minibus,Xe cũ,1,Số sàn,Nhập khẩu,Hà Nội,https://oto.com.vn/mua-ban-xe-mercedes-benz-sprinter-ha-noi/311-cdi-22l-2007-aidxc23369211
23362832,Mercedes-Benz Sprinter 2005,118000000.0,06/09/2025,2005,Máy dầu,Van/Minivan,Xe cũ,180000,Số sàn,Trong nước,Tp.HCM,https://oto.com.vn/mua-ban-xe-mercedes-benz-sprinter-hcm/2005-3-cho-940kg-aidxc23362832
23368002,Mercedes-Benz Sprinter 2008,146000000.0,19/09/2025,2008,Máy dầu,Van/Minivan,Xe cũ,168000,Số sàn,Nhập khẩu,Tp.HCM,https://oto.com.vn/mua-ban-xe-mercedes-benz-sprinter-hcm/2008-may-dau-tai-van-6-cho-900kg-aidxc23368002
23367600,Mercedes-Benz Sprinter 2010,190000000.0,18/09/2025,2010,Máy dầu,Van/Minivan,Xe cũ,260000,Số sàn,Trong nước,Quận 9 - Tp.HCM,https://oto.com.vn/mua-ban-xe-mercedes-benz-sprinter-hcm/2010-executive-313-aidxc23367600
23371653,Mercedes-Benz Sprinter 2011,195000000.0,30/09/2025,2011,Máy dầu,Van/Minivan,Xe cũ,180000,Số sàn,Trong nước,Quận 12 - Tp.HCM,https://oto.com.vn/mua-ban-xe-mercedes-benz-sprinter-hcm/2011-180000-km-aidxc23371653
23367334,Mercedes-Benz Sprinter 2005,115000000.0,18/09/2025,2005,Máy dầu,Van/Minivan,Xe cũ,1234,Số sàn,Trong nước,Quận 12 - Tp.HCM,https://oto.com.vn/mua-ban-xe-mercedes-benz-sprinter-hcm/ban-doi-2005-bao-ha-tai-van-3-cho-115tr-aidxc23367334
23368882,Mercedes-Benz Sprinter 2010,205000000.0,22/09/2025,2010,Máy dầu,Van/Minivan,Xe cũ,262167,Số sàn,Nhập khẩu,Tp.HCM,https://oto.com.vn/mua-ban-xe-mercedes-benz-sprinter-hcm/ban-xe-tai-van-6c-850kg-aidxc23368882
23370965,Mercedes-Benz Sprinter 2012,255000000.0,27/09/2025,2012,Máy dầu,Van/Minivan,Xe cũ,316000,Số sàn,Trong nước,Bình Tân - Tp.HCM,https://oto.com.vn/mua-ban-xe-mercedes-benz-sprinter-hcm/merc-313-sx-2012-mot-chu-du-lich-aidxc23370965
23365406,Mercedes-Benz Sprinter 2008,132000000.0,13/09/2025,2008,Máy dầu,Van/Minivan,Xe cũ,180000,Số sàn,Nhập khẩu,Phú Tân - Tp.HCM,https://oto.com.vn/mua-ban-xe-mercedes-benz-sprinter-hcm/mercedes-2008-313-chinh-chu-aidxc23365406
23368901,Mercedes-Benz Sprinter 2010,185000000.0,22/09/2025,2010,Máy dầu,Van/Minivan,Xe cũ,600000,Số tự động,Nhập khẩu,Tp.HCM,https://oto.com.vn/mua-ban-xe-mercedes-benz-sprinter-hcm/mercedes-313-aidxc23368901
23368611,Mercedes-Benz Sprinter 2011,185000000.0,21/09/2025,2011,Máy dầu,Van/Minivan,Xe cũ,438000,Số sàn,Nhập khẩu,Quận 1 - Tp.HCM,https://oto.com.vn/mua-ban-xe-mercedes-benz-sprinter-hcm/tai-van-6-cho-sx-2011-aidxc23368611
23316943,Mercedes-Benz V220 2016,868000000.0,28/05/2025,2016,Máy dầu,Bán tải,Xe cũ,115000,Số tự động,Nhập khẩu,Bình Tân - Tp.HCM,https://oto.com.vn/mua-ban-xe-mercedes-benz-v-220-hcm/v220d-denden-sx2016-aidxc23316943
23362985,Mercedes-Benz V250 Luxury 2020,1699000000.0,06/09/2025,2020,Máy xăng,MPV,Xe cũ,36000,Số tự động,Nhập khẩu,Cầu Giấy - Hà Nội,https://oto.com.vn/mua-ban-xe-mercedes-benz-v250-ha-noi/luxury-len-full-maybach-vip-4-ghe-aidxc23362985
23352180,Mercedes-Benz V250 Luxury 2019,1570000000.0,08/08/2025,2019,Máy xăng,N/A,Xe cũ,71000,Số tự động,Trong nước,Long Biên - Hà Nội,https://oto.com.vn/mua-ban-xe-mercedes-benz-v250-ha-noi/mot-chu-mua-moi-tu-dau-bao-check-thoai-mai-aidxc23352180
23309663,Mercedes-Benz V250 AMG 2021,2299000000.0,01/07/2025,2021,Máy xăng,N/A,Xe cũ,36000,Số tự động,Nhập khẩu,Long Biên - Hà Nội,https://oto.com.vn/mua-ban-xe-mercedes-benz-v250-ha-noi/xe-con-bao-hanh-den-t62025-da-len-2-ghe-vip-aidxc23309663
23331529,Mercedes-Benz V250 Luxury 2020,1500000000.0,11/06/2025,2020,Máy xăng,MPV,Xe cũ,52000,Số tự động,Trong nước,Thủ Đức - Tp.HCM,https://oto.com.vn/mua-ban-xe-mercedes-benz-v250-hcm/cam-cavet-o-to-uy-tinthu-mua-gia-caotan-tu-quy-aidxc23331529
23362279,Mercedes-Benz V250 Luxury 2020,1399000000.0,05/09/2025,2020,Máy xăng,MPV,Xe cũ,48000,Số tự động,Nhập khẩu,Quận 8 - Tp.HCM,https://oto.com.vn/mua-ban-xe-mercedes-benz-v250-hcm/luxury-model-2021-aidxc23362279
23365255,Mercedes-Benz V250 Luxury 2020,1620000000.0,13/09/2025,2020,Máy xăng,MPV,Xe cũ,48000,Số tự động,Nhập khẩu,Thủ Đức - Tp.HCM,https://oto.com.vn/mua-ban-xe-mercedes-benz-v250-hcm/mer-luxury-2020-sieu-dep-aidxc23365255
23330577,Mercedes-Benz V250 AMG 2020,1500000000.0,16/09/2025,2020,Máy xăng,Van/Minivan,Xe cũ,82000,Số tự động,Nhập khẩu,Quận 7 - Tp.HCM,https://oto.com.vn/mua-ban-xe-mercedes-benz-v250-hcm/mercedes-2020-gia-1500-trieu-aidxc23330577
23333397,Mercedes-Benz V250 Luxury 2019,1559000000.0,17/06/2025,2019,Máy xăng,MPV,Xe cũ,42000,Số tự động,Nhập khẩu,Quận 7 - Tp.HCM,https://oto.com.vn/mua-ban-xe-mercedes-benz-v250-hcm/mercedes-luxury-2019-luot-nhe-42000km-cuc-dep-aidxc23333397
23345647,Mercedes-Benz V250 Luxury 2019,1559000000.0,24/07/2025,2019,Máy xăng,Van/Minivan,Xe cũ,42000,Số tự động,Nhập khẩu,Quận 7 - Tp.HCM,https://oto.com.vn/mua-ban-xe-mercedes-benz-v250-hcm/mercedes-luxury-2019-luot-nhe-cuc-dep-aidxc23345647
23334957,Mercedes-Benz V250 Luxury 2019,1558000000.0,23/06/2025,2019,Máy xăng,MPV,Xe cũ,42000,Số tự động,Nhập khẩu,Bình Tân - Tp.HCM,https://oto.com.vn/mua-ban-xe-mercedes-benz-v250-hcm/xe-7-cho-nhap-khau-nguyen-chiec-aidxc23334957
23224917,Mercedes-Benz V250 Luxury 2020,1620000000.0,16/09/2025,2020,Máy xăng,MPV,Xe cũ,45000,Số tự động,Nhập khẩu,Thủ Đức - Tp.HCM,https://oto.com.vn/mua-ban-xe-mercedes-benz-v250-hcm/xe-cam-ket-chat-luong-ho-tro-ngan-hang-den-70-aidxc23224917
23330415,Mercedes-Benz V250 Luxury 2020,1500000000.0,12/09/2025,2020,Máy xăng,MPV,Xe cũ,52000,Số tự động,Nhập khẩu,Thủ Đức - Tp.HCM,https://oto.com.vn/mua-ban-xe-mercedes-benz-v250-hcm/xe-dam-bao-chat-luong-cam-ket-khong-tai-nan-dam-dung-thuy-kich-ngap-nuoc-aidxc23330415
23372136,Mercedes-Benz V250 AMG 2023,2378000000.0,01/10/2025,2023,Máy xăng,MPV,Xe cũ,36666,Số tự động,Nhập khẩu,Quận 7 - Tp.HCM,https://oto.com.vn/mua-ban-xe-mercedes-benz-v250-hcm/xe-gia-dinh-hoan-hao-voi-noi-that-sang-trong-aidxc23372136
23372072,Mercedes-Benz V250 AMG 2022,2379000000.0,01/10/2025,2022,Máy xăng,MPV,Xe cũ,37000,Số tự động,Nhập khẩu,Bình Tân - Tp.HCM,https://oto.com.vn/mua-ban-xe-mercedes-benz-v250-hcm/xe-gia-dinh-sang-trong-chat-luong-cao-aidxc23372072
23333953,Mercedes-Benz V250 Luxury 2020,1558000000.0,19/06/2025,2020,Máy xăng,MPV,Xe cũ,39000,Số tự động,Nhập khẩu,Quận 7 - Tp.HCM,https://oto.com.vn/mua-ban-xe-mercedes-benz-v250-hcm/xe-luot-chat-luong-cao-day-du-tien-nghi-aidxc23333953
23331972,Mercedes-Benz Vito 2013,130000000.0,12/06/2025,2013,Máy dầu,Van/Minivan,Xe cũ,270467,Số sàn,Nhập khẩu,Cầu Giấy - Hà Nội,https://oto.com.vn/mua-ban-xe-mercedes-benz-vito-ha-noi/ban-xe-mercedes-vans-doi-2013-mau-trang-nhap-khau-tay-ban-nha-gia-150-trieu-aidxc23331972
23346947,Mercedes-Benz Vito 2013,255000000.0,26/07/2025,2013,Máy dầu,Van/Minivan,Xe cũ,110000,Số sàn,Nhập khẩu,Đông Anh - Hà Nội,https://oto.com.vn/mua-ban-xe-mercedes-benz-vito-ha-noi/may-dau-tiet-kiem-aidxc23346947
23370588,MG 5 STD 2023,390000000.0,26/09/2025,2023,Máy xăng,SUV,Xe cũ,92000,Số tự động,Nhập khẩu,Biên Hòa - Đồng Nai,https://oto.com.vn/mua-ban-xe-mg-5-dong-nai/zs-2023-standard-1-at-2wd-92000-km-aidxc23370588
23349350,MG 5 1.5L Luxury 2022,375000000.0,05/09/2025,2022,Máy xăng,Sedan,Xe cũ,38000,Số tự động,Nhập khẩu,Hà Nội,https://oto.com.vn/mua-ban-xe-mg-5-ha-noi/1-chu-tu-moi-chay-38vkm-aidxc23349350
23369527,MG 5 LUX 2022,415000000.0,24/09/2025,2022,Máy xăng,Sedan,Xe cũ,25000,Số tự động,Nhập khẩu,Hà Nội,https://oto.com.vn/mua-ban-xe-mg-5-ha-noi/2022-aidxc23369527
23364524,MG 5 1.5L Luxury 2022,375000000.0,11/09/2025,2022,Máy xăng,Sedan,Xe cũ,35000,Số tự động,Nhập khẩu,Hà Nội,https://oto.com.vn/mua-ban-xe-mg-5-ha-noi/luxury-2022-dk-2023-sieu-chat-aidxc23364524
23371127,MG 5 2022,410000000.0,28/09/2025,2022,Máy xăng,Sedan,Xe cũ,32000,Số tự động,Nhập khẩu,Tp.HCM,https://oto.com.vn/mua-ban-xe-mg-5-hcm/2022-32000-km-aidxc23371127
23368155,MG 5 1.5L Luxury 2022,380000000.0,20/09/2025,2022,Máy xăng,Sedan,Xe cũ,34000,Số tự động,Nhập khẩu,Tp.HCM,https://oto.com.vn/mua-ban-xe-mg-5-hcm/2022-34000-km-aidxc23368155
23371291,MG 5 LUX 2022,409000000.0,29/09/2025,2022,Máy xăng,Sedan,Xe cũ,14000,Số tự động,Nhập khẩu,Tp.HCM,https://oto.com.vn/mua-ban-xe-mg-5-hcm/2022-luxury-14000-km-100tr-do-choi-aidxc23371291
23371812,MG 5 1.5L CVT Delux 2023,439000000.0,30/09/2025,2023,Máy xăng,Sedan,Xe cũ,18000,Số tự động,Nhập khẩu,Tp.HCM,https://oto.com.vn/mua-ban-xe-mg-5-hcm/2023-cvt-luxury-luot-mau-trang-18000-km-aidxc23371812
23354009,MG 5 STD 2024,409000000.0,18/09/2025,2024,Máy xăng,Sedan,Xe cũ,7000,Số tự động,Nhập khẩu,Bình Tân - Tp.HCM,https://oto.com.vn/mua-ban-xe-mg-5-hcm/chi-7-ngan-km-xe-cu-chinh-hang-aidxc23354009
23371088,MG 5 LUX 2023,435000000.0,28/09/2025,2023,Máy xăng,Sedan,Xe cũ,26000,Số tự động,Nhập khẩu,Tp.HCM,https://oto.com.vn/mua-ban-xe-mg-5-hcm/lux-vtec-26000-km-aidxc23371088
23367822,MG 5 1.5L Luxury 2023,405000000.0,19/09/2025,2023,Máy xăng,Sedan,Xe cũ,30000,Số tự động,Nhập khẩu,Tp.HCM,https://oto.com.vn/mua-ban-xe-mg-5-hcm/luxury-2023-30000-km-aidxc23367822
23329782,MG 5 LUX 2024,439000000.0,18/09/2025,2024,Máy xăng,Sedan,Xe cũ,19000,Số tự động,Trong nước,Bình Tân - Tp.HCM,https://oto.com.vn/mua-ban-xe-mg-5-hcm/thanh-ly-xe-cty-aidxc23329782
23354005,MG 5 STD 2024,409000000.0,18/09/2025,2024,Máy xăng,Sedan,Xe cũ,15000,Số tự động,Nhập khẩu,Bình Tân - Tp.HCM,https://oto.com.vn/mua-ban-xe-mg-5-hcm/xe-luot-chinh-hang-aidxc23354005
23371953,MG 5 LUX 2023,499000000.0,01/10/2025,2023,Máy xăng,SUV,Xe cũ,11000,Số tự động,Nhập khẩu,Tp.HCM,https://oto.com.vn/mua-ban-xe-mg-5-hcm/zs-2023-luxury-1-at-2wd-11000-km-aidxc23371953
23371558,MG 5 1.5L Luxury 2022,395000000.0,29/09/2025,2022,Máy xăng,Sedan,Xe cũ,40000,Số tự động,Nhập khẩu,Vĩnh Phúc,https://oto.com.vn/mua-ban-xe-mg-5-vinh-phuc/2022-luxury-40000-km-aidxc23371558
23362915,MG 7 2025,800000000.0,06/09/2025,2025,Máy xăng,Sedan,Xe cũ,N/A,Số tự động,Nhập khẩu,Cần Thơ,https://oto.com.vn/mua-ban-xe-mg-7-can-tho/gia-hot-thang-aidxc23362915
23368648,MG 7 2025,630000000.0,21/09/2025,2025,Máy xăng,Sedan,Xe cũ,26000,Số tự động,Nhập khẩu,Hà Nội,https://oto.com.vn/mua-ban-xe-mg-7-ha-noi/2025-15-luxury-26000-km-aidxc23368648
23339629,MG 7 2024,890000000.0,09/07/2025,2024,Máy xăng,Sedan,Xe cũ,3200,Số tự động,Nhập khẩu,Đồng Hới - Quảng Bình,https://oto.com.vn/mua-ban-xe-mg-7-quang-binh/ban-full-xe-demo-cong-ty-aidxc23339629
23364836,MG G50 2025,520000000.0,12/09/2025,2025,Máy xăng,Van/Minivan,Xe cũ,600,Số tự động,Nhập khẩu,Hà Nội,https://oto.com.vn/mua-ban-xe-mg-g-50-ha-noi/g50-15-mt-com-2025-600km-aidxc23364836
23354050,MG G50 1.5 MT Com 2025,515000000.0,18/09/2025,2025,Máy xăng,MPV,Xe cũ,7000,Số tự động,Nhập khẩu,Bình Tân - Tp.HCM,https://oto.com.vn/mua-ban-xe-mg-g-50-hcm/xe-luot-chinh-hang-aidxc23354050
23354053,MG G50 1.5 MT Com 2025,515000000.0,18/09/2025,2025,Máy xăng,MPV,Xe cũ,200,Số tự động,Nhập khẩu,Bình Tân - Tp.HCM,https://oto.com.vn/mua-ban-xe-mg-g-50-hcm/xe-sieu-luot-nhu-moi-99-aidxc23354053
23363169,MG HS 1.5T Del 2023,515000000.0,08/09/2025,2023,Máy xăng,SUV,Xe cũ,17000,Số tự động,Nhập khẩu,Ninh Kiều - Cần Thơ,https://oto.com.vn/mua-ban-xe-mg-hs-can-tho/xe-thanh-ly-cong-ty-aidxc23363169
23361753,MG HS 2024,585000000.0,04/09/2025,2024,Máy xăng,SUV,Xe cũ,2000,Số tự động,N/A,Hà Nội,https://oto.com.vn/mua-ban-xe-mg-hs-ha-noi/2024-aidxc23361753
23347807,MG HS 1.5T Lux 2024,620000000.0,28/07/2025,2024,Máy xăng,SUV,Xe cũ,10000,Số tự động,Nhập khẩu,Cầu Giấy - Hà Nội,https://oto.com.vn/mua-ban-xe-mg-hs-ha-noi/lien-he-truc-tiep-xem-xe-aidxc23347807
23333300,MG HS 1.5T Lux 2024,630000000.0,17/06/2025,2024,Máy xăng,SUV,Xe cũ,8000,Số tự động,Nhập khẩu,Cầu Giấy - Hà Nội,https://oto.com.vn/mua-ban-xe-mg-hs-ha-noi/nhap-thai-zin-dep-aidxc23333300
23338728,MG HS 1.5T Lux 2024,630000000.0,07/07/2025,2024,Máy xăng,SUV,Xe cũ,8000,Số tự động,Nhập khẩu,Cầu Giấy - Hà Nội,https://oto.com.vn/mua-ban-xe-mg-hs-ha-noi/phien-ban-luxury-mau-den-sang-trong-aidxc23338728
23350418,MG HS 1.5T Lux 2023,605000000.0,04/08/2025,2023,Máy xăng,SUV,Xe cũ,4000,Số tự động,Nhập khẩu,Cầu Giấy - Hà Nội,https://oto.com.vn/mua-ban-xe-mg-hs-ha-noi/thieu-moi-cai-thung-thanh-xe-moi-aidxc23350418
23338871,MG HS 1.5T Lux 2024,635000000.0,08/07/2025,2024,Máy xăng,SUV,Xe cũ,8000,Số tự động,Nhập khẩu,Cầu Giấy - Hà Nội,https://oto.com.vn/mua-ban-xe-mg-hs-ha-noi/xe-moi-ni-long-xung-quanh-xe-ban-ghe-dat-sport-aidxc23338871
23313971,MG HS 1.5T Lux 2023,599000000.0,23/05/2025,2023,Máy xăng,Crossover,Xe cũ,47000,Số tự động,Nhập khẩu,Bình Tân - Tp.HCM,https://oto.com.vn/mua-ban-xe-mg-hs-hcm/1-chu-xe-dep-aidxc23313971
23367174,MG HS 1.5T Lux 2024,609000000.0,17/09/2025,2024,Máy xăng,SUV,Xe cũ,11000,Số tự động,Nhập khẩu,Tp.HCM,https://oto.com.vn/mua-ban-xe-mg-hs-hcm/15-lux-2024-11000-km-sieu-dep-aidxc23367174
23367612,MG HS 1.5T Lux 2024,609000000.0,18/09/2025,2024,Máy xăng,SUV,Xe cũ,11000,Số tự động,Nhập khẩu,Tp.HCM,https://oto.com.vn/mua-ban-xe-mg-hs-hcm/2024-11000-km-aidxc23367612
23315778,MG HS 2.0T AWD AT Trophy 2020,499000000.0,25/04/2025,2020,Máy xăng,Crossover,Xe cũ,69000,Số tự động,Nhập khẩu,Thủ Đức - Tp.HCM,https://oto.com.vn/mua-ban-xe-mg-hs-hcm/len-nhieu-do-choi-aidxc23315778
23367575,MG HS 1.5T Lux 2024,609000000.0,18/09/2025,2024,Máy xăng,SUV,Xe cũ,11000,Số tự động,Nhập khẩu,Bình Tân - Tp.HCM,https://oto.com.vn/mua-ban-xe-mg-hs-hcm/lux-2024-11-ngan-km-tiet-kiem-120tr-aidxc23367575
23362178,MG HS 1.5T Lux 2023,620000000.0,05/09/2025,2023,Máy xăng,SUV,Xe cũ,10000,Số tự động,Nhập khẩu,Tp.HCM,https://oto.com.vn/mua-ban-xe-mg-hs-hcm/luxury-2023-odo-10000-km-dky-dau-2024-aidxc23362178
23328590,MG HS 1.5T Lux 2024,599000000.0,18/08/2025,2024,Máy xăng,SUV,Xe cũ,19000,Số tự động,Trong nước,Bình Tân - Tp.HCM,https://oto.com.vn/mua-ban-xe-mg-hs-hcm/xe-cty-thanh-ly-aidxc23328590
23355350,MG HS 1.5T Del 2023,535000000.0,19/08/2025,2023,Máy xăng,Crossover,Xe cũ,17000,Số tự động,Nhập khẩu,Bình Tân - Tp.HCM,https://oto.com.vn/mua-ban-xe-mg-hs-hcm/xe-cu-chinh-hang-aidxc23355350
23313125,MG RX5 1.5 LUX 2024,690000000.0,17/04/2025,2024,Máy xăng,SUV,Xe cũ,3000,Số tự động,Trong nước,Cầu Giấy - Hà Nội,https://oto.com.vn/mua-ban-xe-mg-rx5-ha-noi/trang-3000km-aidxc23313125
23369360,MG RX5 1.5 LUX 2024,665000000.0,23/09/2025,2024,Máy xăng,SUV,Xe cũ,1000,Số tự động,Nhập khẩu,Cầu Giấy - Hà Nội,https://oto.com.vn/mua-ban-xe-mg-rx5-ha-noi/trang-dep-xuat-sac-aidxc23369360
23335784,MG RX5 1.5 LUX 2024,670000000.0,26/06/2025,2024,Máy xăng,SUV,Xe cũ,5000,Số tự động,Nhập khẩu,Cầu Giấy - Hà Nội,https://oto.com.vn/mua-ban-xe-mg-rx5-ha-noi/xe-khong-co-diem-che-bao-check-aidxc23335784
23370820,MG RX5 1.5 LUX 2024,665000000.0,27/09/2025,2024,Máy xăng,SUV,Xe cũ,1000,Số tự động,Nhập khẩu,Cầu Giấy - Hà Nội,https://oto.com.vn/mua-ban-xe-mg-rx5-ha-noi/xe-nhu-moi-sieu-dep-aidxc23370820
23366841,MG RX5 1.5 LUX 2023,590000000.0,17/09/2025,2023,Máy xăng,SUV,Xe cũ,40000,Số tự động,Nhập khẩu,Quận 12 - Tp.HCM,https://oto.com.vn/mua-ban-xe-mg-rx5-hcm/gia-chi-590tr-con-thuong-luong-aidxc23366841
23343569,MG RX5 2023,570000000.0,19/07/2025,2023,Máy xăng,SUV,Xe cũ,28000,Số tự động,Nhập khẩu,Tân Phú - Tp.HCM,https://oto.com.vn/mua-ban-xe-mg-rx5-hcm/lux-xe-luot-nhu-moi-gia-cuc-mem-chi-570-trieu-aidxc23343569
23318231,MG RX5 1.5 LUX 2023,569000000.0,16/06/2025,2023,Máy xăng,SUV,Xe cũ,28000,Số tự động,Nhập khẩu,Bình Tân - Tp.HCM,https://oto.com.vn/mua-ban-xe-mg-rx5-hcm/odo-2v8-aidxc23318231
23364146,MG RX5 1.5 STD 2023,515000000.0,11/09/2025,2023,Máy xăng,SUV,Xe cũ,38000,Số tự động,Nhập khẩu,Quận 6 - Tp.HCM,https://oto.com.vn/mua-ban-xe-mg-rx5-hcm/std-2023-38000-km-aidxc23364146
23293963,MG RX5 1.5 LUX 2023,589000000.0,07/03/2025,2023,Máy xăng,Crossover,Xe cũ,18000,Số tự động,Nhập khẩu,Quận 6 - Tp.HCM,https://oto.com.vn/mua-ban-xe-mg-rx5-hcm/xam-aidxc23293963
23355347,MG RX5 1.5 STD 2023,515000000.0,18/09/2025,2023,Máy xăng,Crossover,Xe cũ,13000,Số tự động,Nhập khẩu,Bình Tân - Tp.HCM,https://oto.com.vn/mua-ban-xe-mg-rx5-hcm/xe-cu-chinh-hang-aidxc23355347
23345028,MG RX5 1.5 LUX 2022,570000000.0,23/07/2025,2022,Máy xăng,SUV,Xe cũ,27000,Số tự động,Nhập khẩu,Tân Phú - Tp.HCM,https://oto.com.vn/mua-ban-xe-mg-rx5-hcm/xe-demo-thanh-ly-noi-that-may-moc-nguyen-zin-aidxc23345028
23347936,MG RX5 1.5 STD 2023,560000000.0,28/07/2025,2023,Máy xăng,SUV,Xe cũ,15400,Số tự động,Nhập khẩu,Vinh - Nghệ An,https://oto.com.vn/mua-ban-xe-mg-rx5-nghe-an/xe-suv-5-cho-mau-xam-ghi-lan-banh-it-chinh-chu-aidxc23347936
23363077,MG ZS 1.5 2WD LUX+ 2025,519000000.0,07/09/2025,2025,Máy xăng,Crossover,Xe cũ,1000,Số tự động,Nhập khẩu,Ninh Kiều - Cần Thơ,https://oto.com.vn/mua-ban-xe-mg-zs-can-tho/re-hon-moi-70tr-sieu-luot-1000km-aidxc23363077
23366061,MG ZS 1.5L LUX+ 2025,525000000.0,15/09/2025,2025,Máy xăng,SUV,Xe cũ,1000,Số tự động,Nhập khẩu,Bình Thủy - Cần Thơ,https://oto.com.vn/mua-ban-xe-mg-zs-can-tho/re-hon-moi-70tr-sieu-luot-1000km-aidxc23366061
23363079,MG ZS 1.5L LUX+ 2025,515000000.0,07/09/2025,2025,Máy xăng,Crossover,Xe cũ,5000,Số tự động,Nhập khẩu,Ninh Kiều - Cần Thơ,https://oto.com.vn/mua-ban-xe-mg-zs-can-tho/sieu-luot-3000-km-aidxc23363079
23371252,MG ZS 2021,395000000.0,28/09/2025,2021,Máy xăng,N/A,Xe cũ,50000,Số tự động,Nhập khẩu,Hà Nội,https://oto.com.vn/mua-ban-xe-mg-zs-ha-noi/2021-tai-aidxc23371252
23371772,MG ZS 2022,405000000.0,30/09/2025,2022,Máy xăng,SUV,Xe cũ,35000,Số tự động,Nhập khẩu,Hà Nội,https://oto.com.vn/mua-ban-xe-mg-zs-ha-noi/2022-aidxc23371772
23369912,MG ZS 1.5 2WD STD+ 2022,405000000.0,24/09/2025,2022,Máy xăng,SUV,Xe cũ,35000,Số tự động,Nhập khẩu,Hà Nội,https://oto.com.vn/mua-ban-xe-mg-zs-ha-noi/mau-gam-cao-gia-cuc-tot-aidxc23369912
23370268,MG ZS 1.5 2WD Luxury 2021,435000000.0,25/09/2025,2021,Máy xăng,SUV,Xe cũ,60000,Số tự động,Trong nước,Kiến An - Hải Phòng,https://oto.com.vn/mua-ban-xe-mg-zs-hai-phong/odo-6-van-km-1-chu-tu-dau-aidxc23370268
23366665,MG ZS 1.5 2WD LUX+ 2025,529000000.0,16/09/2025,2025,Máy xăng,SUV,Xe cũ,300,Số tự động,Nhập khẩu,Tp.HCM,https://oto.com.vn/mua-ban-xe-mg-zs-hcm/15-2wd-lux-2025-300km-aidxc23366665
23372231,MG ZS 2023,415000000.0,02/10/2025,2023,Máy xăng,N/A,Xe cũ,58000,Số tự động,Nhập khẩu,Tp.HCM,https://oto.com.vn/mua-ban-xe-mg-zs-hcm/2023-tai-tp-aidxc23372231
23365347,MG ZS 1.5 2WD Luxury 2025,525000000.0,13/09/2025,2025,Máy xăng,SUV,Xe cũ,1000,Số tự động,Nhập khẩu,Quận 6 - Tp.HCM,https://oto.com.vn/mua-ban-xe-mg-zs-hcm/luxury-2025-odo-1000km-aidxc23365347
23363075,MG ZS 1.5L LUX+ 2025,519000000.0,07/09/2025,2025,Máy xăng,SUV,Xe cũ,1000,Số tự động,Nhập khẩu,Bình Tân - Tp.HCM,https://oto.com.vn/mua-ban-xe-mg-zs-hcm/re-hon-moi-70tr-sieu-luot-1000km-aidxc23363075
23363076,MG ZS 1.5 2WD LUX+ 2025,515000000.0,07/09/2025,2025,Máy xăng,Crossover,Xe cũ,1000,Số tự động,Nhập khẩu,Bình Tân - Tp.HCM,https://oto.com.vn/mua-ban-xe-mg-zs-hcm/re-hon-moi-70tr-sieu-luot-1000km-aidxc23363076
23335295,MG ZS 1.5L LUX+ 2025,519000000.0,07/09/2025,2025,Máy xăng,Crossover,Xe cũ,5000,Số tự động,Nhập khẩu,Bình Tân - Tp.HCM,https://oto.com.vn/mua-ban-xe-mg-zs-hcm/sieu-luot-5000-km-aidxc23335295
23354030,MG ZS STD+ 2025,449000000.0,18/09/2025,2025,Máy xăng,SUV,Xe cũ,11000,Số tự động,Nhập khẩu,Bình Tân - Tp.HCM,https://oto.com.vn/mua-ban-xe-mg-zs-hcm/xe-cu-chinh-hang-khong-dam-dung-ngap-nuoc-aidxc23354030
23370899,MG ZS 1.5 2WD Comfort 2020,325000000.0,27/09/2025,2020,Máy xăng,SUV,Xe cũ,69000,Số tự động,Nhập khẩu,Hạ Long - Quảng Ninh,https://oto.com.vn/mua-ban-xe-mg-zs-quang-ninh/can-ban-xe-ban-comfort-2020-dang-ky-2021-aidxc23370899
23356671,Mini Clubman 2023,1838000000.0,22/08/2025,2023,Máy xăng,N/A,Xe cũ,900,Số tự động,Nhập khẩu,Quận 7 - Tp.HCM,https://oto.com.vn/mua-ban-xe-mini-clubman-hcm/bao-dau-bank-70-90-ib-zalo-tu-van-truc-tiep-247-aidxc23356671
23338661,Mini Clubman s 2016,1070000000.0,07/09/2025,2016,Máy xăng,Hatchback,Xe cũ,71000,Số tự động,Nhập khẩu,Thủ Đức - Tp.HCM,https://oto.com.vn/mua-ban-xe-mini-clubman-hcm/xe-dam-bao-chat-luong-cam-ket-khong-tai-nan-dam-dung-thuy-kich-ngap-nuoc-aidxc23338661
23364877,Mini Cooper S 2014,615000000.0,12/09/2025,2014,Máy xăng,Crossover,Xe cũ,68000,Số tự động,Nhập khẩu,Cần Thơ,https://oto.com.vn/mua-ban-xe-mini-cooper-can-tho/xe-countryman-s-2014-615-trieu-aidxc23364877
23362386,Mini Cooper S Clubman 2015,789000000.0,05/09/2025,2015,Máy xăng,Wagon,Xe cũ,30000,Số tự động,Nhập khẩu,Tp.HCM,https://oto.com.vn/mua-ban-xe-mini-cooper-hcm/clubman-model-2016-sieu-cop-aidxc23362386
23331068,Mini Cooper John Works 2021,2089000000.0,10/06/2025,2021,Máy xăng,Hatchback,Xe cũ,13333,Số tự động,Nhập khẩu,Quận 7 - Tp.HCM,https://oto.com.vn/mua-ban-xe-mini-cooper-hcm/co-hoi-so-huu-xe-hang-suu-tam-hiem-co-aidxc23331068
23331085,Mini Cooper S Convertible 2009,520000000.0,10/06/2025,2009,Máy xăng,Convertible,Xe cũ,89890,Số tự động,Nhập khẩu,Bình Thạnh - Tp.HCM,https://oto.com.vn/mua-ban-xe-mini-cooper-hcm/copper-convertible-2009-mui-xep-hang-full-noi-that-rat-dep-nha-mua-moi-it-di-aidxc23331085
23330189,Mini Cooper John Works Convertible 2021,2099000000.0,08/08/2025,2021,Máy xăng,Convertible,Xe cũ,13000,Số tự động,Nhập khẩu,Quận 7 - Tp.HCM,https://oto.com.vn/mua-ban-xe-mini-cooper-hcm/mui-tran-hang-tuyet-chung-like-new-di-13-ngan-aidxc23330189
23364471,Mini Cooper s 5dr thể thao 2023,1790000000.0,11/09/2025,2023,Máy xăng,Hatchback,Xe cũ,21000,Số tự động,Trong nước,Quận 8 - Tp.HCM,https://oto.com.vn/mua-ban-xe-mini-cooper-hcm/resolute-edition-s-5door-model-2024-aidxc23364471
23330024,Mini Cooper John Works 2021,2099000000.0,06/06/2025,2021,Máy xăng,Hatchback,Xe cũ,13333,Số tự động,Nhập khẩu,Quận 7 - Tp.HCM,https://oto.com.vn/mua-ban-xe-mini-cooper-hcm/tiet-kiem-ngay-600tr-aidxc23330024
23321485,Mini Cooper 3 cửa 2008,370000000.0,16/09/2025,2008,Máy xăng,Hatchback,Xe cũ,75000,Số tự động,Nhập khẩu,Thủ Đức - Tp.HCM,https://oto.com.vn/mua-ban-xe-mini-cooper-hcm/xe-dam-bao-chat-luong-cam-ket-khong-tai-nan-dam-dung-thuy-kich-ngap-nuoc-aidxc23321485
23348653,Mini Cooper S 3 cửa 2022,1630000000.0,29/08/2025,2022,Máy xăng,Hatchback,Xe cũ,19000,Số tự động,Nhập khẩu,Long Biên - Hà Nội,https://oto.com.vn/mua-ban-xe-mini-cooper-s-ha-noi/cap-ben-1-em-hang-hiem-cho-cac-chi-em-aidxc23348653
23342712,Mini Cooper S 3 cửa 2022,1630000000.0,29/08/2025,2022,Máy xăng,Hatchback,Xe cũ,19000,Số tự động,Nhập khẩu,Long Biên - Hà Nội,https://oto.com.vn/mua-ban-xe-mini-cooper-s-ha-noi/cap-ben-1-em-sieu-hiem-cho-cac-chi-em-aidxc23342712
23344374,Mini Cooper S 3 cửa 2022,1630000000.0,29/08/2025,2022,Máy xăng,Hatchback,Xe cũ,19000,Số tự động,Nhập khẩu,Long Biên - Hà Nội,https://oto.com.vn/mua-ban-xe-mini-cooper-s-ha-noi/cua-loc-loa-harman-carplay-ko-day-aidxc23344374
23364597,Mini Cooper S 5 cửa 2023,1839000000.0,12/09/2025,2023,Máy xăng,Hatchback,Xe cũ,900,Số tự động,Nhập khẩu,Hà Nội,https://oto.com.vn/mua-ban-xe-mini-cooper-s-ha-noi/e-can-ban-sx-2023-xe-sieu-moi-aidxc23364597
23334364,Mini Cooper S 2022,1638000000.0,20/06/2025,2022,Máy xăng,N/A,Xe cũ,7000,Số tự động,Trong nước,Quận 7 - Tp.HCM,https://oto.com.vn/mua-ban-xe-mini-cooper-s-hcm/bao-dau-bank-70-90-ib-zalo-tu-van-truc-tiep-247-aidxc23334364
23351721,Mini Cooper S 2023,1798000000.0,07/08/2025,2023,Máy xăng,N/A,Xe cũ,11000,Số tự động,Nhập khẩu,Quận 7 - Tp.HCM,https://oto.com.vn/mua-ban-xe-mini-cooper-s-hcm/bao-dau-bank-70-90-ib-zalo-tu-van-truc-tiep-247-aidxc23351721
23333048,Mini Cooper S 3 cửa 2022,1679000000.0,16/06/2025,2022,Máy xăng,Sport Car,Xe cũ,12000,Số tự động,Nhập khẩu,Quận 7 - Tp.HCM,https://oto.com.vn/mua-ban-xe-mini-cooper-s-hcm/ca-tinh-the-thao-aidxc23333048
23367603,Mini Cooper S 3 cửa 2022,1679000000.0,18/09/2025,2022,Máy xăng,Sport Car,Xe cũ,9555,Số tự động,Nhập khẩu,Quận 7 - Tp.HCM,https://oto.com.vn/mua-ban-xe-mini-cooper-s-hcm/ca-tinh-the-thao-aidxc23367603
23340872,Mini Cooper S 3 cửa 2014,699000000.0,14/07/2025,2014,Máy xăng,Hatchback,Xe cũ,60000,Số tự động,Nhập khẩu,Thủ Đức - Tp.HCM,https://oto.com.vn/mua-ban-xe-mini-cooper-s-hcm/cam-giac-lai-dinh-cao-manh-me-va-ca-tinh-aidxc23340872
23327061,Mini Cooper S 3 cửa 2014,699000000.0,27/05/2025,2014,Máy xăng,Hatchback,Xe cũ,31000,Số tự động,Nhập khẩu,Quận 7 - Tp.HCM,https://oto.com.vn/mua-ban-xe-mini-cooper-s-hcm/du-ho-so-sang-ten-gia-thuong-luong-aidxc23327061
23346144,Mini Cooper S 3 cửa 2018,1199000000.0,25/08/2025,2018,Máy xăng,Hatchback,Xe cũ,26000,Số tự động,Nhập khẩu,Quận 7 - Tp.HCM,https://oto.com.vn/mua-ban-xe-mini-cooper-s-hcm/model-2019-dep-hon-ngoc-trinh-aidxc23346144
23364655,Mini Cooper S 3 cửa 2022,1590000000.0,12/09/2025,2022,Máy xăng,Hatchback,Xe cũ,9500,Số tự động,Nhập khẩu,Quận 7 - Tp.HCM,https://oto.com.vn/mua-ban-xe-mini-cooper-s-hcm/tiet-kiem-ngay-500tr-bank-65-aidxc23364655
23333283,Mini Cooper S 3 cửa 2022,1679000000.0,17/06/2025,2022,Máy xăng,Hatchback,Xe cũ,12222,Số tự động,Nhập khẩu,Quận 7 - Tp.HCM,https://oto.com.vn/mua-ban-xe-mini-cooper-s-hcm/tiet-kiem-ngay-500tr-bank-70-aidxc23333283
23343115,Mini Cooper S 3 cửa 2022,1699000000.0,20/08/2025,2022,Máy xăng,Hatchback,Xe cũ,12222,Số tự động,Nhập khẩu,Quận 7 - Tp.HCM,https://oto.com.vn/mua-ban-xe-mini-cooper-s-hcm/tiet-kiem-ngay-700tr-bank-70-aidxc23343115
23363268,Mini Cooper S 3 cửa 2022,1679000000.0,09/09/2025,2022,Máy xăng,Hatchback,Xe cũ,12222,Số tự động,Nhập khẩu,Quận 7 - Tp.HCM,https://oto.com.vn/mua-ban-xe-mini-cooper-s-hcm/tiet-kiem-ngay-hon-600tr-bank-70-aidxc23363268
23330025,Mini John Cooper Works Convertible 2021,2099000000.0,08/07/2025,2021,Máy xăng,Sedan,Xe cũ,13333,Số tự động,Nhập khẩu,Quận 7 - Tp.HCM,https://oto.com.vn/mua-ban-xe-mini-john-cooper-works-hcm/tiet-kiem-ngay-800tr-bank-65-aidxc23330025
23339141,Mitsubishi Attrage CVT 2021,329000000.0,16/09/2025,2021,Máy xăng,Sedan,Xe cũ,73000,Số tự động,Nhập khẩu,Dĩ An - Bình Dương,https://oto.com.vn/mua-ban-xe-mitsubishi-attrage-binh-duong/nhap-thai-gia-chi-3-dong-aidxc23339141
23338604,Mitsubishi Attrage CVT 2021,299000000.0,16/09/2025,2021,Máy xăng,Sedan,Xe cũ,80000,Số tự động,Nhập khẩu,Dĩ An - Bình Dương,https://oto.com.vn/mua-ban-xe-mitsubishi-attrage-binh-duong/nhap-thai-gia-sieu-tot-chi-hon-2-dong-aidxc23338604
23371604,Mitsubishi Attrage 1.2L MT 2021,255000000.0,30/09/2025,2021,Máy xăng,Sedan,Xe cũ,62000,Số sàn,Nhập khẩu,Cần Thơ,https://oto.com.vn/mua-ban-xe-mitsubishi-attrage-can-tho/2021-12-mt-62000-km-aidxc23371604
23371001,Mitsubishi Attrage CVT 2020,315000000.0,27/09/2025,2020,Máy xăng,Sedan,Xe cũ,60000,Số tự động,Nhập khẩu,Đồng Nai,https://oto.com.vn/mua-ban-xe-mitsubishi-attrage-dong-nai/2020-12-cvt-60000-km-aidxc23371001
23370462,Mitsubishi Attrage 1.2L MT 2022,265000000.0,26/09/2025,2022,Máy xăng,Sedan,Xe cũ,14450,Số sàn,Nhập khẩu,Đồng Nai,https://oto.com.vn/mua-ban-xe-mitsubishi-attrage-dong-nai/2022-12-mt-14450-km-aidxc23370462
23372429,Mitsubishi Attrage 1.2L AT 2021,325000000.0,02/10/2025,2021,Máy xăng,Sedan,Xe cũ,40000,Số tự động,Nhập khẩu,Phong Điền - Gia Lai,https://oto.com.vn/mua-ban-xe-mitsubishi-attrage-gia-lai/atranger-sx-2021-12l-at-40000-km-aidxc23372429
23371609,Mitsubishi Attrage 1.2L MT 2022,285000000.0,30/09/2025,2022,Máy xăng,Sedan,Xe cũ,21000,Số sàn,Nhập khẩu,Cầu Giấy - Hà Nội,https://oto.com.vn/mua-ban-xe-mitsubishi-attrage-ha-noi/2022-dk-2023-12-mt-21000-km-aidxc23371609
23372308,Mitsubishi Attrage 1.2L MT 2021,280000000.0,02/10/2025,2021,Máy xăng,Sedan,Xe cũ,50000,Số sàn,Nhập khẩu,Hà Tĩnh,https://oto.com.vn/mua-ban-xe-mitsubishi-attrage-ha-tinh/2021-12l-mt-50000-km-aidxc23372308
23370659,Mitsubishi Attrage 1.2L MT 2020,253000000.0,26/09/2025,2020,Máy xăng,Sedan,Xe cũ,71000,Số sàn,Nhập khẩu,Gò Vấp - Tp.HCM,https://oto.com.vn/mua-ban-xe-mitsubishi-attrage-hcm/2020-mt-71000-km-aidxc23370659
23371668,Mitsubishi Attrage CVT 2020,335000000.0,30/09/2025,2020,Máy xăng,Sedan,Xe cũ,N/A,Số tự động,N/A,Tp.HCM,https://oto.com.vn/mua-ban-xe-mitsubishi-attrage-hcm/2020-tai-tp-aidxc23371668
23371763,Mitsubishi Attrage CVT 2021,350000000.0,30/09/2025,2021,Máy xăng,Sedan,Xe cũ,50000,Số tự động,Nhập khẩu,Tp.HCM,https://oto.com.vn/mua-ban-xe-mitsubishi-attrage-hcm/2021-12l-cvt-50000-km-aidxc23371763
23370556,Mitsubishi Attrage 2022,270000000.0,26/09/2025,2022,Máy xăng,Sedan,Xe cũ,160000,Số sàn,Nhập khẩu,Tp.HCM,https://oto.com.vn/mua-ban-xe-mitsubishi-attrage-hcm/2022-160000-km-aidxc23370556
23368300,Mitsubishi Attrage CVT Premium 2023,350000000.0,20/09/2025,2023,Máy xăng,Sedan,Xe cũ,140000,Số tự động,Nhập khẩu,Tp.HCM,https://oto.com.vn/mua-ban-xe-mitsubishi-attrage-hcm/2023-premium-12-cvt-140000-km-aidxc23368300
23371524,Mitsubishi Attrage CVT 2020,335000000.0,29/09/2025,2020,Máy xăng,Sedan,Xe cũ,66000,Số tự động,Nhập khẩu,Tp.HCM,https://oto.com.vn/mua-ban-xe-mitsubishi-attrage-hcm/cvt-2020-tra-truoc-100tr-aidxc23371524
23372285,Mitsubishi Attrage 1.2L MT 2018,179000000.0,02/10/2025,2018,Máy xăng,Sedan,Xe cũ,70000,Số sàn,Nhập khẩu,Quảng Nam,https://oto.com.vn/mua-ban-xe-mitsubishi-attrage-quang-nam/2018-12-mt-eco-70000-km-aidxc23372285
23365658,Mitsubishi Grandis 2.4 MIVEC 2009,272000000.0,14/09/2025,2009,Máy xăng,MPV,Xe cũ,135252,Số tự động,Trong nước,Bà Rịa Vũng Tàu,https://oto.com.vn/mua-ban-xe-mitsubishi-grandis-ba-ria-vung-tau/2009-24-mivec-135252-km-aidxc23365658
23366591,Mitsubishi Grandis 2.4 MIVEC 2005,195000000.0,16/09/2025,2005,Máy xăng,MPV,Xe cũ,195000,Số tự động,Trong nước,Bình Dương,https://oto.com.vn/mua-ban-xe-mitsubishi-grandis-binh-duong/2005-24-at-195000-km-aidxc23366591
23364233,Mitsubishi Grandis 2.4 MIVEC 2009,265000000.0,11/09/2025,2009,Máy xăng,MPV,Xe cũ,115000,Số tự động,Trong nước,Bình Dương,https://oto.com.vn/mua-ban-xe-mitsubishi-grandis-binh-duong/2009-24-mivec-115000-km-aidxc23364233
23363903,Mitsubishi Grandis 2.4 MIVEC 2005,170000000.0,10/09/2025,2005,Máy xăng,MPV,Xe cũ,200000,Số tự động,Nhập khẩu,Bình Phước,https://oto.com.vn/mua-ban-xe-mitsubishi-grandis-binh-phuoc/2005-24-at-200000-km-aidxc23363903
23369487,Mitsubishi Grandis 2.4 MIVEC 2005,188000000.0,23/09/2025,2005,Máy xăng,MPV,Xe cũ,160000,Số tự động,Trong nước,Biên Hòa - Đồng Nai,https://oto.com.vn/mua-ban-xe-mitsubishi-grandis-dong-nai/2005-24-at-zin-khong-loi-aidxc23369487
23363688,Mitsubishi Grandis 2.4 MIVEC 2006,175000000.0,10/09/2025,2006,Máy xăng,MPV,Xe cũ,248000,Số tự động,Trong nước,Bắc Từ Liêm - Hà Nội,https://oto.com.vn/mua-ban-xe-mitsubishi-grandis-ha-noi/2006-vang-cat-24-at-248000-km-aidxc23363688
23371513,Mitsubishi Grandis 2.4 MIVEC 2005,125000000.0,29/09/2025,2005,Máy xăng,MPV,Xe cũ,300000,Số tự động,Trong nước,Hải Phòng,https://oto.com.vn/mua-ban-xe-mitsubishi-grandis-hai-phong/2005-24-at-300000-km-aidxc23371513
23366273,Mitsubishi Grandis 2.4 MIVEC 2005,205000000.0,16/09/2025,2005,Máy xăng,MPV,Xe cũ,148000,Số tự động,Trong nước,Tp.HCM,https://oto.com.vn/mua-ban-xe-mitsubishi-grandis-hcm/2005-24-at-148000-km-aidxc23366273
23364660,Mitsubishi Grandis 2.4 MIVEC 2005,168000000.0,12/09/2025,2005,Máy xăng,MPV,Xe cũ,165000,Số tự động,Trong nước,Thủ Đức - Tp.HCM,https://oto.com.vn/mua-ban-xe-mitsubishi-grandis-hcm/2005-24-at-165000-km-aidxc23364660
23368206,Mitsubishi Grandis 2.4 MIVEC 2005,168900000.0,20/09/2025,2005,Máy xăng,MPV,Xe cũ,200000,Số tự động,Trong nước,Tp.HCM,https://oto.com.vn/mua-ban-xe-mitsubishi-grandis-hcm/2005-24-at-200000-km-aidxc23368206
23366849,Mitsubishi Grandis 2.4 MIVEC 2006,198000000.0,17/09/2025,2006,Máy xăng,SUV,Xe cũ,150000,Số tự động,Trong nước,Tp.HCM,https://oto.com.vn/mua-ban-xe-mitsubishi-grandis-hcm/2006-24-at-150000-km-aidxc23366849
23366240,Mitsubishi Grandis 2.4 MIVEC 2009,272000000.0,16/09/2025,2009,Máy xăng,MPV,Xe cũ,110000,Số tự động,Trong nước,Tp.HCM,https://oto.com.vn/mua-ban-xe-mitsubishi-grandis-hcm/2009-24-mivec-110000-km-aidxc23366240
23370284,Mitsubishi Grandis 2.4 MIVEC 2006,199000000.0,25/09/2025,2006,Máy xăng,MPV,Xe cũ,156789,Số tự động,Nhập khẩu,Tp.HCM,https://oto.com.vn/mua-ban-xe-mitsubishi-grandis-hcm/24-at-2006-199-trieu-aidxc23370284
23372098,Mitsubishi Grandis 2.4 MIVEC 2006,169000000.0,01/10/2025,2006,Máy xăng,MPV,Xe cũ,218000,Số tự động,Trong nước,Tp.HCM,https://oto.com.vn/mua-ban-xe-mitsubishi-grandis-hcm/ban-xe-2006-mau-bac-aidxc23372098
23362777,Mitsubishi Grandis 2.4 MIVEC 2005,159000000.0,06/09/2025,2005,Máy xăng,MPV,Xe cũ,25800,Số tự động,Trong nước,Ninh Bình,https://oto.com.vn/mua-ban-xe-mitsubishi-grandis-ninh-binh/2005-24-at-cho-ae-choi-aidxc23362777
23362374,Mitsubishi Jolie 2.0 MT 2004,111100000.0,05/09/2025,2004,Máy xăng,MPV,Xe cũ,64,Số sàn,Trong nước,Bình Dương,https://oto.com.vn/mua-ban-xe-mitsubishi-jolie-binh-duong/2004-mb-20-mpi-2004-64-km-aidxc23362374
23329770,Mitsubishi Jolie 2.0 MT 2005,98000000.0,05/06/2025,2005,Máy xăng,MPV,Xe cũ,150000,Số sàn,Trong nước,Đông Anh - Hà Nội,https://oto.com.vn/mua-ban-xe-mitsubishi-jolie-ha-noi/may-zin-chay-15v-1-chu-aidxc23329770
23282363,Mitsubishi Jolie 2.0 MT 2005,105000000.0,18/03/2025,2005,Máy xăng,SUV,Xe cũ,85000,Số sàn,Trong nước,Quận 10 - Tp.HCM,https://oto.com.vn/mua-ban-xe-mitsubishi-jolie-hcm/can-ban-xe-banh-treo-sx-2005-phung-xang-dien-tu-aidxc23282363
23329343,Mitsubishi Jolie 2.0 MT 2005,127000000.0,12/08/2025,2005,Máy xăng,SUV,Xe cũ,89000,Số sàn,Trong nước,Quận 10 - Tp.HCM,https://oto.com.vn/mua-ban-xe-mitsubishi-jolie-hcm/can-ban-xe-banh-treo-sx-2005-phung-xang-dien-tu-aidxc23329343
23301292,Mitsubishi Jolie 2.0 MT 2004,188000000.0,25/04/2025,2004,Máy xăng,SUV,Xe cũ,72000,Số sàn,Trong nước,Thủ Đức - Tp.HCM,https://oto.com.vn/mua-ban-xe-mitsubishi-jolie-hcm/cao-cap-ss-phun-xang-dien-tu-fi-moi-nhu-xe-hang-zin-100-aidxc23301292
23341442,Mitsubishi Jolie 2.0 MT 2007,108000000.0,15/07/2025,2007,Máy xăng,SUV,Xe cũ,90000,Số sàn,Trong nước,Bình Chánh - Tp.HCM,https://oto.com.vn/mua-ban-xe-mitsubishi-jolie-hcm/len-doi-ban-re-xe-gd-khong-kd-taxi-do-full-options-rat-dep-aidxc23341442
23307510,Mitsubishi Jolie 2.0 MT 2000,48000000.0,05/04/2025,2000,Máy xăng,N/A,Xe cũ,12345,Số sàn,Trong nước,Đăk Hà - Kon Tum,https://oto.com.vn/mua-ban-xe-mitsubishi-jolie-kon-tum/xe-gd-7-cho-ban-ae-ket-alo-e-aidxc23307510
23361734,Mitsubishi Lancer Gala 2004,115000000.0,04/09/2025,2004,Máy xăng,Sedan,Xe cũ,123456,Số tự động,Nhập khẩu,Thuận An - Bình Dương,https://oto.com.vn/mua-ban-xe-mitsubishi-lancer-binh-duong/2004-gala-16-cvt-aidxc23361734
23370589,Mitsubishi Lancer 2003,110000000.0,26/09/2025,2003,Máy xăng,Sedan,Xe cũ,250000,Số tự động,Nhập khẩu,Hà Nội,https://oto.com.vn/mua-ban-xe-mitsubishi-lancer-ha-noi/2003-16-at-250000-km-aidxc23370589
23363514,Mitsubishi Lancer 2009,200000000.0,09/09/2025,2009,Máy xăng,Sedan,Xe cũ,20000,Số tự động,Trong nước,Hà Nội,https://oto.com.vn/mua-ban-xe-mitsubishi-lancer-ha-noi/chinh-chu-ban-xe-fortis-20-aidxc23363514
23366362,Mitsubishi Lancer 2004,110000000.0,16/09/2025,2004,Máy xăng,Sedan,Xe cũ,N/A,Số tự động,Trong nước,Long Biên - Hà Nội,https://oto.com.vn/mua-ban-xe-mitsubishi-lancer-ha-noi/so-tu-dong-tai-aidxc23366362
23371901,Mitsubishi Lancer Gala 2003,115000000.0,01/10/2025,2003,Máy xăng,Sedan,Xe cũ,123456,Số tự động,Trong nước,Quận 8 - Tp.HCM,https://oto.com.vn/mua-ban-xe-mitsubishi-lancer-hcm/2003-gala-16-cvt-123456-km-aidxc23371901
23365412,Mitsubishi Lancer 2004,123000000.0,13/09/2025,2004,Máy xăng,Sedan,Xe cũ,165000,Số tự động,Nhập khẩu,Tp.HCM,https://oto.com.vn/mua-ban-xe-mitsubishi-lancer-hcm/2004-16at-xe-rin-khong-loi-aidxc23365412
23369226,Mitsubishi Lancer Gala 2005,108000000.0,23/09/2025,2005,Máy xăng,Sedan,Xe cũ,140000,Số tự động,Nhập khẩu,Đức Trọng - Lâm Đồng,https://oto.com.vn/mua-ban-xe-mitsubishi-lancer-lam-dong/2005-gala-glx-16at-140000-km-aidxc23369226
23363181,Mitsubishi Lancer Gala 2004,105000000.0,08/09/2025,2004,Máy xăng,Sedan,Xe cũ,N/A,Số tự động,N/A,Nam Định,https://oto.com.vn/mua-ban-xe-mitsubishi-lancer-nam-dinh/2004-tai-aidxc23363181
23366632,Mitsubishi Mirage 1.2 CVT 2019,270000000.0,17/09/2025,2019,Máy xăng,Hatchback,Xe cũ,N/A,Số tự động,Nhập khẩu,Châu Đức - Bà Rịa Vũng Tàu,https://oto.com.vn/mua-ban-xe-mitsubishi-mirage-ba-ria-vung-tau/lan-banh-2020-aidxc23366632
23367312,Mitsubishi Mirage 2020,309000000.0,18/09/2025,2020,Máy xăng,Hatchback,Xe cũ,23000,Số tự động,Trong nước,Đà Nẵng,https://oto.com.vn/mua-ban-xe-mitsubishi-mirage-da-nang/18-493-2020-23000-km-aidxc23367312
23368260,Mitsubishi Mirage 1.2 CVT 2013,215000000.0,20/09/2025,2013,Máy xăng,Hatchback,Xe cũ,99000,Số tự động,Nhập khẩu,Cẩm Lệ - Đà Nẵng,https://oto.com.vn/mua-ban-xe-mitsubishi-mirage-da-nang/2013-12-at-99000-km-aidxc23368260
23361282,Mitsubishi Mirage 1.2 CVT 2015,215000000.0,03/09/2025,2015,Máy xăng,Hatchback,Xe cũ,80000,Số tự động,Nhập khẩu,Đà Nẵng,https://oto.com.vn/mua-ban-xe-mitsubishi-mirage-da-nang/2015-12-cvt-80000-km-aidxc23361282
23372274,Mitsubishi Mirage 1.2 CVT 2017,245000000.0,02/10/2025,2017,Máy xăng,Hatchback,Xe cũ,70000,Số tự động,Nhập khẩu,Đà Nẵng,https://oto.com.vn/mua-ban-xe-mitsubishi-mirage-da-nang/2017-12-cvt-70000-km-aidxc23372274
23369723,Mitsubishi Mirage 1.2 MT 2017,180000000.0,24/09/2025,2017,Máy xăng,Hatchback,Xe cũ,155000,Số sàn,Nhập khẩu,Đà Nẵng,https://oto.com.vn/mua-ban-xe-mitsubishi-mirage-da-nang/2017-12-mt-155000-km-aidxc23369723
23371299,Mitsubishi Mirage 1.2 MT 2017,187000000.0,29/09/2025,2017,Máy xăng,Hatchback,Xe cũ,150000,Số sàn,Nhập khẩu,Hòa Vang - Đà Nẵng,https://oto.com.vn/mua-ban-xe-mitsubishi-mirage-da-nang/2017-mt-chinh-chu-aidxc23371299
23333160,Mitsubishi Mirage 1.2 CVT 2014,199000000.0,16/06/2025,2014,Máy xăng,Hatchback,Xe cũ,80000,Số tự động,Nhập khẩu,Hà Nội,https://oto.com.vn/mua-ban-xe-mitsubishi-mirage-ha-noi/12-cvt-2014-aidxc23333160
23372462,Mitsubishi Mirage 1.2 CVT 2013,170000000.0,02/10/2025,2013,Máy xăng,Hatchback,Xe cũ,67000,Số tự động,Nhập khẩu,Hà Nội,https://oto.com.vn/mua-ban-xe-mitsubishi-mirage-ha-noi/2013-12-at-67000-km-aidxc23372462
23363729,Mitsubishi Mirage 1.2 MT 2016,159000000.0,10/09/2025,2016,Máy xăng,Hatchback,Xe cũ,100000,Số sàn,Nhập khẩu,Hà Nội,https://oto.com.vn/mua-ban-xe-mitsubishi-mirage-ha-noi/2016-12-mt-100000-km-sieu-moi-aidxc23363729
23371777,Mitsubishi Mirage 1.2 CVT 2016,195000000.0,30/09/2025,2016,Máy xăng,Hatchback,Xe cũ,10000,Số tự động,Nhập khẩu,Hà Nội,https://oto.com.vn/mua-ban-xe-mitsubishi-mirage-ha-noi/ban-xe-2016-12-at-aidxc23371777
23361815,Mitsubishi Mirage 1.2 MT 2015,112000000.0,04/09/2025,2015,Máy xăng,Hatchback,Xe cũ,100000,Số sàn,Nhập khẩu,Tp.HCM,https://oto.com.vn/mua-ban-xe-mitsubishi-mirage-hcm/2015-12-mt-100000-km-aidxc23361815
23365027,Mitsubishi Mirage 1.2 MT 2015,150000000.0,12/09/2025,2015,Máy xăng,Hatchback,Xe cũ,110000,Số sàn,Nhập khẩu,Tp.HCM,https://oto.com.vn/mua-ban-xe-mitsubishi-mirage-hcm/2015-aidxc23365027
23353806,Mitsubishi Mirage 1.2 CVT 2021,257000000.0,15/08/2025,2021,Máy xăng,Hatchback,Xe cũ,127000,Số tự động,Trong nước,Quận 2 - Tp.HCM,https://oto.com.vn/mua-ban-xe-mitsubishi-mirage-hcm/mot-chiec-xe-nho-gon-va-tiet-kiem-nhien-lieu-aidxc23353806
23369165,Mitsubishi Outlander 2.0 CVT Premium 2020,650000000.0,23/09/2025,2020,Máy xăng,SUV,Xe cũ,151000,Số tự động,Trong nước,Bà Rịa Vũng Tàu,https://oto.com.vn/mua-ban-xe-mitsubishi-outlander-ba-ria-vung-tau/2020-20-cvt-premium-151000-km-aidxc23369165
23281648,Mitsubishi Outlander 2.0 CVT Premium 2023,830000000.0,18/09/2025,2023,Máy xăng,SUV,Xe cũ,1,Số tự động,Trong nước,Thanh Xuân - Hà Nội,https://oto.com.vn/mua-ban-xe-mitsubishi-outlander-ha-noi/20-at-san-xuat-2023-dang-ky-va-lan-banh-2024-aidxc23281648
23333679,Mitsubishi Outlander 2.0 CVT 2023,735000000.0,18/09/2025,2023,Máy xăng,SUV,Xe cũ,42438,Số tự động,Trong nước,Thanh Xuân - Hà Nội,https://oto.com.vn/mua-ban-xe-mitsubishi-outlander-ha-noi/20-at-san-xuat-2023-xe-tu-nhan-chinh-chu-aidxc23333679
23363931,Mitsubishi Outlander 2.0 CVT Premium 2022,720000000.0,10/09/2025,2022,Máy xăng,SUV,Xe cũ,59000,Số tự động,Nhập khẩu,Bắc Từ Liêm - Hà Nội,https://oto.com.vn/mua-ban-xe-mitsubishi-outlander-ha-noi/20-cvt-premium-2022-aidxc23363931
23370181,Mitsubishi Outlander 2.0 CVT 2018,530000000.0,25/09/2025,2018,Máy xăng,SUV,Xe cũ,78000,Số tự động,Trong nước,Hà Nội,https://oto.com.vn/mua-ban-xe-mitsubishi-outlander-ha-noi/2018-20-cvt-78000-km-aidxc23370181
23369389,Mitsubishi Outlander 2.4 Premium 2017,575000000.0,23/09/2025,2017,Máy xăng,SUV,Xe cũ,36000,Số tự động,Nhập khẩu,Ba Đình - Hà Nội,https://oto.com.vn/mua-ban-xe-mitsubishi-outlander-ha-noi/24-premium-2017-aidxc23369389
23235230,Mitsubishi Outlander 2.0 CVT 2021,650000000.0,18/09/2025,2021,Máy xăng,SUV,Xe cũ,1,Số tự động,Trong nước,Thanh Xuân - Hà Nội,https://oto.com.vn/mua-ban-xe-mitsubishi-outlander-ha-noi/ban-20at-san-xuat-va-dang-ky-2021-aidxc23235230
23347628,Mitsubishi Outlander 2.0 CVT 2022,679000000.0,29/09/2025,2022,Máy xăng,SUV,Xe cũ,50000,Số tự động,Trong nước,Cầu Giấy - Hà Nội,https://oto.com.vn/mua-ban-xe-mitsubishi-outlander-ha-noi/xe-dep-xuat-sac-aidxc23347628
23367583,Mitsubishi Outlander 2.4 CVT 2022,666000000.0,18/09/2025,2022,Máy xăng,SUV,Xe cũ,55000,Số tự động,Nhập khẩu,Cầu Giấy - Hà Nội,https://oto.com.vn/mua-ban-xe-mitsubishi-outlander-ha-noi/xe-nhap-khau-may-xang-7-cho-di-5-van-5-km-aidxc23367583
23358329,Mitsubishi Outlander 2.0 CVT 2022,699000000.0,25/09/2025,2022,Máy xăng,SUV,Xe cũ,13000,Số tự động,Nhập khẩu,Tây Hồ - Hà Nội,https://oto.com.vn/mua-ban-xe-mitsubishi-outlander-ha-noi/xe-suv-sieu-luot-gia-tot-nhat-thi-truong-aidxc23358329
23363868,Mitsubishi Outlander 2.4 CVT Premium 2018,565000000.0,10/09/2025,2018,Máy xăng,SUV,Xe cũ,106000,Số tự động,Nhập khẩu,Kim Thành - Hải Dương,https://oto.com.vn/mua-ban-xe-mitsubishi-outlander-hai-duong/xe-dep-lien-he-thuong-luong-gia-tot-aidxc23363868
23370335,Mitsubishi Outlander 2.0 CVT Premium 2022,775000000.0,26/09/2025,2022,Máy xăng,SUV,Xe cũ,12000,Số tự động,Nhập khẩu,Quận 6 - Tp.HCM,https://oto.com.vn/mua-ban-xe-mitsubishi-outlander-hcm/20-premium-2022-luot-12000-km-giam-soc-aidxc23370335
23372401,Mitsubishi Outlander 2.0 CVT 2022,610000000.0,02/10/2025,2022,Máy xăng,SUV,Xe cũ,95800,Số tự động,Nhập khẩu,Tp.HCM,https://oto.com.vn/mua-ban-xe-mitsubishi-outlander-hcm/2022-95800-km-aidxc23372401
23370339,Mitsubishi Outlander 2.0 CVT 2019,575000000.0,26/09/2025,2019,Máy xăng,SUV,Xe cũ,33000,Số tự động,Nhập khẩu,Quận 6 - Tp.HCM,https://oto.com.vn/mua-ban-xe-mitsubishi-outlander-hcm/7-cho-tu-dong-dong-co-lon-chay-suong-gia-re-5-dong-2019-aidxc23370339
23317675,Mitsubishi Outlander 2.0 CVT 2019,515000000.0,12/09/2025,2019,Máy xăng,SUV,Xe cũ,68000,Số tự động,Trong nước,Quận 10 - Tp.HCM,https://oto.com.vn/mua-ban-xe-mitsubishi-outlander-hcm/so-tu-dong-moi-95-aidxc23317675
23371569,Mitsubishi Outlander 2.0 CVT Premium 2020,620000000.0,30/09/2025,2020,Máy xăng,SUV,Xe cũ,70000,Số tự động,Nhập khẩu,Bình Xuyên - Vĩnh Phúc,https://oto.com.vn/mua-ban-xe-mitsubishi-outlander-vinh-phuc/chinh-chu-len-doi-xe-can-ban-full-lich-su-bd-hang-70000km-aidxc23371569
23370202,Mitsubishi Pajero 3 2005,135000000.0,25/09/2025,2005,Máy xăng,SUV,Xe cũ,50000,Số sàn,Trong nước,Bà Rịa Vũng Tàu,https://oto.com.vn/mua-ban-xe-mitsubishi-pajero-ba-ria-vung-tau/ban-xe-aidxc23370202
23193351,Mitsubishi Pajero GLS 3.0 AT 2018,565000000.0,05/07/2025,2018,Máy xăng,SUV,Xe cũ,95000,Số tự động,Nhập khẩu,Nam Từ Liêm - Hà Nội,https://oto.com.vn/mua-ban-xe-mitsubishi-pajero-ha-noi/1-chu-rat-moi-aidxc23193351
23367287,Mitsubishi Pajero 3 2002,160000000.0,18/09/2025,2002,Máy xăng,SUV,Xe cũ,330000,Số sàn,Trong nước,Hà Nội,https://oto.com.vn/mua-ban-xe-mitsubishi-pajero-ha-noi/2002-v43-aidxc23367287
23367152,Mitsubishi Pajero 3 2021,840000000.0,17/09/2025,2021,Máy xăng,SUV,Xe cũ,60000,Số tự động,Nhập khẩu,Hà Nội,https://oto.com.vn/mua-ban-xe-mitsubishi-pajero-ha-noi/2021-aidxc23367152
23347353,Mitsubishi Pajero GL 3.0 MT 2008,199000000.0,27/07/2025,2008,Máy xăng,SUV,Xe cũ,150000,Số sàn,Nhập khẩu,Bắc Từ Liêm - Hà Nội,https://oto.com.vn/mua-ban-xe-mitsubishi-pajero-ha-noi/ban-model-2008-xe-cuc-dep-aidxc23347353
23310951,Mitsubishi Pajero GL 3.0 MT 2009,195000000.0,25/08/2025,2009,Máy xăng,SUV,Xe cũ,140000,Số sàn,Nhập khẩu,Bắc Từ Liêm - Hà Nội,https://oto.com.vn/mua-ban-xe-mitsubishi-pajero-ha-noi/ban-pajjero-5-cho-model-2009-xe-dep-aidxc23310951
23358703,Mitsubishi Pajero 3.0 V6 2008,189000000.0,26/08/2025,2008,Máy xăng,SUV,Xe cũ,1450000,Số sàn,Nhập khẩu,Bắc Từ Liêm - Hà Nội,https://oto.com.vn/mua-ban-xe-mitsubishi-pajero-ha-noi/ban-pajjero-5-cho-xe-dep-so-tay-aidxc23358703
23317456,Mitsubishi Pajero GL 3.0 MT 2009,234000000.0,25/07/2025,2009,Máy xăng,SUV,Xe cũ,140000,Số sàn,Nhập khẩu,Bắc Từ Liêm - Hà Nội,https://oto.com.vn/mua-ban-xe-mitsubishi-pajero-ha-noi/pajjero-model-2009-xe-dep-aidxc23317456
23371471,Mitsubishi Pajero 3 2005,132000000.0,29/09/2025,2005,Máy xăng,SUV,Xe cũ,200000,Số sàn,Nhập khẩu,Hà Nội,https://oto.com.vn/mua-ban-xe-mitsubishi-pajero-ha-noi/tang-xe-2005-aidxc23371471
23363804,Mitsubishi Pajero 1998,120000000.0,10/09/2025,1998,Máy xăng,SUV,Xe cũ,50000,Số sàn,Nhập khẩu,Tp.HCM,https://oto.com.vn/mua-ban-xe-mitsubishi-pajero-hcm/1998-bao-duong-tot-gia-hop-ly-aidxc23363804
23362143,Mitsubishi Pajero 3 2001,125000000.0,05/09/2025,2001,Máy xăng,SUV,Xe cũ,328000,Số sàn,Trong nước,Tp.HCM,https://oto.com.vn/mua-ban-xe-mitsubishi-pajero-hcm/2001-3-328000-km-aidxc23362143
23371130,Mitsubishi Pajero 3 2002,110000000.0,28/09/2025,2002,Máy xăng,SUV,Xe cũ,200000,Số tự động,Trong nước,Tp.HCM,https://oto.com.vn/mua-ban-xe-mitsubishi-pajero-hcm/2002-3-200000-km-aidxc23371130
23145588,Mitsubishi Pajero 3.0 V6 1997,86000000.0,11/09/2025,1997,Máy xăng,SUV,Xe cũ,12345,Số sàn,Nhập khẩu,Tân Bình - Tp.HCM,https://oto.com.vn/mua-ban-xe-mitsubishi-pajero-hcm/sport-v32-full-option-chinh-dien-dk-th22025-25-l-aidxc23145588
23186615,Mitsubishi Pajero GL 3.0 MT 1998,119000000.0,01/10/2025,1998,Máy xăng,SUV,Xe cũ,123556,Số sàn,Nhập khẩu,Tân Bình - Tp.HCM,https://oto.com.vn/mua-ban-xe-mitsubishi-pajero-hcm/v31-full-option-tiet-kiem-xang-japan-4-may-tiet-kiem-xang-full-option-japan-aidxc23186615
23341187,Mitsubishi Pajero 2002,115000000.0,14/07/2025,2002,Máy xăng,SUV,Xe cũ,22000,Số sàn,Trong nước,Đăk Hà - Kon Tum,https://oto.com.vn/mua-ban-xe-mitsubishi-pajero-kon-tum/xe-rat-dep-co-nham-doi-xe-gl-bu-tru-aidxc23341187
23371403,Mitsubishi Pajero Sport G 4x4 AT 2015,295000000.0,29/09/2025,2015,Máy xăng,SUV,Xe cũ,119000,Số tự động,Trong nước,Cần Thơ,https://oto.com.vn/mua-ban-xe-mitsubishi-pajero-sport-can-tho/2015-g-4x4-at-119000-km-aidxc23371403
23368230,Mitsubishi Pajero Sport D 4x2 MT 2017,385000000.0,20/09/2025,2017,Máy dầu,SUV,Xe cũ,120000,Số sàn,Nhập khẩu,Cẩm Lệ - Đà Nẵng,https://oto.com.vn/mua-ban-xe-mitsubishi-pajero-sport-da-nang/2017-d-4x2-mt-120000-km-aidxc23368230
23367302,Mitsubishi Pajero Sport D 4x2 MT 2017,420000000.0,18/09/2025,2017,Máy dầu,SUV,Xe cũ,128000,Số sàn,Trong nước,Đồng Nai,https://oto.com.vn/mua-ban-xe-mitsubishi-pajero-sport-dong-nai/2017-d-4x2-mt-128000-km-aidxc23367302
23369945,Mitsubishi Pajero Sport 2021,839000000.0,25/09/2025,2021,Máy dầu,SUV,Xe cũ,65000,Số tự động,Nhập khẩu,Hà Nội,https://oto.com.vn/mua-ban-xe-mitsubishi-pajero-sport-ha-noi/2021-aidxc23369945
23368378,Mitsubishi Pajero Sport D 4x2 MT 2017,365000000.0,20/09/2025,2017,Máy dầu,SUV,Xe cũ,120000,Số sàn,Trong nước,Thanh Xuân - Hà Nội,https://oto.com.vn/mua-ban-xe-mitsubishi-pajero-sport-ha-noi/may-dau-so-san-aidxc23368378
23366484,Mitsubishi Pajero Sport 2021,840000000.0,16/09/2025,2021,Máy dầu,SUV,Xe cũ,60000,Số tự động,Trong nước,Bắc Từ Liêm - Hà Nội,https://oto.com.vn/mua-ban-xe-mitsubishi-pajero-sport-ha-noi/xe-dep-sieu-luot-chat-khoi-ban-aidxc23366484
23370945,Mitsubishi Pajero Sport G 4x2 AT 2014,335000000.0,27/09/2025,2014,Máy xăng,SUV,Xe cũ,119000,Số tự động,Trong nước,Quận 12 - Tp.HCM,https://oto.com.vn/mua-ban-xe-mitsubishi-pajero-sport-hcm/2014-g-4x2-at-119000-km-aidxc23370945
23369016,Mitsubishi Pajero Sport G 4x2 AT 2016,390000000.0,22/09/2025,2016,Máy dầu,SUV,Xe cũ,120700,Số tự động,Trong nước,Tp.HCM,https://oto.com.vn/mua-ban-xe-mitsubishi-pajero-sport-hcm/2016-30g-4x2-at-120700-km-aidxc23369016
23368701,Mitsubishi Pajero Sport D 4x2 AT 2019,715000000.0,21/09/2025,2019,Máy dầu,SUV,Xe cũ,55000,Số tự động,Trong nước,Tp.HCM,https://oto.com.vn/mua-ban-xe-mitsubishi-pajero-sport-hcm/mitshubishi-may-dau-so-tu-dong-2019-aidxc23368701
23370427,Mitsubishi Pajero Sport 2018,499000000.0,26/09/2025,2018,Máy xăng,SUV,Xe cũ,69000,Số tự động,Trong nước,Quận 7 - Tp.HCM,https://oto.com.vn/mua-ban-xe-mitsubishi-pajero-sport-hcm/odo-69000km-bao-test-km-aidxc23370427
23369150,Mitsubishi Pajero Sport G 4x4 AT 2015,355000000.0,23/09/2025,2015,Máy xăng,SUV,Xe cũ,105000,Số tự động,Trong nước,Tp.HCM,https://oto.com.vn/mua-ban-xe-mitsubishi-pajero-sport-hcm/trang-2015-105000-km-aidxc23369150
23372084,Mitsubishi Pajero Sport D 4x2 MT 2014,350000000.0,01/10/2025,2014,Máy dầu,SUV,Xe cũ,128,Số sàn,Trong nước,Phổ Yên - Lâm Đồng,https://oto.com.vn/mua-ban-xe-mitsubishi-pajero-sport-lam-dong/2014-d-4x2-mt-128-km-aidxc23372084
23367599,Mitsubishi Pajero Sport 2023,930000000.0,18/09/2025,2023,Máy xăng,N/A,Xe cũ,25000,Số tự động,Nhập khẩu,Nghệ An,https://oto.com.vn/mua-ban-xe-mitsubishi-pajero-sport-nghe-an/2023-so-tu-dong-tai-aidxc23367599
23347268,Mitsubishi Pajero Sport D 4x2 AT 2018,675000000.0,07/09/2025,2018,Máy dầu,SUV,Xe cũ,100000,Số tự động,Nhập khẩu,Đoan Hùng - Phú Thọ,https://oto.com.vn/mua-ban-xe-mitsubishi-pajero-sport-phu-tho/suv-7-cho-cuc-dep-may-dau-cuc-khoe-keo-chi-zin-tuyet-doi-aidxc23347268
23370395,Mitsubishi Pajero Sport D 4x2 MT 2016,390000000.0,26/09/2025,2016,Máy dầu,SUV,Xe cũ,40000,Số sàn,Trong nước,Quảng Trị,https://oto.com.vn/mua-ban-xe-mitsubishi-pajero-sport-quang-tri/2016-d-4x2-mt-40000-km-aidxc23370395
23371712,Mitsubishi Triton 4×2 AT 2018,400000000.0,30/09/2025,2018,Máy dầu,Bán tải,Xe cũ,92000,Số tự động,Nhập khẩu,Bà Rịa Vũng Tàu,https://oto.com.vn/mua-ban-xe-mitsubishi-triton-ba-ria-vung-tau/2018-4x2-at-92000-km-aidxc23371712
23371915,Mitsubishi Triton 4X2 AT MIVEC PREMIUM 2019,560000000.0,01/10/2025,2019,Máy dầu,Bán tải,Xe cũ,103000,Số tự động,Nhập khẩu,Bình Dương,https://oto.com.vn/mua-ban-xe-mitsubishi-triton-binh-duong/2019-4x2-at-mivec-premium-1030-aidxc23371915
23370961,Mitsubishi Triton 4×2 AT 2021,495000000.0,27/09/2025,2021,Máy dầu,Bán tải,Xe cũ,126000,Số tự động,Nhập khẩu,Bình Dương,https://oto.com.vn/mua-ban-xe-mitsubishi-triton-binh-duong/2021-4x2-at-bao-duong-full-hang-aidxc23370961
23372485,Mitsubishi Triton 4×2 AT MIVEC 2021,505000000.0,02/10/2025,2021,Máy dầu,Bán tải,Xe cũ,8000,Số tự động,Nhập khẩu,Hà Nội,https://oto.com.vn/mua-ban-xe-mitsubishi-triton-ha-noi/2021-4x2-at-mivec-8000-km-aidxc23372485
23365945,Mitsubishi Triton 4X2 AT MIVEC PREMIUM 2020,555000000.0,15/09/2025,2020,Máy dầu,Bán tải,Xe cũ,80000,Số tự động,Nhập khẩu,Thanh Xuân - Hà Nội,https://oto.com.vn/mua-ban-xe-mitsubishi-triton-ha-noi/4x2-mivec-premium-2020-aidxc23365945
23365471,Mitsubishi Triton 4×4 AT 2013,295000000.0,13/09/2025,2013,Máy xăng,Bán tải,Xe cũ,140000,Số tự động,Trong nước,Thanh Xuân - Hà Nội,https://oto.com.vn/mua-ban-xe-mitsubishi-triton-ha-noi/ban-tai-2-cau-may-con-rat-ngon-aidxc23365471
23366856,Mitsubishi Triton GLX 2022,560000000.0,17/09/2025,2022,Máy dầu,Bán tải,Xe cũ,40000,Số tự động,Nhập khẩu,Bắc Từ Liêm - Hà Nội,https://oto.com.vn/mua-ban-xe-mitsubishi-triton-ha-noi/mot-chu-tu-dau-aidxc23366856
23370756,Mitsubishi Triton 4×2 AT MIVEC 2020,495000000.0,27/09/2025,2020,Máy dầu,Bán tải,Xe cũ,73000,Số tự động,Nhập khẩu,Bắc Từ Liêm - Hà Nội,https://oto.com.vn/mua-ban-xe-mitsubishi-triton-ha-noi/sieu-moi-aidxc23370756
23327213,Mitsubishi Triton 4×4 AT MIVEC PREMIUM 2021,630000000.0,03/09/2025,2021,Máy dầu,Bán tải,Xe cũ,80000,Số tự động,Nhập khẩu,Nam Từ Liêm - Hà Nội,https://oto.com.vn/mua-ban-xe-mitsubishi-triton-ha-noi/xe-chay-80000-km-gia-tot-sang-ten-ngay-xem-xe-tai-aidxc23327213
23349253,Mitsubishi Triton GLX 2019,385000000.0,03/09/2025,2019,Máy dầu,Bán tải,Xe cũ,93000,Số sàn,Nhập khẩu,Quận 12 - Tp.HCM,https://oto.com.vn/mua-ban-xe-mitsubishi-triton-hcm/2019-mt-1-cau-xe-di-9vkm-full-lich-su-hang-aidxc23349253
23295164,Mitsubishi Triton GLS MT 2019,370000000.0,03/09/2025,2019,Máy dầu,Bán tải,Xe cũ,116000,Số sàn,Nhập khẩu,Quận 12 - Tp.HCM,https://oto.com.vn/mua-ban-xe-mitsubishi-triton-hcm/2019-mt-xe-nhap-khau-aidxc23295164
23371209,Mitsubishi Triton Athlete 4x4 AT 2021,680000000.0,28/09/2025,2021,Máy dầu,Bán tải,Xe cũ,43000,Số tự động,Nhập khẩu,Tp.HCM,https://oto.com.vn/mua-ban-xe-mitsubishi-triton-hcm/2021-athlete-4x4-at-mivec-4300-aidxc23371209
23371125,Mitsubishi Triton 4X4 MT MIVEC 2019,370000000.0,28/09/2025,2019,Máy dầu,Bán tải,Xe cũ,110000,Số sàn,Nhập khẩu,Nghệ An,https://oto.com.vn/mua-ban-xe-mitsubishi-triton-nghe-an/2019-4x2-mt-110000-km-aidxc23371125
23353916,Mitsubishi Triton Athlete 4x2 AT 2022,625000000.0,19/09/2025,2022,Máy xăng,N/A,Xe cũ,32000,Số tự động,Trong nước,Hạ Hòa - Phú Thọ,https://oto.com.vn/mua-ban-xe-mitsubishi-triton-phu-tho/xe-chinh-chu-chao-ban-gia-tot-aidxc23353916
23366675,Mitsubishi Triton 2022,515000000.0,16/09/2025,2022,Máy dầu,Bán tải,Xe cũ,100000,Số tự động,Nhập khẩu,Đoan Hùng - Phú Thọ,https://oto.com.vn/mua-ban-xe-mitsubishi-triton-phu-tho/xe-nhap-khau-nguyen-chiec-chat-luong-cao-aidxc23366675
23366357,Mitsubishi Xforce Premium 2024,635000000.0,16/09/2025,2024,Máy xăng,SUV,Xe cũ,36000,Số tự động,Nhập khẩu,Bình Phước,https://oto.com.vn/mua-ban-xe-mitsubishi-xforce-binh-phuoc/2024-36000-km-aidxc23366357
23365112,Mitsubishi Xforce Ultimate 2024,640000000.0,13/09/2025,2024,Máy xăng,SUV,Xe cũ,4500,Số tự động,Nhập khẩu,Bình Thuận,https://oto.com.vn/mua-ban-xe-mitsubishi-xforce-binh-thuan/2024-ultimate-4500-km-aidxc23365112
23364687,Mitsubishi Xforce Premium 2024,560000000.0,12/09/2025,2024,Máy xăng,SUV,Xe cũ,5000,Số tự động,Trong nước,Cần Thơ,https://oto.com.vn/mua-ban-xe-mitsubishi-xforce-can-tho/2024-premium-5000-km-aidxc23364687
23367688,Mitsubishi Xforce Exceed 2024,620000000.0,19/09/2025,2024,Máy xăng,SUV,Xe cũ,8300,Số tự động,Nhập khẩu,Hà Nội,https://oto.com.vn/mua-ban-xe-mitsubishi-xforce-ha-noi/2024-exceed-8300-km-aidxc23367688
23356339,Mitsubishi Xforce Premium 2024,628000000.0,21/08/2025,2024,Máy xăng,Crossover,Xe cũ,7000,Số tự động,Nhập khẩu,Cầu Giấy - Hà Nội,https://oto.com.vn/mua-ban-xe-mitsubishi-xforce-ha-noi/xe-dep-moi-zin-99-aidxc23356339
23365014,Mitsubishi Xforce Ultimate 2025,630000000.0,12/09/2025,2025,Máy xăng,SUV,Xe cũ,3000,Số tự động,Nhập khẩu,Cầu Giấy - Hà Nội,https://oto.com.vn/mua-ban-xe-mitsubishi-xforce-ha-noi/xe-tu-nhan-1-chu-mua-moi-tu-dau-aidxc23365014
23363891,Mitsubishi Xforce Ultimate 2024,620000000.0,10/09/2025,2024,Máy xăng,SUV,Xe cũ,4111,Số tự động,Nhập khẩu,Quận 8 - Tp.HCM,https://oto.com.vn/mua-ban-xe-mitsubishi-xforce-hcm/ultimate-mau-den-like-new-4111-km-aidxc23363891
23361399,Mitsubishi Xforce Exceed 2024,570000000.0,03/09/2025,2024,Máy xăng,Crossover,Xe cũ,37500,Số tự động,Nhập khẩu,Tân An - Long An,https://oto.com.vn/mua-ban-xe-mitsubishi-xforce-long-an/2024-exceed-37500-km-aidxc23361399
23367079,Mitsubishi Xforce Ultimate 2024,640000000.0,17/09/2025,2024,Máy xăng,SUV,Xe cũ,29000,Số tự động,Nhập khẩu,Tây Ninh,https://oto.com.vn/mua-ban-xe-mitsubishi-xforce-tay-ninh/2024-ultimate-29000-km-aidxc23367079
23367619,Mitsubishi Xforce Ultimate 2024,640000000.0,18/09/2025,2024,Máy xăng,SUV,Xe cũ,29000,Số tự động,Nhập khẩu,Tây Ninh,https://oto.com.vn/mua-ban-xe-mitsubishi-xforce-tay-ninh/2024-ultimate-29000-km-aidxc23367619
23367408,Mitsubishi Xforce Ultimate 2024,640000000.0,18/09/2025,2024,Máy xăng,SUV,Xe cũ,40000,Số tự động,Nhập khẩu,Tây Ninh,https://oto.com.vn/mua-ban-xe-mitsubishi-xforce-tay-ninh/2024-ultimate-40000-km-aidxc23367408
23367043,Mitsubishi Xforce Ultimate 2024,640000000.0,17/09/2025,2024,Máy xăng,SUV,Xe cũ,40000,Số tự động,Nhập khẩu,Tây Ninh,https://oto.com.vn/mua-ban-xe-mitsubishi-xforce-tay-ninh/thanh-ly-xe-demo-2024-ultimate-40000-km-aidxc23367043
23363441,Mitsubishi Xforce Ultimate 2025,610000000.0,09/09/2025,2025,Máy xăng,Crossover,Xe cũ,N/A,Số tự động,Nhập khẩu,Tây Ninh,https://oto.com.vn/mua-ban-xe-mitsubishi-xforce-tay-ninh/xa-ton-ultimate-2025-vang-den-aidxc23363441
23362508,Mitsubishi Xforce Premium 2024,630000000.0,06/09/2025,2024,Máy xăng,SUV,Xe cũ,28000,Số tự động,Nhập khẩu,Tiền Giang,https://oto.com.vn/mua-ban-xe-mitsubishi-xforce-tien-giang/2024-premium-28000-km-aidxc23362508
23366378,Mitsubishi Xforce GLX 2025,525000000.0,16/09/2025,2025,Máy xăng,SUV,Xe cũ,10,Số tự động,Nhập khẩu,Tuyên Quang,https://oto.com.vn/mua-ban-xe-mitsubishi-xforce-tuyen-quang/2025-glx-10-km-aidxc23366378
23372398,Mitsubishi Xpander 1.5 AT 2021,480000000.0,02/10/2025,2021,Máy xăng,Crossover,Xe cũ,45000,Số tự động,Nhập khẩu,Bình Dương,https://oto.com.vn/mua-ban-xe-mitsubishi-xpander-binh-duong/2021-15-at-45000-km-aidxc23372398
23336203,Mitsubishi Xpander 1.5 AT 2020,465000000.0,03/09/2025,2020,Máy xăng,MPV,Xe cũ,88000,Số tự động,Trong nước,Thuận An - Bình Dương,https://oto.com.vn/mua-ban-xe-mitsubishi-xpander-binh-duong/ho-tro-tra-gop-70-gia-tri-xe-aidxc23336203
23367694,Mitsubishi Xpander Cross 1.5 AT 2022,500000000.0,19/09/2025,2022,Máy xăng,MPV,Xe cũ,47000,Số tự động,Trong nước,Bình Dương,https://oto.com.vn/mua-ban-xe-mitsubishi-xpander-cross-binh-duong/2022-47000-km-aidxc23367694
23366381,Mitsubishi Xpander Cross 1.5 AT 2023,520000000.0,16/09/2025,2023,Máy xăng,Crossover,Xe cũ,140000,Số tự động,Nhập khẩu,Đồng Nai,https://oto.com.vn/mua-ban-xe-mitsubishi-xpander-cross-dong-nai/2023-140000-km-aidxc23366381
23372255,Mitsubishi Xpander Cross 1.5 AT 2020,469000000.0,02/10/2025,2020,Máy xăng,Crossover,Xe cũ,85000,Số tự động,Nhập khẩu,Gia Lai,https://oto.com.vn/mua-ban-xe-mitsubishi-xpander-cross-gia-lai/2020-at-85000-km-aidxc23372255
23370030,Mitsubishi Xpander Cross 1.5 AT 2020,450000000.0,25/09/2025,2020,Máy xăng,MPV,Xe cũ,180000,Số tự động,Nhập khẩu,Hà Nội,https://oto.com.vn/mua-ban-xe-mitsubishi-xpander-cross-ha-noi/180000-km-tai-hai-phong-aidxc23370030
23303076,Mitsubishi Xpander Cross 1.5 AT 2020,475000000.0,29/09/2025,2020,Máy xăng,SUV,Xe cũ,61000,Số tự động,Trong nước,Đông Anh - Hà Nội,https://oto.com.vn/mua-ban-xe-mitsubishi-xpander-cross-ha-noi/ban-dac-biet-sieu-dep-aidxc23303076
23370117,Mitsubishi Xpander Cross 1.5 AT 2023,569000000.0,25/09/2025,2023,Máy xăng,MPV,Xe cũ,42000,Số tự động,Nhập khẩu,Cầu Giấy - Hà Nội,https://oto.com.vn/mua-ban-xe-mitsubishi-xpander-cross-ha-noi/di-4-van-2-km-xe-nhap-khau-aidxc23370117
23372021,Mitsubishi Xpander Cross 1.5 AT 2025,655000000.0,01/10/2025,2025,Máy xăng,MPV,Xe cũ,4100,Số tự động,Trong nước,Cầu Giấy - Hà Nội,https://oto.com.vn/mua-ban-xe-mitsubishi-xpander-cross-ha-noi/nhu-dap-hop-aidxc23372021
23319463,Mitsubishi Xpander Cross 1.5 AT 2020,490000000.0,10/09/2025,2020,Máy xăng,MPV,Xe cũ,60000,Số tự động,Trong nước,Kiến An - Hải Phòng,https://oto.com.vn/mua-ban-xe-mitsubishi-xpander-cross-hai-phong/1-chu-aidxc23319463
23370031,Mitsubishi Xpander Cross 1.5 AT 2020,450000000.0,25/09/2025,2020,Máy xăng,Crossover,Xe cũ,180000,Số tự động,Nhập khẩu,Hải Phòng,https://oto.com.vn/mua-ban-xe-mitsubishi-xpander-cross-hai-phong/2020-at-180000-km-aidxc23370031
23347906,Mitsubishi Xpander Cross 1.5 AT 2023,640000000.0,03/09/2025,2023,Máy xăng,SUV,Xe cũ,30000,Số tự động,Trong nước,Kiến An - Hải Phòng,https://oto.com.vn/mua-ban-xe-mitsubishi-xpander-cross-hai-phong/gia-640-trieu-aidxc23347906
23372433,Mitsubishi Xpander Cross 1.5 AT 2023,595000000.0,02/10/2025,2023,Máy xăng,Crossover,Xe cũ,31000,Số tự động,Nhập khẩu,Tp.HCM,https://oto.com.vn/mua-ban-xe-mitsubishi-xpander-cross-hcm/2023-30k-km-xe-gia-dinh-aidxc23372433
23371752,Mitsubishi Xpander Cross 1.5 AT 2023,560000000.0,30/09/2025,2023,Máy xăng,Crossover,Xe cũ,115000,Số tự động,Nhập khẩu,Tp.HCM,https://oto.com.vn/mua-ban-xe-mitsubishi-xpander-cross-hcm/2023-aidxc23371752
23368618,Mitsubishi Xpander Cross 1.5 AT 2024,650000000.0,21/09/2025,2024,Máy xăng,Crossover,Xe cũ,16000,Số tự động,Nhập khẩu,Tp.HCM,https://oto.com.vn/mua-ban-xe-mitsubishi-xpander-cross-hcm/2024-16000-km-aidxc23368618
23368535,Mitsubishi Xpander Cross 1.5 AT 2022,530000000.0,21/09/2025,2022,Máy xăng,Crossover,Xe cũ,17000,Số tự động,Nhập khẩu,Tp.HCM,https://oto.com.vn/mua-ban-xe-mitsubishi-xpander-cross-hcm/den-cuoi-2022-sx-indo-17000km-aidxc23368535
23372247,Mitsubishi Xpander Cross 1.5 AT 2022,565000000.0,02/10/2025,2022,Máy xăng,Crossover,Xe cũ,20000,Số tự động,Nhập khẩu,Lâm Đồng,https://oto.com.vn/mua-ban-xe-mitsubishi-xpander-cross-lam-dong/2022-20000-km-aidxc23372247
23370894,Mitsubishi Xpander AT 2022,480000000.0,27/09/2025,2022,Máy xăng,MPV,Xe cũ,110000,Số tự động,Nhập khẩu,Đồng Nai,https://oto.com.vn/mua-ban-xe-mitsubishi-xpander-dong-nai/2022-at-110000-km-aidxc23370894
23370418,Mitsubishi Xpander 1.5 AT 2019,410000000.0,26/09/2025,2019,Máy xăng,MPV,Xe cũ,87000,Số tự động,Nhập khẩu,Đồng Nai,https://oto.com.vn/mua-ban-xe-mitsubishi-xpander-dong-nai/ban-xe-2019-15-at-87000-km-aidxc23370418
23353906,Mitsubishi Xpander 1.5 MT 2020,400000000.0,22/09/2025,2020,Máy xăng,MPV,Xe cũ,80000,Số sàn,Trong nước,Plei Ku - Gia Lai,https://oto.com.vn/mua-ban-xe-mitsubishi-xpander-gia-lai/xe-it-su-dung-chat-luong-nhu-moi-aidxc23353906
23372019,Mitsubishi Xpander 1.5 MT 2020,443000000.0,01/10/2025,2020,Máy xăng,MPV,Xe cũ,10000,Số sàn,Nhập khẩu,Hà Nội,https://oto.com.vn/mua-ban-xe-mitsubishi-xpander-ha-noi/2020-15-10000-km-aidxc23372019
23362072,Mitsubishi Xpander AT Premium 2021,475000000.0,05/09/2025,2021,Máy xăng,SUV,Xe cũ,50000,Số tự động,Nhập khẩu,Hà Nội,https://oto.com.vn/mua-ban-xe-mitsubishi-xpander-ha-noi/at-premium-2021-aidxc23362072
23365060,Mitsubishi Xpander 1.5 AT 2018,409000000.0,12/09/2025,2018,Máy xăng,MPV,Xe cũ,890000,Số tự động,Nhập khẩu,Hoàng Mai - Hà Nội,https://oto.com.vn/mua-ban-xe-mitsubishi-xpander-ha-noi/ban-xe-15-at-san-xuat-nam-2018-mau-den-nhap-khau-aidxc23365060
23364621,Mitsubishi Xpander AT Premium 2022,555000000.0,12/09/2025,2022,Máy xăng,MPV,Xe cũ,24000,Số tự động,Trong nước,Cầu Giấy - Hà Nội,https://oto.com.vn/mua-ban-xe-mitsubishi-xpander-ha-noi/bao-check-thoai-mai-xe-mua-moi-tu-dau-aidxc23364621
23367166,Mitsubishi Xpander 1.5 AT 2020,466000000.0,17/09/2025,2020,Máy xăng,N/A,Xe cũ,122000,Số tự động,Nhập khẩu,Cầu Giấy - Hà Nội,https://oto.com.vn/mua-ban-xe-mitsubishi-xpander-ha-noi/chu-di-giu-gin-aidxc23367166
23368073,Mitsubishi Xpander AT Premium 2023,560000000.0,19/09/2025,2023,Máy xăng,MPV,Xe cũ,50000,Số tự động,Nhập khẩu,Thanh Xuân - Hà Nội,https://oto.com.vn/mua-ban-xe-mitsubishi-xpander-ha-noi/premium-2023-aidxc23368073
23368077,Mitsubishi Xpander AT Premium 2024,590000000.0,19/09/2025,2024,Máy xăng,MPV,Xe cũ,20000,Số tự động,Nhập khẩu,Thanh Xuân - Hà Nội,https://oto.com.vn/mua-ban-xe-mitsubishi-xpander-ha-noi/premium-2024-aidxc23368077
23341616,Mitsubishi Xpander 1.5 MT 2021,429000000.0,24/09/2025,2021,Máy xăng,MPV,Xe cũ,27000,Số sàn,Trong nước,Cầu Giấy - Hà Nội,https://oto.com.vn/mua-ban-xe-mitsubishi-xpander-ha-noi/so-san-aidxc23341616
23349664,Mitsubishi Xpander 2023,500000000.0,04/09/2025,2023,Máy xăng,MPV,Xe cũ,50000,Số tự động,Nhập khẩu,Cầu Giấy - Hà Nội,https://oto.com.vn/mua-ban-xe-mitsubishi-xpander-ha-noi/xe-1-chu-mua-moi-tu-dau-may-moc-zin-keng-aidxc23349664
23369919,Mitsubishi Xpander 2025,529000000.0,24/09/2025,2025,Máy xăng,MPV,Xe cũ,10000,Số tự động,Trong nước,Cầu Giấy - Hà Nội,https://oto.com.vn/mua-ban-xe-mitsubishi-xpander-ha-noi/xe-dep-chay-1-van-aidxc23369919
23350603,Mitsubishi Xpander AT Premium 2023,585000000.0,04/09/2025,2023,Máy xăng,MPV,Xe cũ,20000,Số tự động,Nhập khẩu,Cầu Giấy - Hà Nội,https://oto.com.vn/mua-ban-xe-mitsubishi-xpander-ha-noi/xe-tu-nhan-1-chu-mua-moi-tu-dau-aidxc23350603
23349662,Mitsubishi Xpander 2023,555000000.0,04/09/2025,2023,Máy xăng,N/A,Xe cũ,48000,Số tự động,Trong nước,Cầu Giấy - Hà Nội,https://oto.com.vn/mua-ban-xe-mitsubishi-xpander-ha-noi/xe-tu-nhan-1-chu-tu-dau-aidxc23349662
23364018,Mitsubishi Xpander 1.5 AT 2019,435000000.0,11/09/2025,2019,Máy xăng,N/A,Xe cũ,75000,Số tự động,Trong nước,Chí Linh - Hải Dương,https://oto.com.vn/mua-ban-xe-mitsubishi-xpander-hai-duong/xe-luot-dep-gia-tot-thuong-luong-aidxc23364018
23363871,Mitsubishi Xpander AT Premium 2022,540000000.0,10/09/2025,2022,Máy xăng,SUV,Xe cũ,83000,Số tự động,Trong nước,Chí Linh - Hải Dương,https://oto.com.vn/mua-ban-xe-mitsubishi-xpander-hai-duong/xe-sieu-luot-7-cho-chu-di-giu-gin-aidxc23363871
23366253,Mitsubishi Xpander AT Premium 2024,589000000.0,16/09/2025,2024,Máy xăng,MPV,Xe cũ,25000,Số tự động,Trong nước,Đồ Sơn - Hải Phòng,https://oto.com.vn/mua-ban-xe-mitsubishi-xpander-hai-phong/salon-xin-duoc-chao-ban-chiec-xe-aidxc23366253
23368101,Mitsubishi Xpander 1.5 MT 2019,379000000.0,19/09/2025,2019,Máy xăng,N/A,Xe cũ,90000,Số sàn,Nhập khẩu,An Lão - Hải Phòng,https://oto.com.vn/mua-ban-xe-mitsubishi-xpander-hai-phong/xe-dep-gia-dinh-di-giu-gin-aidxc23368101
23299066,Mitsubishi Xpander 1.5 AT 2019,425000000.0,03/09/2025,2019,Máy xăng,MPV,Xe cũ,116000,Số tự động,Nhập khẩu,Quận 12 - Tp.HCM,https://oto.com.vn/mua-ban-xe-mitsubishi-xpander-hcm/1-chu-xe-dep-aidxc23299066
23372394,Mitsubishi Xpander AT Premium 2023,549000000.0,02/10/2025,2023,Máy xăng,Crossover,Xe cũ,42000,Số tự động,Nhập khẩu,Tp.HCM,https://oto.com.vn/mua-ban-xe-mitsubishi-xpander-hcm/15at-premium-2023-42000km-aidxc23372394
23371158,Mitsubishi Xpander 1.5 AT 2019,445000000.0,28/09/2025,2019,Máy xăng,MPV,Xe cũ,50000,Số tự động,Nhập khẩu,Gò Vấp - Tp.HCM,https://oto.com.vn/mua-ban-xe-mitsubishi-xpander-hcm/2019-15-at-50000-km-aidxc23371158
23372257,Mitsubishi Xpander AT 2019,465000000.0,02/10/2025,2019,Máy xăng,MPV,Xe cũ,52000,Số tự động,Nhập khẩu,Tp.HCM,https://oto.com.vn/mua-ban-xe-mitsubishi-xpander-hcm/2019-15-at-52000-km-aidxc23372257
23370573,Mitsubishi Xpander AT Premium 2022,530000000.0,26/09/2025,2022,Máy xăng,Crossover,Xe cũ,48000,Số tự động,Nhập khẩu,Tp.HCM,https://oto.com.vn/mua-ban-xe-mitsubishi-xpander-hcm/2022-at-premium-48000-km-aidxc23370573
23371747,Mitsubishi Xpander AT Premium 2022,556000000.0,30/09/2025,2022,Máy xăng,Crossover,Xe cũ,50000,Số tự động,Nhập khẩu,Tp.HCM,https://oto.com.vn/mua-ban-xe-mitsubishi-xpander-hcm/2022-at-premium-50000-km-aidxc23371747
23372470,Mitsubishi Xpander AT 2023,480000000.0,02/10/2025,2023,Máy xăng,Crossover,Xe cũ,62000,Số tự động,Trong nước,Tp.HCM,https://oto.com.vn/mua-ban-xe-mitsubishi-xpander-hcm/2023-cross-15-at-62000-km-aidxc23372470
23368562,Mitsubishi Xpander AT Premium 2022,495000000.0,21/09/2025,2022,Máy xăng,MPV,Xe cũ,85000,Số tự động,Nhập khẩu,Hóc Môn - Tp.HCM,https://oto.com.vn/mua-ban-xe-mitsubishi-xpander-hcm/can-ban-aidxc23368562
23368734,Mitsubishi Xpander 1.5 AT 2021,500000000.0,21/09/2025,2021,Máy xăng,MPV,Xe cũ,175000,Số tự động,Trong nước,Gò Vấp - Tp.HCM,https://oto.com.vn/mua-ban-xe-mitsubishi-xpander-hcm/chinh-chu-can-tien-gap-ban-xe-7-cho-so-tu-dong-aidxc23368734
23366986,Mitsubishi Xpander 1.5 MT 2024,508000000.0,17/09/2025,2024,Máy xăng,MPV,Xe cũ,21162,Số sàn,Trong nước,Tp.HCM,https://oto.com.vn/mua-ban-xe-mitsubishi-xpander-hcm/mt-2024-5xx-thuong-luong-manh-aidxc23366986
23369404,Mitsubishi Xpander 1.5 MT 2019,340000000.0,23/09/2025,2019,Máy xăng,MPV,Xe cũ,78000,Số sàn,Nhập khẩu,Di Linh - Lâm Đồng,https://oto.com.vn/mua-ban-xe-mitsubishi-xpander-lam-dong/can-ban-xe-nha-gia-dinh-aidxc23369404
23372403,Mitsubishi Xpander 2023,420000000.0,02/10/2025,2023,Máy xăng,Crossover,Xe cũ,120,Số sàn,Trong nước,Long An,https://oto.com.vn/mua-ban-xe-mitsubishi-xpander-long-an/2023-aidxc23372403
23371808,Mitsubishi Xpander 2023,539000000.0,30/09/2025,2023,Máy xăng,MPV,Xe cũ,55,Số tự động,Nhập khẩu,Tây Ninh,https://oto.com.vn/mua-ban-xe-mitsubishi-xpander-tay-ninh/2023-55-km-aidxc23371808
23371611,Mitsubishi Zinger GLS 2009,148000000.0,30/09/2025,2009,Máy xăng,MPV,Xe cũ,234215,Số sàn,Trong nước,Bình Dương,https://oto.com.vn/mua-ban-xe-mitsubishi-zinger-binh-duong/2009-gls-24-mt-234215-km-aidxc23371611
23359051,Mitsubishi Zinger GLS 2009,185000000.0,27/08/2025,2009,Máy xăng,MPV,Xe cũ,106000,Số sàn,Trong nước,Ninh Kiều - Cần Thơ,https://oto.com.vn/mua-ban-xe-mitsubishi-zinger-can-tho/24-mt-2004-chuan-kilomet-106000-zin-cop-1-chu-tu-dau-aidxc23359051
23364802,Mitsubishi Zinger GLS 2009,148000000.0,12/09/2025,2009,Máy xăng,Van/Minivan,Xe cũ,265000,Số sàn,Trong nước,Đồng Nai,https://oto.com.vn/mua-ban-xe-mitsubishi-zinger-dong-nai/2009-gls-24-mt-265000-km-aidxc23364802
23363578,Mitsubishi Zinger GLS 2008,138000000.0,09/09/2025,2008,Máy xăng,MPV,Xe cũ,N/A,Số sàn,N/A,Hà Nội,https://oto.com.vn/mua-ban-xe-mitsubishi-zinger-ha-noi/2008-so-san-aidxc23363578
23365758,Mitsubishi Zinger 2010,189000000.0,14/09/2025,2010,Máy xăng,MPV,Xe cũ,160000,Số sàn,Nhập khẩu,Hà Nội,https://oto.com.vn/mua-ban-xe-mitsubishi-zinger-ha-noi/2010-xe-nhap-nguyen-zin-aidxc23365758
23300624,Mitsubishi Zinger GL 2012,157000000.0,20/03/2025,2012,Máy xăng,N/A,Xe cũ,200000,Số sàn,Trong nước,Hà Đông - Hà Nội,https://oto.com.vn/mua-ban-xe-mitsubishi-zinger-ha-noi/xe-chinh-chu-nguyen-zin-aidxc23300624
23313706,Mitsubishi Zinger GL 2012,157000000.0,20/04/2025,2012,Máy xăng,N/A,Xe cũ,200000,Số sàn,Trong nước,Hà Đông - Hà Nội,https://oto.com.vn/mua-ban-xe-mitsubishi-zinger-ha-noi/xe-chinh-chu-nguyen-zin-aidxc23313706
23313757,Mitsubishi Zinger GL 2012,157000000.0,21/04/2025,2012,Máy xăng,N/A,Xe cũ,200000,Số sàn,Trong nước,Hà Đông - Hà Nội,https://oto.com.vn/mua-ban-xe-mitsubishi-zinger-ha-noi/xe-chinh-chu-nguyen-zin-aidxc23313757
23372287,Mitsubishi Zinger GLS 2008,129000000.0,02/10/2025,2008,Máy xăng,MPV,Xe cũ,120000,Số sàn,Trong nước,Tp.HCM,https://oto.com.vn/mua-ban-xe-mitsubishi-zinger-hcm/2008-24-mt-cop-cua-ong-cha-nha-tho-aidxc23372287
23365012,Mitsubishi Zinger GL 2008,165000000.0,12/09/2025,2008,Máy xăng,MPV,Xe cũ,115000,Số sàn,Trong nước,Tp.HCM,https://oto.com.vn/mua-ban-xe-mitsubishi-zinger-hcm/2008-gl-24-mt-115000-km-aidxc23365012
23361147,Mitsubishi Zinger 2012,175000000.0,03/09/2025,2012,Máy xăng,MPV,Xe cũ,88000,Số sàn,Trong nước,Tp.HCM,https://oto.com.vn/mua-ban-xe-mitsubishi-zinger-hcm/2012-8-cho-aidxc23361147
23335330,Mitsubishi Zinger 2008,185000000.0,02/09/2025,2008,Máy xăng,MPV,Xe cũ,90000,Số sàn,Trong nước,Tp.HCM,https://oto.com.vn/mua-ban-xe-mitsubishi-zinger-hcm/ban-xe-mitsu-7-cho-sx-2008-so-tay-aidxc23335330
23347782,Mitsubishi Zinger GL 2008,145000000.0,28/07/2025,2008,Máy xăng,MPV,Xe cũ,214000,Số sàn,Trong nước,Bảo Lộc - Lâm Đồng,https://oto.com.vn/mua-ban-xe-mitsubishi-zinger-lam-dong/can-ban-xe-gia-dinh-2008-145-trieu-aidxc23347782
23363899,Nissan Almera CVT Cao cấp 2021,420000000.0,10/09/2025,2021,Máy xăng,Sedan,Xe cũ,13000,Số tự động,Nhập khẩu,Bắc Giang,https://oto.com.vn/mua-ban-xe-nissan-almera-bac-giang/2021-vl-10-cvt-cao-cap-13000-km-aidxc23363899
23367052,Nissan Almera CVT 2021,295000000.0,17/09/2025,2021,Máy xăng,Sedan,Xe cũ,75632,Số tự động,Nhập khẩu,Hà Nội,https://oto.com.vn/mua-ban-xe-nissan-almera-ha-noi/2021-cvt-75632-km-aidxc23367052
23369542,Nissan Almera CVT Cao cấp 2021,390000000.0,24/09/2025,2021,Máy xăng,Sedan,Xe cũ,40000,Số tự động,Nhập khẩu,Hà Nội,https://oto.com.vn/mua-ban-xe-nissan-almera-ha-noi/2021-cvt-cao-cap-40000-km-aidxc23369542
23362571,Nissan Almera CVT Cao cấp 2021,420000000.0,06/09/2025,2021,Máy xăng,Sedan,Xe cũ,91000,Số tự động,Nhập khẩu,Hà Nội,https://oto.com.vn/mua-ban-xe-nissan-almera-ha-noi/2021-vl-10-cvt-cao-cap-91000-km-aidxc23362571
23370039,Nissan Almera CVT Cao cấp 2022,439000000.0,25/09/2025,2022,Máy xăng,Sedan,Xe cũ,52000,Số tự động,Nhập khẩu,Hà Nội,https://oto.com.vn/mua-ban-xe-nissan-almera-ha-noi/den-san-xuat-2022nhap-thai-lan-aidxc23370039
23366327,Nissan Almera 2021,409000000.0,16/09/2025,2021,Máy xăng,Sedan,Xe cũ,53000,Số tự động,Nhập khẩu,Hà Nội,https://oto.com.vn/mua-ban-xe-nissan-almera-ha-noi/ho-tro-vay-70-75-gia-tri-xe-aidxc23366327
23364613,Nissan Almera CVT Cao cấp 2022,440000000.0,12/09/2025,2022,Máy xăng,Sedan,Xe cũ,53000,Số tự động,Nhập khẩu,Nam Từ Liêm - Hà Nội,https://oto.com.vn/mua-ban-xe-nissan-almera-ha-noi/tu-nhan-1-chu-su-dung-tu-moi-dep-lam-ko-loi-aidxc23364613
23368018,Nissan Almera CVT Cao cấp 2021,385000000.0,19/09/2025,2021,Máy xăng,Sedan,Xe cũ,72568,Số tự động,Nhập khẩu,Hà Nội,https://oto.com.vn/mua-ban-xe-nissan-almera-ha-noi/vl-10turno-cao-cap-ben-bi-tiet-kiem-aidxc23368018
23367434,Nissan Almera CVT Cao cấp 2021,419000000.0,18/09/2025,2021,Máy xăng,Sedan,Xe cũ,64000,Số tự động,Nhập khẩu,Tp.HCM,https://oto.com.vn/mua-ban-xe-nissan-almera-hcm/2021-cvt-cao-cap-64000-km-aidxc23367434
23367436,Nissan Almera CVT Cao cấp 2023,409000000.0,18/09/2025,2023,Máy xăng,Sedan,Xe cũ,69000,Số tự động,Nhập khẩu,Tp.HCM,https://oto.com.vn/mua-ban-xe-nissan-almera-hcm/2023-el-69000-km-con-bhbao-test-aidxc23367436
23367459,Nissan Almera CVT Cao cấp 2023,485000000.0,18/09/2025,2023,Máy xăng,Sedan,Xe cũ,62000,Số tự động,Nhập khẩu,Tp.HCM,https://oto.com.vn/mua-ban-xe-nissan-almera-hcm/2023-vl-10-cvt-cao-cap-62000-km-aidxc23367459
23368338,Nissan Almera CVT Cao cấp 2021,409000000.0,20/09/2025,2021,Máy xăng,Sedan,Xe cũ,53000,Số tự động,Nhập khẩu,Tân Phú - Tp.HCM,https://oto.com.vn/mua-ban-xe-nissan-almera-hcm/xe-ca-nhan-ben-bi-gia-hop-ly-aidxc23368338
23368212,Nissan Almera CVT Cao cấp 2021,419000000.0,20/09/2025,2021,Máy xăng,Sedan,Xe cũ,64000,Số tự động,Nhập khẩu,Tân Phú - Tp.HCM,https://oto.com.vn/mua-ban-xe-nissan-almera-hcm/xe-ca-nhan-uy-quyen-day-du-phu-kien-cao-cap-aidxc23368212
23356686,Nissan Almera CVT Cao cấp 2023,470000000.0,26/09/2025,2023,Máy xăng,Sedan,Xe cũ,62000,Số tự động,Nhập khẩu,Tân Phú - Tp.HCM,https://oto.com.vn/mua-ban-xe-nissan-almera-hcm/xe-sedan-dep-noi-that-nhu-moi-gia-hop-ly-aidxc23356686
23368210,Nissan Almera CVT 2023,400000000.0,20/09/2025,2023,Máy xăng,Sedan,Xe cũ,69000,Số tự động,Nhập khẩu,Tân Phú - Tp.HCM,https://oto.com.vn/mua-ban-xe-nissan-almera-hcm/xe-sedan-gia-tot-nhat-phan-khuc-2023-aidxc23368210
23363883,Nissan Bluebird 2009,169000000.0,10/09/2025,2009,Máy xăng,Sedan,Xe cũ,100000,Số tự động,Nhập khẩu,Tây Ninh,https://oto.com.vn/mua-ban-xe-nissan-bluebird-tay-ninh/xe-chinh-chu-khong-hop-mau-nen-ban-aidxc23363883
23335544,Nissan Bluebird 1990,45000000.0,25/06/2025,1990,Máy xăng,Sedan,Xe cũ,70,Số sàn,Nhập khẩu,Hương Thủy - Thừa Thiên Huế,https://oto.com.vn/mua-ban-xe-nissan-bluebird-thua-thien-hue/1989-45tr-aidxc23335544
23098018,Nissan Cedric 1993,155000000.0,15/05/2025,1993,Máy xăng,Sedan,Xe cũ,30000,Số sàn,Nhập khẩu,Thanh Xuân - Hà Nội,https://oto.com.vn/mua-ban-xe-nissan-cedric-ha-noi/odo-30-van-dep-khong-ty-vet-aidxc23098018
23342237,Nissan Grand livina 1.8 AT 2011,245000000.0,16/07/2025,2011,Máy xăng,MPV,Xe cũ,85000,Số tự động,Trong nước,Liên Chiểu - Đà Nẵng,https://oto.com.vn/mua-ban-xe-nissan-grand-livina-da-nang/xe-gia-dinh-aidxc23342237
23312248,Nissan Juke 1.6 CVT 2015,499000000.0,15/09/2025,2015,Máy xăng,Hatchback,Xe cũ,57000,Số tự động,Nhập khẩu,Thuận An - Bình Dương,https://oto.com.vn/mua-ban-xe-nissan-juke-binh-duong/nhap-khau-anh-quoc-aidxc23312248
23368357,Nissan Kicks E 2022,589000000.0,20/09/2025,2022,Máy xăng,N/A,Xe cũ,20000,Số tự động,Nhập khẩu,Hà Nội,https://oto.com.vn/mua-ban-xe-nissan-kicks-ha-noi/2022-so-tu-dong-aidxc23368357
23331448,Nissan Kicks V 2022,598000000.0,11/06/2025,2022,Hybrid,Crossover,Xe cũ,29000,Số tự động,Nhập khẩu,Hoài Đức - Hà Nội,https://oto.com.vn/mua-ban-xe-nissan-kicks-ha-noi/ban-full-nhap-thai-29000-km-aidxc23331448
23341739,Nissan Kicks V 2023,586000000.0,15/07/2025,2023,Hybrid,Crossover,Xe cũ,20000,Số tự động,Nhập khẩu,Cầu Giấy - Hà Nội,https://oto.com.vn/mua-ban-xe-nissan-kicks-ha-noi/di-100km-chi-ton-hon-3-lit-xang-aidxc23341739
23342660,Nissan Kicks 2022,586000000.0,17/07/2025,2022,Hybrid,Crossover,Xe cũ,20000,Số tự động,Nhập khẩu,Cầu Giấy - Hà Nội,https://oto.com.vn/mua-ban-xe-nissan-kicks-ha-noi/di-100km-chi-ton-hon-3-lit-xang-aidxc23342660
23308638,Nissan Kicks V 2023,660000000.0,22/08/2025,2023,Hybrid,SUV,Xe cũ,8000,Số tự động,Nhập khẩu,Hoàng Mai - Hà Nội,https://oto.com.vn/mua-ban-xe-nissan-kicks-ha-noi/e-power-v-sx2023-dang-ky-2024-chay-8-nghin-km-nhu-moi-aidxc23308638
23318104,Nissan Kicks 2023,675000000.0,10/06/2025,2023,Máy xăng,SUV,Xe cũ,8000,Số tự động,Trong nước,Bắc Từ Liêm - Hà Nội,https://oto.com.vn/mua-ban-xe-nissan-kicks-ha-noi/gia-660-trieu-aidxc23318104
23318525,Nissan Kicks E 2023,660000000.0,10/06/2025,2023,Máy xăng,SUV,Xe cũ,8000,Số tự động,Trong nước,Bắc Từ Liêm - Hà Nội,https://oto.com.vn/mua-ban-xe-nissan-kicks-ha-noi/gia-660-trieu-aidxc23318525
23363145,Nissan Kicks V 2022,599000000.0,08/09/2025,2022,Hybrid,Crossover,Xe cũ,50000,Số tự động,Nhập khẩu,Tân Phú - Tp.HCM,https://oto.com.vn/mua-ban-xe-nissan-kicks-hcm/xe-hybrid-tiet-kiem-nhien-lieu-gia-tot-aidxc23363145
23247667,Nissan Kicks V 2023,599000000.0,17/07/2025,2023,Hybrid,Crossover,Xe cũ,19,Số hỗn hợp,Nhập khẩu,Tân Phú - Tp.HCM,https://oto.com.vn/mua-ban-xe-nissan-kicks-hcm/xe-luot-cam-ket-chinh-hang-aidxc23247667
23367484,Nissan Livina 1.8 MT 2011,149000000.0,18/09/2025,2011,Máy xăng,MPV,Xe cũ,312000,Số sàn,Trong nước,Đắk Lắk,https://oto.com.vn/mua-ban-xe-nissan-livina-dak-lak/2011-goc-daklak-xe-gia-dinh-149tr-aidxc23367484
23336119,Nissan Livina 1.8 MT 2011,150000000.0,20/09/2025,2011,Máy xăng,MPV,Xe cũ,120000,Số tự động,Trong nước,Sa Đéc - Đồng Tháp,https://oto.com.vn/mua-ban-xe-nissan-livina-dong-thap/cam-do-thanh-ly-bao-tranh-chap-aidxc23336119
23366109,Nissan Livina 1.8 MT 2011,123000000.0,15/09/2025,2011,Máy xăng,MPV,Xe cũ,184548,Số sàn,Trong nước,Hà Nội,https://oto.com.vn/mua-ban-xe-nissan-livina-ha-noi/2011-184548-km-aidxc23366109
23370170,Nissan Livina 1.8 MT 2011,180000000.0,25/09/2025,2011,Máy xăng,MPV,Xe cũ,135869,Số sàn,Trong nước,Tp.HCM,https://oto.com.vn/mua-ban-xe-nissan-livina-hcm/2011-135869-km-aidxc23370170
23368700,Nissan Livina 1.8 MT 2010,178000000.0,21/09/2025,2010,Máy xăng,MPV,Xe cũ,150,Số tự động,Nhập khẩu,Tp.HCM,https://oto.com.vn/mua-ban-xe-nissan-livina-hcm/siu-dep-xe-zin-chuan-aidxc23368700
23364168,Nissan Murano 2005,268000000.0,11/09/2025,2005,Máy xăng,SUV,Xe cũ,200000,Số tự động,Trong nước,Bình Dương,https://oto.com.vn/mua-ban-xe-nissan-murano-binh-duong/2005-v6-30-4wd-full-option-aidxc23364168
23343877,Nissan Murano 2005,279000000.0,20/07/2025,2005,Máy xăng,SUV,Xe cũ,288000,Số tự động,Nhập khẩu,Dĩ An - Bình Dương,https://oto.com.vn/mua-ban-xe-nissan-murano-binh-duong/35-v6-4wd-dang-cap-aidxc23343877
23352862,Nissan Murano 2005,278000000.0,11/08/2025,2005,Máy xăng,SUV,Xe cũ,280000,Số tự động,Nhập khẩu,Dĩ An - Bình Dương,https://oto.com.vn/mua-ban-xe-nissan-murano-binh-duong/z50-35-v6-4wd-rat-dang-cap-aidxc23352862
23370093,Nissan Navara 2017,385000000.0,25/09/2025,2017,Máy dầu,Bán tải,Xe cũ,74000,Số tự động,Nhập khẩu,Vũng Tàu - Bà Rịa Vũng Tàu,https://oto.com.vn/mua-ban-xe-nissan-navara-ba-ria-vung-tau/xe-ban-tai-chat-luong-cao-gia-tot-aidxc23370093
23371583,Nissan Navara E 2015,299000000.0,30/09/2025,2015,Máy xăng,Bán tải,Xe cũ,177000,Số sàn,N/A,Bình Dương,https://oto.com.vn/mua-ban-xe-nissan-navara-binh-duong/2015-so-san-tai-aidxc23371583
23313767,Nissan Navara 2.5 MT 2015,305000000.0,20/09/2025,2015,Máy dầu,Bán tải,Xe cũ,10000,Số sàn,Nhập khẩu,Đông Anh - Hà Nội,https://oto.com.vn/mua-ban-xe-nissan-navara-ha-noi/ban-navana-doi-2015-so-san-1-cau-xe-mot-chu-aidxc23313767
23372325,Nissan Navara EL 2022,535000000.0,02/10/2025,2022,Máy xăng,Bán tải,Xe cũ,N/A,Số tự động,Nhập khẩu,Hà Nội,https://oto.com.vn/mua-ban-xe-nissan-navara-ha-noi/dang-ky-lan-dau-52023-xe-mot-chu-tu-dau-aidxc23372325
23353627,Nissan Navara 2017,370000000.0,12/09/2025,2017,Máy xăng,N/A,Xe cũ,75000,Số tự động,Nhập khẩu,Hà Đông - Hà Nội,https://oto.com.vn/mua-ban-xe-nissan-navara-ha-noi/du-ho-so-sang-ten-xe-dep-ban-el-aidxc23353627
23364288,Nissan Navara 2.5 AT 2020,475000000.0,11/09/2025,2020,Máy dầu,Bán tải,Xe cũ,90000,Số tự động,Nhập khẩu,Hà Đông - Hà Nội,https://oto.com.vn/mua-ban-xe-nissan-navara-ha-noi/mau-xe-ban-tai-dam-may-gam-cao-tien-nghi-aidxc23364288
23349322,Nissan Navara EL Premium 2019,485000000.0,03/09/2025,2019,Máy dầu,N/A,Xe cũ,45000,Số tự động,Trong nước,Nam Từ Liêm - Hà Nội,https://oto.com.vn/mua-ban-xe-nissan-navara-ha-noi/xe-dep-check-test-thoai-mai-aidxc23349322
23305205,Nissan Navara EL 2020,485000000.0,13/09/2025,2020,Máy xăng,N/A,Xe cũ,100000,Số tự động,Trong nước,Thanh Xuân - Hà Nội,https://oto.com.vn/mua-ban-xe-nissan-navara-ha-noi/xe-dep-du-ho-so-sang-ten-gia-tot-thuong-luong-aidxc23305205
23372332,Nissan Navara EL Premium R 2018,420000000.0,02/10/2025,2018,Máy dầu,Bán tải,Xe cũ,150000,Số tự động,Nhập khẩu,Tp.HCM,https://oto.com.vn/mua-ban-xe-nissan-navara-hcm/2018-el-premium-r-150000-km-aidxc23372332
23371435,Nissan Navara 2.5 AT 2019,450000000.0,29/09/2025,2019,Máy dầu,Bán tải,Xe cũ,90000,Số tự động,Nhập khẩu,Tp.HCM,https://oto.com.vn/mua-ban-xe-nissan-navara-hcm/2019-25-at-90000-km-aidxc23371435
23368340,Nissan Navara PRO4X 2022,789000000.0,20/09/2025,2022,Máy dầu,Bán tải,Xe cũ,29000,Số tự động,Nhập khẩu,Tân Phú - Tp.HCM,https://oto.com.vn/mua-ban-xe-nissan-navara-hcm/ban-tai-2-cau-dang-cap-2022-aidxc23368340
23368342,Nissan Navara VE 2WD Tiêu chuẩn 2021,575000000.0,20/09/2025,2021,Máy dầu,Bán tải,Xe cũ,23000,Số tự động,Nhập khẩu,Tân Phú - Tp.HCM,https://oto.com.vn/mua-ban-xe-nissan-navara-hcm/option-cao-cap-day-du-tien-nghi-aidxc23368342
23368341,Nissan Navara EL 2023,585000000.0,20/09/2025,2023,Máy dầu,Bán tải,Xe cũ,52000,Số tự động,Nhập khẩu,Tân Phú - Tp.HCM,https://oto.com.vn/mua-ban-xe-nissan-navara-hcm/xe-ca-nhan-su-dung-ky-con-moi-90-aidxc23368341
23372014,Nissan Navara E 2017,355000000.0,01/10/2025,2017,Máy dầu,Bán tải,Xe cũ,87000,Số tự động,Nhập khẩu,Thanh Hóa - Nghệ An,https://oto.com.vn/mua-ban-xe-nissan-navara-nghe-an/ban-tai-2017-1-chu-aidxc23372014
23372151,Nissan Navara E 2017,385000000.0,01/10/2025,2017,Máy xăng,Bán tải,Xe cũ,N/A,Số tự động,N/A,Ninh Bình,https://oto.com.vn/mua-ban-xe-nissan-navara-ninh-binh/2017-so-tu-dong-tai-aidxc23372151
23330900,Nissan Rogue 2007,195000000.0,10/06/2025,2007,Máy xăng,SUV,Xe cũ,80000,Số tự động,Nhập khẩu,Cao Phong - Hòa Bình,https://oto.com.vn/mua-ban-xe-nissan-rogue-hoa-binh/gia-195-tr-aidxc23330900
23364616,Nissan Sunny 2013,189000000.0,12/09/2025,2013,Máy xăng,Sedan,Xe cũ,100000,Số tự động,Nhập khẩu,Bình Dương,https://oto.com.vn/mua-ban-xe-nissan-sunny-binh-duong/2013-100000-km-aidxc23364616
23361699,Nissan Sunny XV SE 1.5 AT 2016,245000000.0,04/09/2025,2016,Máy xăng,Sedan,Xe cũ,120000,Số tự động,Trong nước,Bình Dương,https://oto.com.vn/mua-ban-xe-nissan-sunny-binh-duong/2016-15-xv-se-120000-km-aidxc23361699
23368000,Nissan Sunny XV Premium 1.5 AT 2017,269000000.0,19/09/2025,2017,Máy xăng,Sedan,Xe cũ,99000,Số tự động,Trong nước,Cần Thơ,https://oto.com.vn/mua-ban-xe-nissan-sunny-can-tho/2017-tu-dong-15-xv-premium-99000-aidxc23368000
23362618,Nissan Sunny XV Premium 1.5 AT 2017,295000000.0,06/09/2025,2017,Máy xăng,Sedan,Xe cũ,85000,Số tự động,Trong nước,Đà Nẵng,https://oto.com.vn/mua-ban-xe-nissan-sunny-da-nang/2017-15-xv-premium-85000-km-aidxc23362618
23365551,Nissan Sunny 1.5 XL 2013,123000000.0,14/09/2025,2013,Máy xăng,Sedan,Xe cũ,156456,Số sàn,Trong nước,Buôn Ma Thuột - Đắk Lắk,https://oto.com.vn/mua-ban-xe-nissan-sunny-dak-lak/2013-15-xl-156456-km-aidxc23365551
23368564,Nissan Sunny 1.5 XV 2013,215000000.0,21/09/2025,2013,Máy xăng,Sedan,Xe cũ,140000,Số tự động,Trong nước,Hà Nội,https://oto.com.vn/mua-ban-xe-nissan-sunny-ha-noi/2013-15-xv-140000-km-aidxc23368564
23365267,Nissan Sunny 2018,299000000.0,13/09/2025,2018,Máy xăng,Sedan,Xe cũ,90000,Số tự động,N/A,Hà Nội,https://oto.com.vn/mua-ban-xe-nissan-sunny-ha-noi/2018-tai-aidxc23365267
23366771,Nissan Sunny 2015,135000000.0,17/09/2025,2015,Máy xăng,Sedan,Xe cũ,N/A,Số tự động,Trong nước,Hà Nội,https://oto.com.vn/mua-ban-xe-nissan-sunny-ha-noi/xe-bien-aidxc23366771
23361993,Nissan Sunny XV Premium 1.5 AT 2019,352000000.0,05/09/2025,2019,Máy xăng,Sedan,Xe cũ,40000,Số tự động,Nhập khẩu,Hà Nội,https://oto.com.vn/mua-ban-xe-nissan-sunny-ha-noi/xv-premium-2019-352-trieu-aidxc23361993
23368410,Nissan Sunny 1.5 AT 2015,128000000.0,20/09/2025,2015,Máy xăng,Sedan,Xe cũ,2018,Số tự động,Nhập khẩu,Tp.HCM,https://oto.com.vn/mua-ban-xe-nissan-sunny-hcm/15-l-2018-km-aidxc23368410
23366785,Nissan Sunny 1.5 XL 2017,185000000.0,17/09/2025,2017,Máy xăng,Sedan,Xe cũ,125000,Số tự động,Trong nước,Tp.HCM,https://oto.com.vn/mua-ban-xe-nissan-sunny-hcm/19-2017-15-xl-125000-km-aidxc23366785
23368063,Nissan Sunny XV 1.5 AT 2017,288000000.0,19/09/2025,2017,Máy xăng,Sedan,Xe cũ,52000,Số tự động,Trong nước,Bình Tân - Tp.HCM,https://oto.com.vn/mua-ban-xe-nissan-sunny-hcm/2017-xv-52000-km-gia-binh-dan-aidxc23368063
23313951,Nissan Sunny 2016,245000000.0,04/09/2025,2016,Máy xăng,Sedan,Xe cũ,90000,Số tự động,Trong nước,Quận 10 - Tp.HCM,https://oto.com.vn/mua-ban-xe-nissan-sunny-hcm/so-tu-dong-con-moi-85-nha-su-dung-khong-kinh-doanh-aidxc23313951
23369267,Nissan Sunny 1.5 XL 2013,205000000.0,23/09/2025,2013,Máy xăng,Sedan,Xe cũ,123456,Số sàn,Trong nước,Ninh Bình,https://oto.com.vn/mua-ban-xe-nissan-sunny-ninh-binh/2013-15-xl-123456-km-aidxc23369267
23362750,Nissan Sunny 2018,220000000.0,06/09/2025,2018,Máy xăng,Sedan,Xe cũ,202000,Số sàn,Nhập khẩu,Quảng Nam,https://oto.com.vn/mua-ban-xe-nissan-sunny-quang-nam/ban-xe-aidxc23362750
23372062,Nissan Teana 2.0 AT 2010,265000000.0,01/10/2025,2010,Máy xăng,Sedan,Xe cũ,125000,Số tự động,Nhập khẩu,Hà Nội,https://oto.com.vn/mua-ban-xe-nissan-teana-ha-noi/2010-20-at-125000-km-aidxc23372062
23363061,Nissan Teana 2010,259000000.0,07/09/2025,2010,Máy xăng,Sedan,Xe cũ,N/A,Số tự động,Nhập khẩu,Hà Nội,https://oto.com.vn/mua-ban-xe-nissan-teana-ha-noi/2010-aidxc23363061
23363054,Nissan Teana 2.0 AT 2010,245000000.0,07/09/2025,2010,Máy xăng,Sedan,Xe cũ,N/A,Số tự động,Nhập khẩu,Hà Nội,https://oto.com.vn/mua-ban-xe-nissan-teana-ha-noi/2010-tai-aidxc23363054
23342928,Nissan Teana 2.0 AT 2010,275000000.0,18/07/2025,2010,Máy xăng,Sedan,Xe cũ,118000,Số tự động,Nhập khẩu,Long Biên - Hà Nội,https://oto.com.vn/mua-ban-xe-nissan-teana-ha-noi/nhap-dai-loan-aidxc23342928
23372459,Nissan Teana 2.0 AT 2010,260000000.0,02/10/2025,2010,Máy xăng,Sedan,Xe cũ,68000,Số tự động,Nhập khẩu,Tp.HCM,https://oto.com.vn/mua-ban-xe-nissan-teana-hcm/20-at-san-xuat-cuoi-2010-mau-bac-aidxc23372459
23361996,Nissan Teana 2.0 AT 2009,300000000.0,05/09/2025,2009,Máy xăng,Sedan,Xe cũ,112,Số tự động,Nhập khẩu,Quận 2 - Tp.HCM,https://oto.com.vn/mua-ban-xe-nissan-teana-hcm/2009-20-at-112000-km-aidxc23361996
23285437,Nissan Teana 2.0 AT 2009,285000000.0,10/05/2025,2009,Máy xăng,Sedan,Xe cũ,165000,Số tự động,Nhập khẩu,Tp.HCM,https://oto.com.vn/mua-ban-xe-nissan-teana-hcm/nguyen-zin-aidxc23285437
23309687,Nissan Teana 2009,285000000.0,10/05/2025,2009,Máy xăng,Sedan,Xe cũ,128000,Số tự động,Nhập khẩu,Quận 12 - Tp.HCM,https://oto.com.vn/mua-ban-xe-nissan-teana-hcm/nguyen-zin-tu-trong-ra-ngoai-aidxc23309687
23333482,Nissan Teana 2.0 AT 2011,270000000.0,18/06/2025,2011,Máy xăng,Sedan,Xe cũ,120000,Số tự động,Nhập khẩu,Khoái Châu - Hưng Yên,https://oto.com.vn/mua-ban-xe-nissan-teana-hung-yen/nhap-khau-xe-dai-chat-hang-hiem-xe-tu-nhan-bien-90-may-so-keo-chi-zin-khong-loi-nho-aidxc23333482
23334590,Nissan Teana 2.0 AT 2011,270000000.0,21/06/2025,2011,Máy xăng,Sedan,Xe cũ,120000,Số tự động,Nhập khẩu,Khoái Châu - Hưng Yên,https://oto.com.vn/mua-ban-xe-nissan-teana-hung-yen/nhap-khau-xe-dai-chat-hang-hiem-xe-tu-nhan-bien-90-may-so-keo-chi-zin-khong-loi-nho-aidxc23334590
23366423,Nissan Teana 2.0 AT 2009,225000000.0,16/09/2025,2009,Máy xăng,Sedan,Xe cũ,N/A,Số tự động,Nhập khẩu,Ninh Bình,https://oto.com.vn/mua-ban-xe-nissan-teana-ninh-binh/nhap-khau-nguyen-chiec-aidxc23366423
23266778,Nissan Teana 2.0 AT 2010,250000000.0,07/03/2025,2010,Máy xăng,Sedan,Xe cũ,120000,Số tự động,Nhập khẩu,Đoan Hùng - Phú Thọ,https://oto.com.vn/mua-ban-xe-nissan-teana-phu-tho/so-tu-dong-nhap-khau-noi-tieng-sang-trong-dang-cap-aidxc23266778
23364705,Nissan Terra 2.5L S 2WD MT 2019,570000000.0,12/09/2025,2019,Máy xăng,SUV,Xe cũ,240000,Số sàn,Nhập khẩu,Đà Nẵng,https://oto.com.vn/mua-ban-xe-nissan-terra-da-nang/can-ban-xe-s-doithang11-2019-aidxc23364705
23365414,Nissan Terra 2018,609000000.0,13/09/2025,2018,Máy xăng,SUV,Xe cũ,55000,Số tự động,Nhập khẩu,Hà Nội,https://oto.com.vn/mua-ban-xe-nissan-terra-ha-noi/2018-aidxc23365414
23364677,Nissan Terra 2.5L S 2WD MT 2019,686000000.0,12/09/2025,2019,Máy xăng,SUV,Xe cũ,67000,Số sàn,Nhập khẩu,Hà Nội,https://oto.com.vn/mua-ban-xe-nissan-terra-ha-noi/2019-25l-4x2-mt-67000-km-aidxc23364677
23362255,Nissan Terra 2019,670000000.0,05/09/2025,2019,Máy dầu,SUV,Xe cũ,76000,Số tự động,Nhập khẩu,Hà Nội,https://oto.com.vn/mua-ban-xe-nissan-terra-ha-noi/2019-76000-km-aidxc23362255
23368199,Nissan Terra 2.5L E 2WD AT 2019,610000000.0,20/09/2025,2019,Máy xăng,SUV,Xe cũ,80000,Số tự động,Nhập khẩu,Hà Nội,https://oto.com.vn/mua-ban-xe-nissan-terra-ha-noi/2019-80000-km-aidxc23368199
23363043,Nissan Terra 2.5L E 2WD 7 AT 2019,610000000.0,07/09/2025,2019,Máy xăng,SUV,Xe cũ,30000,Số tự động,Nhập khẩu,Hoàng Mai - Hà Nội,https://oto.com.vn/mua-ban-xe-nissan-terra-ha-noi/teara-el-sx2019-chay-chuan-hon-3van-km-sai-tang-luon-xe-aidxc23363043
23276509,Nissan Terra 2.5L E 2WD 7 AT 2019,590000000.0,04/08/2025,2019,Máy xăng,SUV,Xe cũ,6700,Số tự động,Nhập khẩu,Hoàng Mai - Hà Nội,https://oto.com.vn/mua-ban-xe-nissan-terra-ha-noi/teara-el-sx2019-may-xang-1-cau-da-len-camera-360-cop-dien-aidxc23276509
23350402,Nissan Terra 2.5L E 2WD AT 2019,605000000.0,02/10/2025,2019,Máy xăng,SUV,Xe cũ,80000,Số tự động,Nhập khẩu,Thanh Xuân - Hà Nội,https://oto.com.vn/mua-ban-xe-nissan-terra-ha-noi/xe-nhap-khau-thai-lan-chat-luong-cao-aidxc23350402
23361922,Nissan Terra 2018,609000000.0,05/09/2025,2018,Máy xăng,SUV,Xe cũ,55000,Số tự động,Nhập khẩu,Tp.HCM,https://oto.com.vn/mua-ban-xe-nissan-terra-hcm/2018-tai-tp-aidxc23361922
23368205,Nissan Terra 2018,609000000.0,20/09/2025,2018,Máy xăng,SUV,Xe cũ,55000,Số tự động,Nhập khẩu,Tp.HCM,https://oto.com.vn/mua-ban-xe-nissan-terra-hcm/2018-tai-tp-aidxc23368205
23342758,Nissan Terra 2.5L V 4WD 7AT 2019,620000000.0,18/08/2025,2019,Máy xăng,SUV,Xe cũ,45000,Số tự động,Nhập khẩu,Bình Thạnh - Tp.HCM,https://oto.com.vn/mua-ban-xe-nissan-terra-hcm/ban-nisan-25l-4wd-ban-v-full-may-xang-2018-dang-ky-2019-xe-1-chu-mua-moi-aidxc23342758
23362807,Nissan Terra E 2019,599000000.0,06/09/2025,2019,Máy xăng,SUV,Xe cũ,59000,Số tự động,Nhập khẩu,Tp.HCM,https://oto.com.vn/mua-ban-xe-nissan-terra-hcm/e-25at-2019-xe-gia-dinh-dep-nhu-moi-aidxc23362807
23362052,Nissan Terra 2.5L E 2WD AT 2018,600000000.0,05/09/2025,2018,Máy xăng,SUV,Xe cũ,55000,Số tự động,Nhập khẩu,Tân Phú - Tp.HCM,https://oto.com.vn/mua-ban-xe-nissan-terra-hcm/suv-7-cho-sang-trong-2018-gia-cuc-tot-aidxc23362052
23368344,Nissan Terra 2.5L E 2WD 7 AT 2019,609000000.0,20/09/2025,2019,Máy dầu,SUV,Xe cũ,55000,Số tự động,Nhập khẩu,Tân Phú - Tp.HCM,https://oto.com.vn/mua-ban-xe-nissan-terra-hcm/suv-da-dung-cao-cap-2019-luot-nhe-nhu-moi-aidxc23368344
23362053,Nissan Terra 2.5L V 4WD 7AT 2019,765000000.0,05/09/2025,2019,Máy xăng,SUV,Xe cũ,58000,Số tự động,Nhập khẩu,Tân Phú - Tp.HCM,https://oto.com.vn/mua-ban-xe-nissan-terra-hcm/xe-ca-nhan-uy-quyen-son-nguyen-ban-gan-100-aidxc23362053
23326780,Nissan Terrano 2004,205000000.0,23/09/2025,2004,Máy dầu,SUV,Xe cũ,150000,Số sàn,Nhập khẩu,Hà Đông - Hà Nội,https://oto.com.vn/mua-ban-xe-nissan-terrano-ha-noi/nisan-teranoll-dau-2-cau-7-cho-aidxc23326780
23362486,Nissan Terrano 2004,205000000.0,05/09/2025,2004,Máy dầu,SUV,Xe cũ,150000,Số sàn,Nhập khẩu,Hà Đông - Hà Nội,https://oto.com.vn/mua-ban-xe-nissan-terrano-ha-noi/nisan-teranoll-dau-2-cau-7-cho-aidxc23362486
23368216,Nissan Tiida 1.6 AT 2007,160000000.0,20/09/2025,2007,Máy xăng,Sedan,Xe cũ,90000,Số tự động,Nhập khẩu,Hà Nội,https://oto.com.vn/mua-ban-xe-nissan-tiida-ha-noi/2007-16-at-90000-km-aidxc23368216
23361160,Nissan Tiida 1.6 AT 2008,179000000.0,03/09/2025,2008,Máy xăng,Hatchback,Xe cũ,14000,Số tự động,Nhập khẩu,Hà Nội,https://oto.com.vn/mua-ban-xe-nissan-tiida-ha-noi/2008-14000-km-aidxc23361160
23371312,Nissan Tiida 2007,159000000.0,29/09/2025,2007,Máy xăng,Hatchback,Xe cũ,90000,Số tự động,Nhập khẩu,Hà Nội,https://oto.com.vn/mua-ban-xe-nissan-tiida-ha-noi/bao-check-test-toan-quoc-aidxc23371312
23370385,Nissan X trail 2.0 SL 2WD Premium 2018,505000000.0,26/09/2025,2018,Máy xăng,SUV,Xe cũ,88000,Số tự động,Trong nước,Đà Nẵng,https://oto.com.vn/mua-ban-xe-nissan-x-trail-da-nang/2018-20-sl-2wd-premium-88000-km-aidxc23370385
23362968,Nissan X trail 2.0 SL 2WD Premium 2020,610000000.0,06/09/2025,2020,Máy xăng,SUV,Xe cũ,1,Số tự động,Trong nước,Thanh Xuân - Hà Nội,https://oto.com.vn/mua-ban-xe-nissan-x-trail-ha-noi/20-sl-2wd-premium-2020-aidxc23362968
23366368,Nissan X trail 2.0 SL 2WD 2016,420000000.0,16/09/2025,2016,Máy xăng,Crossover,Xe cũ,53000,Số tự động,Trong nước,Hà Nội,https://oto.com.vn/mua-ban-xe-nissan-x-trail-ha-noi/2016-20-2wd-ban-sl-53000-km-hn-aidxc23366368
23368614,Nissan X trail 2017,479000000.0,21/09/2025,2017,Máy xăng,SUV,Xe cũ,N/A,Số tự động,N/A,Hà Nội,https://oto.com.vn/mua-ban-xe-nissan-x-trail-ha-noi/2017-aidxc23368614
23371016,Nissan X trail 2017,455000000.0,27/09/2025,2017,Máy xăng,SUV,Xe cũ,N/A,Số tự động,N/A,Hà Nội,https://oto.com.vn/mua-ban-xe-nissan-x-trail-ha-noi/2017-tai-aidxc23371016
23318546,Nissan X trail 2.5 SV 4WD Premium 2020,655000000.0,09/09/2025,2020,Máy xăng,SUV,Xe cũ,60000,Số tự động,Trong nước,Hoàng Mai - Hà Nội,https://oto.com.vn/mua-ban-xe-nissan-x-trail-ha-noi/25-sv-ban-2-cau-cao-cap-san-xuat-va-dang-ky-cuoi-nam-2020-aidxc23318546
23301838,Nissan X trail 2.0 SL 2WD Premium 2017,489000000.0,24/09/2025,2017,Máy xăng,SUV,Xe cũ,140000,Số tự động,Trong nước,Hoàng Mai - Hà Nội,https://oto.com.vn/mua-ban-xe-nissan-x-trail-ha-noi/489-trieu-aidxc23301838
23341626,Nissan X trail 2.0 SL 2WD Premium 2017,489000000.0,24/09/2025,2017,Máy xăng,SUV,Xe cũ,100000,Số tự động,Trong nước,Cầu Giấy - Hà Nội,https://oto.com.vn/mua-ban-xe-nissan-x-trail-ha-noi/489-trieu-aidxc23341626
23368370,Nissan X trail 2.5 SV 4WD 2019,605000000.0,20/09/2025,2019,Máy xăng,SUV,Xe cũ,8000,Số tự động,Trong nước,Thanh Xuân - Hà Nội,https://oto.com.vn/mua-ban-xe-nissan-x-trail-ha-noi/dep-xuat-sac-aidxc23368370
23350492,Nissan X trail 2.5 SV 4WD 2016,475000000.0,08/09/2025,2016,Máy xăng,SUV,Xe cũ,8000,Số tự động,Trong nước,Thanh Xuân - Hà Nội,https://oto.com.vn/mua-ban-xe-nissan-x-trail-ha-noi/full-option-aidxc23350492
23337024,Nissan X trail 2.5 SV 4WD 2019,599000000.0,24/09/2025,2019,Máy xăng,SUV,Xe cũ,64000,Số tự động,Nhập khẩu,Cầu Giấy - Hà Nội,https://oto.com.vn/mua-ban-xe-nissan-x-trail-ha-noi/ten-tu-nhan-chay-chuan-64v-aidxc23337024
23371787,Nissan X trail 2.5 SV 4WD Premium 2018,518000000.0,30/09/2025,2018,Máy xăng,SUV,Xe cũ,80000,Số tự động,Nhập khẩu,Thanh Xuân - Hà Nội,https://oto.com.vn/mua-ban-xe-nissan-x-trail-ha-noi/xe-tu-nhan-chinh-chu-aidxc23371787
23302754,Nissan X trail 2.5 SV 4WD 2006,195000000.0,03/09/2025,2006,Máy xăng,SUV,Xe cũ,130000,Số tự động,Nhập khẩu,Bắc Từ Liêm - Hà Nội,https://oto.com.vn/mua-ban-xe-nissan-x-trail-ha-noi/xtrall-25-at-4wd-2006-aidxc23302754
23366361,Nissan X trail 2.5 SV 4WD Xtronic-CVT 2016,430000000.0,16/09/2025,2016,Máy xăng,SUV,Xe cũ,78000,Số tự động,Trong nước,Tp.HCM,https://oto.com.vn/mua-ban-xe-nissan-x-trail-hcm/2016-25-sv-4wd-78000-km-aidxc23366361
23335199,Nissan X trail 2.5 SV 4WD Premium 2018,595000000.0,04/09/2025,2018,Máy xăng,SUV,Xe cũ,50000,Số tự động,Trong nước,Thủ Đức - Tp.HCM,https://oto.com.vn/mua-ban-xe-nissan-x-trail-hcm/xe-duoc-trang-bi-them-phu-kien-dan-phim-cach-nhiet-tham-san-aidxc23335199
23367654,Nissan X-Trail V-series 2.5 SV Luxury 2019,635000000.0,18/09/2025,2019,Máy xăng,SUV,Xe cũ,80000,Số tự động,Nhập khẩu,Hà Nội,https://oto.com.vn/mua-ban-xe-nissan-x-trail-v-series-ha-noi/25-sv-luxury-4wd-2019-aidxc23367654
23146740,Peugeot 2008 GT Line 2022,680000000.0,25/09/2025,2022,Máy xăng,SUV,Xe cũ,48000,Số tự động,Trong nước,Thuận An - Bình Dương,https://oto.com.vn/mua-ban-xe-peugeot-2008-binh-duong/680-tr-aidxc23146740
23371589,Peugeot 2008 2021,589000000.0,30/09/2025,2021,Máy xăng,SUV,Xe cũ,700000,Số tự động,Trong nước,Đồng Nai,https://oto.com.vn/mua-ban-xe-peugeot-2008-dong-nai/2021-700000-km-aidxc23371589
23371011,Peugeot 2008 2008,660000000.0,27/09/2025,2008,Máy xăng,N/A,Xe cũ,36000,Số tự động,N/A,Hà Nội,https://oto.com.vn/mua-ban-xe-peugeot-2008-ha-noi/-aidxc23371011
23372469,Peugeot 2008 GT Line 2021,560000000.0,02/10/2025,2021,Máy xăng,SUV,Xe cũ,50000,Số tự động,Trong nước,Hà Nội,https://oto.com.vn/mua-ban-xe-peugeot-2008-ha-noi/2021-gt-line-12-at-50000-km-aidxc23372469
23368633,Peugeot 2008 Active 2022,550000000.0,21/09/2025,2022,Máy xăng,SUV,Xe cũ,49000,Số tự động,Nhập khẩu,Hà Nội,https://oto.com.vn/mua-ban-xe-peugeot-2008-ha-noi/2022-active-12-at-49000-km-aidxc23368633
23346273,Peugeot 2008 GT Line 2021,593000000.0,04/09/2025,2021,Máy xăng,Crossover,Xe cũ,38000,Số tự động,Nhập khẩu,Cầu Giấy - Hà Nội,https://oto.com.vn/mua-ban-xe-peugeot-2008-ha-noi/ca-nhan-1-chu-nguyen-zin-phan-may-aidxc23346273
23371303,Peugeot 2008 2008,659000000.0,29/09/2025,2008,Máy xăng,SUV,Xe cũ,36000,Số tự động,Trong nước,Cầu Giấy - Hà Nội,https://oto.com.vn/mua-ban-xe-peugeot-2008-ha-noi/giay-to-phap-ly-minh-bach-ho-tro-tra-gop-ngan-hang-6070-gia-tri-xe-aidxc23371303
23371119,Peugeot 2008 GT Line 2008,660000000.0,29/09/2025,2008,Máy xăng,SUV,Xe cũ,36000,Số tự động,Trong nước,Cầu Giấy - Hà Nội,https://oto.com.vn/mua-ban-xe-peugeot-2008-ha-noi/ho-tro-tra-gop-toi-70-gia-tri-xe-aidxc23371119
23370755,Peugeot 2008 GT Line 2008,580000000.0,27/09/2025,2008,Máy xăng,N/A,Xe cũ,30000,Số tự động,N/A,Hà Nội,https://oto.com.vn/mua-ban-xe-peugeot-2008-ha-noi/tai-aidxc23370755
23320783,Peugeot 2008 GT Line 2022,628000000.0,24/09/2025,2022,Máy xăng,SUV,Xe cũ,40000,Số tự động,Nhập khẩu,Cầu Giấy - Hà Nội,https://oto.com.vn/mua-ban-xe-peugeot-2008-ha-noi/trang-dep-xuat-sac-aidxc23320783
23372524,Peugeot 2008 GT Line 2022,625000000.0,02/10/2025,2022,Máy xăng,SUV,Xe cũ,50000,Số tự động,Nhập khẩu,Tp.HCM,https://oto.com.vn/mua-ban-xe-peugeot-2008-hcm/2022-gt-line-12-at-50000-km-aidxc23372524
23371737,Peugeot 2008 GT 2021,540000000.0,30/09/2025,2021,Máy xăng,Crossover,Xe cũ,26000,Số tự động,Trong nước,Tân Phú - Tp.HCM,https://oto.com.vn/mua-ban-xe-peugeot-2008-hcm/gt-line-2021-xe-lai-thu-cty-thanh-ly-dang-ky-2022-aidxc23371737
23368766,Peugeot 2008 GT Line 2021,560000000.0,22/09/2025,2021,Máy xăng,SUV,Xe cũ,49000,Số tự động,Nhập khẩu,Khánh Hòa,https://oto.com.vn/mua-ban-xe-peugeot-2008-khanh-hoa/2021-gt-line-12-at-49000-km-aidxc23368766
23371276,Peugeot 2008 Active 2022,560000000.0,29/09/2025,2022,Máy xăng,SUV,Xe cũ,85000,Số tự động,Trong nước,Phú Thọ,https://oto.com.vn/mua-ban-xe-peugeot-2008-phu-tho/2022-active-12-at-85000-km-aidxc23371276
23368031,Peugeot 2008 GT Line 2022,690000000.0,19/09/2025,2022,Máy xăng,SUV,Xe cũ,25000,Số tự động,Trong nước,Quảng Ngãi,https://oto.com.vn/mua-ban-xe-peugeot-2008-quang-ngai/2022-gt-line-12-at-25000-km-aidxc23368031
23371601,Peugeot 208 1.6L AT 2015,285000000.0,30/09/2025,2015,Máy xăng,Hatchback,Xe cũ,72123,Số tự động,Nhập khẩu,Đắk Lắk,https://oto.com.vn/mua-ban-xe-peugeot-208-dak-lak/2015-16l-at-72123-km-aidxc23371601
23299578,Peugeot 208 1.6L AT 2015,268000000.0,28/09/2025,2015,Máy xăng,Hatchback,Xe cũ,88000,Số tự động,Nhập khẩu,Bắc Từ Liêm - Hà Nội,https://oto.com.vn/mua-ban-xe-peugeot-208-ha-noi/16-model-2016-xe-cuc-dep-aidxc23299578
23365218,Peugeot 208 1.6L AT 2013,275000000.0,13/09/2025,2013,Máy xăng,Hatchback,Xe cũ,8,Số tự động,Nhập khẩu,Hà Nội,https://oto.com.vn/mua-ban-xe-peugeot-208-ha-noi/tu-nhan-1-chu-aidxc23365218
23018060,Peugeot 3008 2018,615000000.0,15/09/2025,2018,Máy xăng,N/A,Xe cũ,90000,Số tự động,Trong nước,Thuận An - Bình Dương,https://oto.com.vn/mua-ban-xe-peugeot-3008-binh-duong/xe-dep-nhu-moi-trang-bi-full-option-aidxc23018060
23369845,Peugeot 3008 Allure 2020,595000000.0,24/09/2025,2020,Máy xăng,SUV,Xe cũ,63000,Số tự động,Trong nước,Đắk Lắk,https://oto.com.vn/mua-ban-xe-peugeot-3008-dak-lak/em-can-ban-doi-2020-ban-full-1-chu-aidxc23369845
23351643,Peugeot 3008 Allure 2022,795000000.0,13/09/2025,2022,Máy xăng,SUV,Xe cũ,66000,Số tự động,Nhập khẩu,Thanh Xuân - Hà Nội,https://oto.com.vn/mua-ban-xe-peugeot-3008-ha-noi/1-chu-tu-moi-so-cua-chua-ha-full-options-aidxc23351643
23370096,Peugeot 3008 2022,765000000.0,25/09/2025,2022,Máy xăng,SUV,Xe cũ,30000,Số tự động,N/A,Hà Nội,https://oto.com.vn/mua-ban-xe-peugeot-3008-ha-noi/2022-aidxc23370096
23371386,Peugeot 3008 GT Line 2024,910000000.0,29/09/2025,2024,Máy xăng,SUV,Xe cũ,6000,Số tự động,Nhập khẩu,Cầu Giấy - Hà Nội,https://oto.com.vn/mua-ban-xe-peugeot-3008-ha-noi/chat-luong-xe-con-dep-nhu-moi-gia-thi-khoi-phai-ban-aidxc23371386
23371384,Peugeot 3008 Allure 2021,665000000.0,29/09/2025,2021,Máy xăng,SUV,Xe cũ,74000,Số tự động,Nhập khẩu,Cầu Giấy - Hà Nội,https://oto.com.vn/mua-ban-xe-peugeot-3008-ha-noi/hang-hiem-san-1-em-gia-yeu-cho-ae-aidxc23371384
23351633,Peugeot 3008 Allure 2018,555000000.0,13/09/2025,2018,Máy xăng,SUV,Xe cũ,98000,Số tự động,Nhập khẩu,Thanh Xuân - Hà Nội,https://oto.com.vn/mua-ban-xe-peugeot-3008-ha-noi/mot-chu-tu-moi-full-options-cao-cap-hien-dai-aidxc23351633
23372321,Peugeot 3008 GT Line 2022,825000000.0,02/10/2025,2022,Máy xăng,SUV,Xe cũ,37000,Số tự động,Trong nước,Hà Nội,https://oto.com.vn/mua-ban-xe-peugeot-3008-ha-noi/odo-3v7-km-aidxc23372321
23371420,Peugeot 3008 GT Line 2022,820000000.0,29/09/2025,2022,Máy xăng,Crossover,Xe cũ,29000,Số tự động,Nhập khẩu,Bắc Từ Liêm - Hà Nội,https://oto.com.vn/mua-ban-xe-peugeot-3008-ha-noi/xe-dep-bao-duong-dinh-ky-aidxc23371420
23369808,Peugeot 3008 Allure 2022,780000000.0,24/09/2025,2022,Máy xăng,SUV,Xe cũ,24000,Số tự động,Trong nước,Tp.HCM,https://oto.com.vn/mua-ban-xe-peugeot-3008-hcm/2022-al-24000-km-chinh-chu-dap-thung-aidxc23369808
23365820,Peugeot 3008 Allure 2022,800000000.0,15/09/2025,2022,Máy xăng,SUV,Xe cũ,29000,Số tự động,Trong nước,Quận 5 - Tp.HCM,https://oto.com.vn/mua-ban-xe-peugeot-3008-hcm/2022-al-di-29000-km-aidxc23365820
23366800,Peugeot 3008 2022,719000000.0,17/09/2025,2022,Máy xăng,SUV,Xe cũ,15000,Số tự động,Trong nước,Quận 7 - Tp.HCM,https://oto.com.vn/mua-ban-xe-peugeot-3008-hcm/2022-at-15000-km-aidxc23366800
23372164,Peugeot 3008 GT 2022,830000000.0,01/10/2025,2022,Máy xăng,SUV,Xe cũ,13000,Số tự động,Trong nước,Tp.HCM,https://oto.com.vn/mua-ban-xe-peugeot-3008-hcm/ban-gap-gt-2023-1-doi-chu-aidxc23372164
23310185,Peugeot 3008 GT Line 2022,830000000.0,03/09/2025,2022,Máy xăng,SUV,Xe cũ,30000,Số tự động,Trong nước,Tân An - Long An,https://oto.com.vn/mua-ban-xe-peugeot-3008-long-an/amau-den-noi-that-nau-aidxc23310185
23372438,Peugeot 3008 GT 2022,850000000.0,02/10/2025,2022,Máy xăng,SUV,Xe cũ,28000,Số tự động,Trong nước,Ninh Thuận,https://oto.com.vn/mua-ban-xe-peugeot-3008-ninh-thuan/2022-gt-28000-km-aidxc23372438
23368644,Peugeot 308 GT Line 2018,450000000.0,21/09/2025,2018,Máy xăng,SUV,Xe cũ,70000,Số tự động,Trong nước,Đà Nẵng,https://oto.com.vn/mua-ban-xe-peugeot-308-da-nang/2018-gt-line-70000-km-aidxc23368644
23365066,Peugeot 408 2014,265000000.0,13/09/2025,2014,Máy xăng,SUV,Xe cũ,120000,Số tự động,Trong nước,Bà Rịa Vũng Tàu,https://oto.com.vn/mua-ban-xe-peugeot-408-ba-ria-vung-tau/500-km-aidxc23365066
23371298,Peugeot 408 Premium 2014,235000000.0,29/09/2025,2014,Máy xăng,Sedan,Xe cũ,123,Số tự động,Trong nước,Gia Bình - Bắc Ninh,https://oto.com.vn/mua-ban-xe-peugeot-408-bac-ninh/2014-premium-123-km-aidxc23371298
23371734,Peugeot 408 Premium 2016,315000000.0,30/09/2025,2016,Máy xăng,Sedan,Xe cũ,43000,Số tự động,Trong nước,Hà Nội,https://oto.com.vn/mua-ban-xe-peugeot-408-ha-noi/2016-premium-20-at-43000-km-aidxc23371734
23362930,Peugeot 408 Allure 2023,890000000.0,06/09/2025,2023,Máy xăng,N/A,Xe cũ,19000,Số tự động,N/A,Hà Nội,https://oto.com.vn/mua-ban-xe-peugeot-408-ha-noi/2023-aidxc23362930
23336075,Peugeot 408 GT 2024,1010000000.0,28/06/2025,2024,Máy xăng,Sedan,Xe cũ,14000,Số tự động,Nhập khẩu,Cầu Giấy - Hà Nội,https://oto.com.vn/mua-ban-xe-peugeot-408-ha-noi/gt-2024-aidxc23336075
23332481,Peugeot 408 GT 2024,1130000000.0,14/06/2025,2024,Máy xăng,SUV,Xe cũ,7000,Số tự động,Trong nước,Cầu Giấy - Hà Nội,https://oto.com.vn/mua-ban-xe-peugeot-408-ha-noi/luot-7000km-aidxc23332481
23336442,Peugeot 408 GT 2024,1120000000.0,30/06/2025,2024,Máy xăng,Sedan,Xe cũ,14000,Số tự động,Nhập khẩu,Cầu Giấy - Hà Nội,https://oto.com.vn/mua-ban-xe-peugeot-408-ha-noi/xe-1-chu-tu-moi-lan-banh-t224-aidxc23336442
23341581,Peugeot 408 2024,1100000000.0,15/08/2025,2024,Máy xăng,N/A,Xe cũ,14000,Số tự động,Nhập khẩu,Long Biên - Hà Nội,https://oto.com.vn/mua-ban-xe-peugeot-408-ha-noi/xe-1-chu-tu-moi-lan-banh-t224-aidxc23341581
23361197,Peugeot 408 Premium 2023,890000000.0,03/09/2025,2023,Máy xăng,Sedan,Xe cũ,19000,Số tự động,Nhập khẩu,Kiến An - Hải Phòng,https://oto.com.vn/mua-ban-xe-peugeot-408-hai-phong/xe-dep-luot-19000-km-chu-di-giu-gin-aidxc23361197
23361248,Peugeot 408 GT 2024,1099000000.0,03/09/2025,2024,Máy xăng,Sedan,Xe cũ,26000,Số tự động,Nhập khẩu,Tp.HCM,https://oto.com.vn/mua-ban-xe-peugeot-408-hcm/2024-gt-16-at-26000-km-aidxc23361248
23363662,Peugeot 408 Premium 2016,295000000.0,10/09/2025,2016,Máy xăng,Sedan,Xe cũ,98000,Số tự động,Nhập khẩu,Tp.HCM,https://oto.com.vn/mua-ban-xe-peugeot-408-hcm/can-ban-aidxc23363662
23339392,Peugeot 408 GT 2023,1049000000.0,09/07/2025,2023,Máy xăng,Sedan,Xe cũ,16000,Số tự động,Trong nước,Quận 2 - Tp.HCM,https://oto.com.vn/mua-ban-xe-peugeot-408-hcm/nhu-moi-full-ppf-zin-9999-aidxc23339392
23367493,Peugeot 408 Premium 2023,879000000.0,18/09/2025,2023,Máy xăng,Crossover,Xe cũ,16000,Số tự động,Trong nước,Tp.HCM,https://oto.com.vn/mua-ban-xe-peugeot-408-hcm/sx-2023-ban-premium-cuc-dep-a-aidxc23367493
23352080,Peugeot 408 GT 2023,1029000000.0,08/08/2025,2023,Máy xăng,Sedan,Xe cũ,20700,Số tự động,Trong nước,Tân An - Long An,https://oto.com.vn/mua-ban-xe-peugeot-408-long-an/xe-dep-du-ho-so-sang-ten-ngay-aidxc23352080
23141432,Peugeot 5008 Allure 2018,650000000.0,15/09/2025,2018,Máy xăng,SUV,Xe cũ,49219,Số tự động,Trong nước,Thuận An - Bình Dương,https://oto.com.vn/mua-ban-xe-peugeot-5008-binh-duong/bao-duong-5000-km-thay-nhot-mot-lan-mien-phi-aidxc23141432
23363251,Peugeot 5008 2023,940000000.0,09/09/2025,2023,Máy xăng,SUV,Xe cũ,6000,Số tự động,Trong nước,Đà Nẵng,https://oto.com.vn/mua-ban-xe-peugeot-5008-da-nang/2023-premium-6000-km-aidxc23363251
23369913,Peugeot 5008 Allure 2018,580000000.0,24/09/2025,2018,Máy xăng,SUV,Xe cũ,74000,Số tự động,Trong nước,Đà Nẵng,https://oto.com.vn/mua-ban-xe-peugeot-5008-da-nang/sx-2018-aidxc23369913
23368669,Peugeot 5008 2019,640000000.0,21/09/2025,2019,Máy xăng,SUV,Xe cũ,53000,Số tự động,Trong nước,Đắk Lắk,https://oto.com.vn/mua-ban-xe-peugeot-5008-dak-lak/-aidxc23368669
23369534,Peugeot 5008 1.6L Turbo 2019,610000000.0,24/09/2025,2019,Máy xăng,SUV,Xe cũ,85000,Số tự động,Trong nước,Hà Nội,https://oto.com.vn/mua-ban-xe-peugeot-5008-ha-noi/500-km-aidxc23369534
23367640,Peugeot 5008 2020,700000000.0,18/09/2025,2020,Máy xăng,SUV,Xe cũ,40000,Số tự động,Nhập khẩu,Bắc Từ Liêm - Hà Nội,https://oto.com.vn/mua-ban-xe-peugeot-5008-ha-noi/duy-nhat-tren-thi-truong-40000-km-dep-suat-sac-aidxc23367640
23336066,Peugeot 5008 1.6L Turbo 2020,680000000.0,03/09/2025,2020,Máy xăng,SUV,Xe cũ,54420,Số tự động,Nhập khẩu,Thanh Xuân - Hà Nội,https://oto.com.vn/mua-ban-xe-peugeot-5008-ha-noi/sx-2020-xe-tu-nhan-chinh-chu-mot-chu-di-rat-it-aidxc23336066
23367634,Peugeot 5008 GT 2022,850000000.0,18/09/2025,2022,Máy xăng,SUV,Xe cũ,38000,Số tự động,Nhập khẩu,Hải Phòng,https://oto.com.vn/mua-ban-xe-peugeot-5008-hai-phong/2022-gt-16-at-38000-km-aidxc23367634
23370758,Peugeot 5008 GT 2022,860000000.0,27/09/2025,2022,Máy xăng,SUV,Xe cũ,1,Số tự động,Nhập khẩu,Hải Phòng,https://oto.com.vn/mua-ban-xe-peugeot-5008-hai-phong/gt-16-at-2022-aidxc23370758
23371129,Peugeot 5008 1.6L Turbo 2018,565000000.0,28/09/2025,2018,Máy xăng,SUV,Xe cũ,79000,Số tự động,Trong nước,Tp.HCM,https://oto.com.vn/mua-ban-xe-peugeot-5008-hcm/2018-16l-turbo-79000-km-aidxc23371129
23368279,Peugeot 5008 1.6L Turbo 2018,529000000.0,20/09/2025,2018,Máy xăng,SUV,Xe cũ,90000,Số tự động,Trong nước,Tp.HCM,https://oto.com.vn/mua-ban-xe-peugeot-5008-hcm/2018-16l-turbo-90000-km-aidxc23368279
23366090,Peugeot 5008 Allure 2020,699000000.0,15/09/2025,2020,Máy xăng,Crossover,Xe cũ,70000,Số tự động,Trong nước,Tp.HCM,https://oto.com.vn/mua-ban-xe-peugeot-5008-hcm/2020-allure-16-at-70000-km-aidxc23366090
23367986,Peugeot 5008 2022,830000000.0,19/09/2025,2022,Máy xăng,SUV,Xe cũ,30500,Số tự động,Trong nước,Tp.HCM,https://oto.com.vn/mua-ban-xe-peugeot-5008-hcm/500-km-aidxc23367986
23366367,Peugeot 5008 GT 2024,999000000.0,16/09/2025,2024,Máy xăng,SUV,Xe cũ,8000,Số tự động,Trong nước,Tp.HCM,https://oto.com.vn/mua-ban-xe-peugeot-5008-hcm/gt-line-16-at-san-xuat-2024-di-8k-km-aidxc23366367
23356788,Peugeot 5008 Allure 2022,819000000.0,22/09/2025,2022,Máy xăng,SUV,Xe cũ,30000,Số tự động,Nhập khẩu,Thủ Đức - Tp.HCM,https://oto.com.vn/mua-ban-xe-peugeot-5008-hcm/suv-7-cho-dong-co-16l-turbo-manh-me-aidxc23356788
23369836,Peugeot 508 1.6 AT 2015,399000000.0,24/09/2025,2015,Máy xăng,Sedan,Xe cũ,130000,Số tự động,Nhập khẩu,Hà Nội,https://oto.com.vn/mua-ban-xe-peugeot-508-ha-noi/16-at-2015-399-trieu-aidxc23369836
23361164,Peugeot 508 1.6L AT Turbo 2015,365000000.0,03/09/2025,2015,Máy xăng,Sedan,Xe cũ,130000,Số tự động,Nhập khẩu,Quảng Ninh,https://oto.com.vn/mua-ban-xe-peugeot-508-quang-ninh/2015-16l-at-turbo-130000-km-aidxc23361164
23326623,Porsche 718 Boxster T 2023,4949000000.0,24/05/2025,2023,Máy xăng,Convertible,Xe cũ,1300,Số tự động,Nhập khẩu,Quận 7 - Tp.HCM,https://oto.com.vn/mua-ban-xe-porsche-718-hcm/4949-dinh-nhat-vn-aidxc23326623
23361226,Porsche 718 Boxster T 2023,4949000000.0,03/09/2025,2023,Máy xăng,Convertible,Xe cũ,1300,Số tự động,Nhập khẩu,Quận 7 - Tp.HCM,https://oto.com.vn/mua-ban-xe-porsche-718-hcm/4949-dinh-nhat-vn-aidxc23361226
23335040,Porsche 718 cayman 2024,4788000000.0,23/06/2025,2024,Máy xăng,Sport Car,Xe cũ,13000,Số tự động,Nhập khẩu,Quận 7 - Tp.HCM,https://oto.com.vn/mua-ban-xe-porsche-718-hcm/bao-dau-bank-70-90-ib-zalo-tu-van-truc-tiep-247-aidxc23335040
23337952,Porsche 718 2024,4788000000.0,05/07/2025,2024,Máy xăng,N/A,Xe cũ,8000,Số tự động,Nhập khẩu,Quận 7 - Tp.HCM,https://oto.com.vn/mua-ban-xe-porsche-718-hcm/bao-dau-bank-70-90-ib-zalo-tu-van-truc-tiep-247-aidxc23337952
23327013,Porsche 718 Boxster T 2023,4949000000.0,27/05/2025,2023,Máy xăng,Convertible,Xe cũ,1300,Số tự động,Nhập khẩu,Quận 7 - Tp.HCM,https://oto.com.vn/mua-ban-xe-porsche-718-hcm/convertible-sang-trong-voi-mau-xanh-doc-dao-aidxc23327013
23330870,Porsche 718 cayman 2020,2999000000.0,10/06/2025,2020,Máy xăng,Sport Car,Xe cũ,45000,Số tự động,Nhập khẩu,Quận 7 - Tp.HCM,https://oto.com.vn/mua-ban-xe-porsche-718-hcm/duoi-3t-do-full-body-gt4-aidxc23330870
23330115,Porsche 718 cayman 2022,3999000000.0,07/06/2025,2022,Máy xăng,Sport Car,Xe cũ,29000,Số tự động,Nhập khẩu,Quận 7 - Tp.HCM,https://oto.com.vn/mua-ban-xe-porsche-718-hcm/pink-edition-duy-nhat-vn-aidxc23330115
23341517,Porsche 718 Boxster 2023,4799000000.0,15/07/2025,2023,Máy xăng,Convertible,Xe cũ,12222,Số tự động,Nhập khẩu,Quận 7 - Tp.HCM,https://oto.com.vn/mua-ban-xe-porsche-718-hcm/tiet-kiem-ngay-1ti5-aidxc23341517
23326955,Porsche 718 Boxster 2017,3199000000.0,26/05/2025,2017,Máy xăng,Sport Car,Xe cũ,38000,Số tự động,Nhập khẩu,Quận 7 - Tp.HCM,https://oto.com.vn/mua-ban-xe-porsche-718-hcm/tiet-kiem-ngay-50-bank-70-aidxc23326955
23341173,Porsche 718 Boxster 2018,3699000000.0,14/07/2025,2018,Máy xăng,Convertible,Xe cũ,8888,Số tự động,Nhập khẩu,Quận 7 - Tp.HCM,https://oto.com.vn/mua-ban-xe-porsche-718-hcm/tiet-kiem-ngay-gan-3ti-bank-70-aidxc23341173
23326197,Porsche 718 Boxster 2023,4950000000.0,23/05/2025,2023,Máy xăng,Convertible,Xe cũ,1111,Số tự động,Nhập khẩu,Quận 7 - Tp.HCM,https://oto.com.vn/mua-ban-xe-porsche-718-hcm/tiet-kiem-ngay-hon-1-ti-aidxc23326197
23329493,Porsche 718 Boxster T 2023,4950000000.0,07/08/2025,2023,Máy xăng,Convertible,Xe cũ,1111,Số tự động,Nhập khẩu,Quận 7 - Tp.HCM,https://oto.com.vn/mua-ban-xe-porsche-718-hcm/tiet-kiem-ngay-hon-1ti-bank-65-aidxc23329493
23357068,Porsche 718 Boxster T 2023,4899000000.0,22/08/2025,2023,Máy xăng,Convertible,Xe cũ,1111,Số tự động,Nhập khẩu,Quận 7 - Tp.HCM,https://oto.com.vn/mua-ban-xe-porsche-718-hcm/tiet-kiem-ngay-hon-1ti-fix-loc-cho-anh-chi-nhanh-gon-aidxc23357068
23342491,Porsche 718 Boxster 2018,3689000000.0,17/07/2025,2018,Máy xăng,Convertible,Xe cũ,9500,Số tự động,Nhập khẩu,Quận 7 - Tp.HCM,https://oto.com.vn/mua-ban-xe-porsche-718-hcm/xe-luot-it-su-dung-chat-luong-nhu-moi-aidxc23342491
23326229,Porsche 718 Boxster T 2023,4950000000.0,08/09/2025,2023,Máy xăng,Convertible,Xe cũ,1300,Số tự động,Nhập khẩu,Quận 7 - Tp.HCM,https://oto.com.vn/mua-ban-xe-porsche-718-hcm/xe-san-xuat-2023-odo-chi-1300km-aidxc23326229
23368986,Porsche 911 Carrera 2022,10000000000.0,22/09/2025,2022,Máy xăng,N/A,Xe cũ,11111,Số tự động,Trong nước,Hà Nội,https://oto.com.vn/mua-ban-xe-porsche-911-ha-noi/2022-tai-aidxc23368986
23262925,Porsche 911 Carrera 3.0 2022,7800000000.0,25/09/2025,2022,Máy xăng,Coupe,Xe cũ,12000,Số tự động,Nhập khẩu,Bắc Từ Liêm - Hà Nội,https://oto.com.vn/mua-ban-xe-porsche-911-ha-noi/sieu-luot-12000km-build-do-khung-aidxc23262925
22758084,Porsche 911 Carrera 2021,6500000000.0,25/09/2025,2021,Máy xăng,Coupe,Xe cũ,5000,Số tự động,Nhập khẩu,Bắc Từ Liêm - Hà Nội,https://oto.com.vn/mua-ban-xe-porsche-911-ha-noi/sieu-luot-6000km-aidxc22758084
23261681,Porsche 911 Carrera 2022,6900000000.0,25/09/2025,2022,Máy xăng,Coupe,Xe cũ,7800,Số tự động,Nhập khẩu,Bắc Từ Liêm - Hà Nội,https://oto.com.vn/mua-ban-xe-porsche-911-ha-noi/sieu-luot-7800km-aidxc23261681
22961089,Porsche 911 Carrera 2022,6990000000.0,11/08/2025,2022,Máy xăng,Coupe,Xe cũ,9000,Số tự động,Nhập khẩu,Bắc Từ Liêm - Hà Nội,https://oto.com.vn/mua-ban-xe-porsche-911-ha-noi/sieu-luot-9000km-aidxc22961089
23296057,Porsche 911 Carrera 3.0 2023,8200000000.0,25/09/2025,2023,Máy xăng,Coupe,Xe cũ,1800,Số tự động,Nhập khẩu,Bắc Từ Liêm - Hà Nội,https://oto.com.vn/mua-ban-xe-porsche-911-ha-noi/sieu-sieu-luot-1800km-aidxc23296057
23301925,Porsche 911 Carrera 2021,6999000000.0,26/04/2025,2021,Máy xăng,Sedan,Xe cũ,34000,Số tự động,Nhập khẩu,Gò Vấp - Tp.HCM,https://oto.com.vn/mua-ban-xe-porsche-911-hcm/carrera-2021-aidxc23301925
23302713,Porsche 911 Carrera 2022,7979000000.0,13/08/2025,2022,Máy xăng,Sport Car,Xe cũ,11111,Số tự động,Nhập khẩu,Quận 7 - Tp.HCM,https://oto.com.vn/mua-ban-xe-porsche-911-hcm/option-hon-2-ty-xe-di-rat-it-doi-cao-mau-doc-aidxc23302713
23302813,Porsche 911 Carrera 2022,7850000000.0,27/05/2025,2022,Máy xăng,Sport Car,Xe cũ,11111,Số tự động,Nhập khẩu,Quận 7 - Tp.HCM,https://oto.com.vn/mua-ban-xe-porsche-911-hcm/tiet-kiem-ngay-2ti-bank-70-aidxc23302813
23353832,Porsche 911 Carrera 2022,7999000000.0,18/09/2025,2022,Máy xăng,Sport Car,Xe cũ,11111,Số tự động,Nhập khẩu,Quận 7 - Tp.HCM,https://oto.com.vn/mua-ban-xe-porsche-911-hcm/xe-dep-option-hon-2ty-aidxc23353832
23335372,Porsche Cayenne 3.6 V6 2014,1200000000.0,11/09/2025,2014,Máy xăng,SUV,Xe cũ,88888,Số tự động,Nhập khẩu,Hoàng Mai - Hà Nội,https://oto.com.vn/mua-ban-xe-porsche-cayenne-ha-noi/chinh-chu-bien-aidxc23335372
23350352,Porsche Cayenne 3.6 V6 2014,1199000000.0,11/09/2025,2014,Máy xăng,SUV,Xe cũ,83000,Số tự động,Nhập khẩu,Hoàng Mai - Hà Nội,https://oto.com.vn/mua-ban-xe-porsche-cayenne-ha-noi/xe-sang-dan-dung-aidxc23350352
23333506,Porsche Cayenne 3.6 V6 2014,1188000000.0,26/09/2025,2014,Máy xăng,SUV,Xe cũ,92,Số tự động,Nhập khẩu,Quận 7 - Tp.HCM,https://oto.com.vn/mua-ban-xe-porsche-cayenne-hcm/01-chu-duy-nhat-gia-tot-aidxc23333506
23334809,Porsche Cayenne 3.6 V6 2014,1188000000.0,10/09/2025,2014,Máy xăng,SUV,Xe cũ,90,Số tự động,Nhập khẩu,Quận 7 - Tp.HCM,https://oto.com.vn/mua-ban-xe-porsche-cayenne-hcm/01-chu-gia-tot-nhat-aidxc23334809
23353739,Porsche Cayenne 3.6 V6 2014,1179000000.0,24/09/2025,2014,Máy xăng,SUV,Xe cũ,92000,Số tự động,Nhập khẩu,Quận 7 - Tp.HCM,https://oto.com.vn/mua-ban-xe-porsche-cayenne-hcm/01-chu-trang-kem-sieu-dep-aidxc23353739
23370200,Porsche Cayenne 2014,1199000000.0,25/09/2025,2014,Máy xăng,SUV,Xe cũ,60000,Số tự động,Nhập khẩu,Quận 7 - Tp.HCM,https://oto.com.vn/mua-ban-xe-porsche-cayenne-hcm/1-chu-full-lich-su-hang-sieu-giu-gin-aidxc23370200
23370949,Porsche Cayenne S 2008,420000000.0,27/09/2025,2008,Máy xăng,SUV,Xe cũ,120000,Số tự động,Nhập khẩu,Tp.HCM,https://oto.com.vn/mua-ban-xe-porsche-cayenne-hcm/2008-s-120000-km-aidxc23370949
23371762,Porsche Cayenne Coupe 2020,3680000000.0,30/09/2025,2020,Máy xăng,SUV,Xe cũ,45000,Số tự động,Nhập khẩu,Tp.HCM,https://oto.com.vn/mua-ban-xe-porsche-cayenne-hcm/2020-coupe-it-di-phong-thuy-tot-aidxc23371762
23368446,Porsche Cayenne S 2021,3699000000.0,21/09/2025,2021,Máy xăng,SUV,Xe cũ,N/A,Số tự động,Nhập khẩu,Tp.HCM,https://oto.com.vn/mua-ban-xe-porsche-cayenne-hcm/2021-tai-tp-aidxc23368446
23372497,Porsche Cayenne Turbo Coupe 2005,310000000.0,02/10/2025,2005,Máy xăng,SUV,Xe cũ,89800,Số tự động,Nhập khẩu,Bình Thạnh - Tp.HCM,https://oto.com.vn/mua-ban-xe-porsche-cayenne-hcm/32-nhap-2005-hang-full-do-choi-aidxc23372497
23347312,Porsche Cayenne 3.6 V6 2009,370000000.0,29/09/2025,2009,Máy xăng,SUV,Xe cũ,89800,Số tự động,Nhập khẩu,Bình Thạnh - Tp.HCM,https://oto.com.vn/mua-ban-xe-porsche-cayenne-hcm/36-nhap-2009-hang-full-do-choi-mot-chu-sg-it-di-bao-test-zin-toan-tap-aidxc23347312
23312417,Porsche Cayenne S Hybrid 2011,890000000.0,22/09/2025,2011,Máy xăng,SUV,Xe cũ,87900,Số tự động,Nhập khẩu,Bình Thạnh - Tp.HCM,https://oto.com.vn/mua-ban-xe-porsche-cayenne-hcm/e-hybrid-2011-ko-hao-xang-xe-hang-full-do-choi-ko-thieu-mon-nao-xe-aidxc23312417
23370973,Porsche Cayenne 3.0 2021,3699000000.0,27/09/2025,2021,Máy xăng,SUV,Xe cũ,70000,Số tự động,Nhập khẩu,Quận 8 - Tp.HCM,https://oto.com.vn/mua-ban-xe-porsche-cayenne-hcm/model-2022-aidxc23370973
23362792,Porsche Cayenne Coupe 2022,4599000000.0,06/09/2025,2022,Máy xăng,SUV,Xe cũ,22222,Số tự động,Nhập khẩu,Quận 7 - Tp.HCM,https://oto.com.vn/mua-ban-xe-porsche-cayenne-hcm/re-hon-mua-moi-1ti5-bank-70-aidxc23362792
23351150,Porsche Cayenne 3.6 V6 2014,1188000000.0,10/09/2025,2014,Máy xăng,SUV,Xe cũ,92,Số tự động,Nhập khẩu,Quận 7 - Tp.HCM,https://oto.com.vn/mua-ban-xe-porsche-cayenne-hcm/trang-kem-01-chu-giu-ky-aidxc23351150
23367393,Porsche Cayman S Coupe 2019,2290000000.0,18/09/2025,2019,Máy xăng,Sport Car,Xe cũ,15000,Số tự động,Nhập khẩu,Long Biên - Hà Nội,https://oto.com.vn/mua-ban-xe-porsche-cayman-ha-noi/2019-15000-km-aidxc23367393
23335764,Porsche Cayman S Coupe 2024,4788000000.0,26/06/2025,2024,Máy xăng,N/A,Xe cũ,12000,Số tự động,Nhập khẩu,Quận 7 - Tp.HCM,https://oto.com.vn/mua-ban-xe-porsche-cayman-hcm/bao-dau-bank-70-90-ib-zalo-tu-van-truc-tiep-247-aidxc23335764
23365948,Porsche Macan 2.0 2017,1750000000.0,15/09/2025,2017,Máy xăng,SUV,Xe cũ,68000,Số tự động,Nhập khẩu,Ba Đình - Hà Nội,https://oto.com.vn/mua-ban-xe-porsche-macan-ha-noi/20-2017-aidxc23365948
23369776,Porsche Macan S 2019,2480000000.0,24/09/2025,2019,Máy xăng,SUV,Xe cũ,49800,Số tự động,Nhập khẩu,Hà Nội,https://oto.com.vn/mua-ban-xe-porsche-macan-ha-noi/2019-s-49800-km-aidxc23369776
23363116,Porsche Macan 2.0 2021,2750000000.0,08/09/2025,2021,Máy xăng,SUV,Xe cũ,40000,Số tự động,Nhập khẩu,Ba Đình - Hà Nội,https://oto.com.vn/mua-ban-xe-porsche-macan-ha-noi/2021-aidxc23363116
23369460,Porsche Macan 2.0 2019,2300000000.0,23/09/2025,2019,Máy xăng,SUV,Xe cũ,18000,Số tự động,Nhập khẩu,Long Biên - Hà Nội,https://oto.com.vn/mua-ban-xe-porsche-macan-ha-noi/xe-da-len-do-bill-cuc-khung-900cu-bao-chat-aidxc23369460
23369880,Porsche Macan 2.0 2015,1388000000.0,24/09/2025,2015,Máy xăng,Crossover,Xe cũ,80000,Số tự động,Nhập khẩu,Long Biên - Hà Nội,https://oto.com.vn/mua-ban-xe-porsche-macan-ha-noi/xe-da-len-form-2022-aidxc23369880
23369876,Porsche Macan 2.0 2022,3399000000.0,24/09/2025,2022,Máy xăng,SUV,Xe cũ,10000,Số tự động,Nhập khẩu,Long Biên - Hà Nội,https://oto.com.vn/mua-ban-xe-porsche-macan-ha-noi/xe-luot-10000-km-option-nhieu-aidxc23369876
23356102,Porsche Macan 2017,1550000000.0,22/09/2025,2017,Máy xăng,SUV,Xe cũ,50000,Số tự động,Nhập khẩu,Quận 10 - Tp.HCM,https://oto.com.vn/mua-ban-xe-porsche-macan-hcm/1-chu-xe-nha-toan-trum-men-it-su-dung-con-rat-moi-bao-hiem-2c-ngay-chu-dung-ten-aidxc23356102
23293639,Porsche Macan 2.0 2022,3679000000.0,18/09/2025,2022,Máy xăng,SUV,Xe cũ,10600,Số tự động,Nhập khẩu,Quận 7 - Tp.HCM,https://oto.com.vn/mua-ban-xe-porsche-macan-hcm/10600km-aidxc23293639
23370198,Porsche Macan 2021,2858000000.0,25/09/2025,2021,Máy xăng,N/A,Xe cũ,28000,Số tự động,Trong nước,Quận 7 - Tp.HCM,https://oto.com.vn/mua-ban-xe-porsche-macan-hcm/bao-dau-bank-70-90-ib-zalo-tu-van-truc-tiep-247-aidxc23370198
23371484,Porsche Macan tiêu chuẩn 2021,2999000000.0,29/09/2025,2021,Máy xăng,SUV,Xe cũ,57000,Số tự động,Nhập khẩu,Tp.HCM,https://oto.com.vn/mua-ban-xe-porsche-macan-hcm/gentian-blue-metallic-aidxc23371484
23326706,Porsche Macan 2022,3399000000.0,25/09/2025,2022,Máy xăng,SUV,Xe cũ,10000,Số tự động,Nhập khẩu,Quận 7 - Tp.HCM,https://oto.com.vn/mua-ban-xe-porsche-macan-hcm/gia-ca-thuong-luong-manh-bank-70-aidxc23326706
23363156,Porsche Macan tiêu chuẩn 2020,2299000000.0,08/09/2025,2020,Máy xăng,SUV,Xe cũ,56000,Số tự động,Nhập khẩu,Tp.HCM,https://oto.com.vn/mua-ban-xe-porsche-macan-hcm/gia-tot-aidxc23363156
23372138,Porsche Macan S 2021,2858000000.0,01/10/2025,2021,Máy xăng,SUV,Xe cũ,28000,Số tự động,Nhập khẩu,Quận 7 - Tp.HCM,https://oto.com.vn/mua-ban-xe-porsche-macan-hcm/ho-tro-ngan-hang-len-den-90-gia-tri-xe-aidxc23372138
23363160,Porsche Macan tiêu chuẩn 2021,2999000000.0,08/09/2025,2021,Máy xăng,SUV,Xe cũ,45000,Số tự động,Nhập khẩu,Tp.HCM,https://oto.com.vn/mua-ban-xe-porsche-macan-hcm/option-521tr-den-be-aidxc23363160
23363162,Porsche Macan tiêu chuẩn 2021,2999000000.0,08/09/2025,2021,Máy xăng,SUV,Xe cũ,55000,Số tự động,Nhập khẩu,Tp.HCM,https://oto.com.vn/mua-ban-xe-porsche-macan-hcm/option-700tr-xam-crayon-aidxc23363162
23364396,Porsche Panamera 3.0 V6 2017,2980000000.0,11/09/2025,2017,Máy xăng,Sedan,Xe cũ,110000,Số tự động,Nhập khẩu,Hà Nội,https://oto.com.vn/mua-ban-xe-porsche-panamera-ha-noi/30-v6-2017-2-ty-980-trieu-aidxc23364396
23259662,Porsche Panamera 4 Executive 2020,4990000000.0,11/08/2025,2020,Máy xăng,Sedan,Xe cũ,35000,Số tự động,Nhập khẩu,Bắc Từ Liêm - Hà Nội,https://oto.com.vn/mua-ban-xe-porsche-panamera-ha-noi/mau-trang-noi-that-kem-chay-it-aidxc23259662
23364450,Porsche Panamera 4S 2017,3399000000.0,11/09/2025,2017,Máy xăng,Sedan,Xe cũ,59000,Số tự động,Nhập khẩu,Quận 7 - Tp.HCM,https://oto.com.vn/mua-ban-xe-porsche-panamera-hcm/2017-4s-xanh-noi-that-den-do-aidxc23364450
23367353,Porsche Panamera 2020,3850000000.0,18/09/2025,2020,Máy xăng,Sedan,Xe cũ,25000,Số tự động,Nhập khẩu,Tp.HCM,https://oto.com.vn/mua-ban-xe-porsche-panamera-hcm/2020-full-kich-do-mau-trang-do-aidxc23367353
23366401,Porsche Panamera tiêu chuẩn 2021,5000000000.0,16/09/2025,2021,Máy xăng,Sedan,Xe cũ,25000,Số tự động,Nhập khẩu,Tp.HCM,https://oto.com.vn/mua-ban-xe-porsche-panamera-hcm/2021-25000-km-aidxc23366401
23362561,Porsche Panamera 4S 2009,950000000.0,06/09/2025,2009,Máy xăng,Sedan,Xe cũ,99000,Số tự động,Nhập khẩu,Tp.HCM,https://oto.com.vn/mua-ban-xe-porsche-panamera-hcm/99000km-aidxc23362561
23337588,Porsche Panamera 2023,5978000000.0,04/07/2025,2023,Máy xăng,N/A,Xe cũ,9000,Số tự động,Nhập khẩu,Quận 7 - Tp.HCM,https://oto.com.vn/mua-ban-xe-porsche-panamera-hcm/bao-dau-bank-70-90-ib-zalo-tu-van-truc-tiep-247-aidxc23337588
23339160,Porsche Panamera 2023,5978000000.0,08/07/2025,2023,Máy xăng,N/A,Xe cũ,9000,Số tự động,Nhập khẩu,Quận 7 - Tp.HCM,https://oto.com.vn/mua-ban-xe-porsche-panamera-hcm/bao-dau-bank-70-90-ib-zalo-tu-van-truc-tiep-247-aidxc23339160
23350734,Porsche Panamera 2022,5278000000.0,05/08/2025,2022,Máy xăng,N/A,Xe cũ,17000,Số tự động,Nhập khẩu,Quận 7 - Tp.HCM,https://oto.com.vn/mua-ban-xe-porsche-panamera-hcm/bao-dau-bank-70-90-ib-zalo-tu-van-truc-tiep-247-aidxc23350734
23359004,Porsche Panamera 2023,6478000000.0,27/08/2025,2023,Máy xăng,N/A,Xe cũ,13333,Số tự động,Trong nước,Quận 7 - Tp.HCM,https://oto.com.vn/mua-ban-xe-porsche-panamera-hcm/bao-dau-bank-70-90-ib-zalo-tu-van-truc-tiep-247-aidxc23359004
23365892,Porsche Panamera 4 Executive 2023,6478000000.0,15/09/2025,2023,Máy xăng,N/A,Xe cũ,13000,Số tự động,Nhập khẩu,Quận 7 - Tp.HCM,https://oto.com.vn/mua-ban-xe-porsche-panamera-hcm/bao-dau-bank-70-90-ib-zalo-tu-van-truc-tiep-247-aidxc23365892
23365905,Porsche Panamera 4 Executive 2023,6478000000.0,15/09/2025,2023,Máy xăng,N/A,Xe cũ,13333,Số tự động,Nhập khẩu,Quận 7 - Tp.HCM,https://oto.com.vn/mua-ban-xe-porsche-panamera-hcm/bao-dau-bank-70-90-ib-zalo-tu-van-truc-tiep-247-aidxc23365905
23363155,Porsche Panamera 4 2021,5299000000.0,08/09/2025,2021,Máy xăng,Sedan,Xe cũ,39000,Số tự động,Nhập khẩu,Tp.HCM,https://oto.com.vn/mua-ban-xe-porsche-panamera-hcm/option-1-ty-5-noi-that-do-aidxc23363155
23366529,Porsche Panamera 3.0 V6 2022,5590000000.0,16/09/2025,2022,Máy xăng,Sedan,Xe cũ,16666,Số tự động,Nhập khẩu,Quận 7 - Tp.HCM,https://oto.com.vn/mua-ban-xe-porsche-panamera-hcm/tiet-kiem-ngay-gan-2ti-bank-65-aidxc23366529
23363168,Porsche Panamera 4S 2017,3399000000.0,08/09/2025,2017,Máy xăng,Sedan,Xe cũ,59000,Số tự động,Nhập khẩu,Tp.HCM,https://oto.com.vn/mua-ban-xe-porsche-panamera-hcm/xanh-frozen-blue-aidxc23363168
23353816,Porsche Taycan 2021,3999000000.0,15/08/2025,2021,Máy xăng,Sport Car,Xe cũ,19000,Số tự động,Nhập khẩu,Cầu Giấy - Hà Nội,https://oto.com.vn/mua-ban-xe-porsche-taycan-ha-noi/2021-aidxc23353816
23359919,Porsche Taycan 2021,3989000000.0,29/08/2025,2021,Máy xăng,Sedan,Xe cũ,20000,Số tự động,Nhập khẩu,Cầu Giấy - Hà Nội,https://oto.com.vn/mua-ban-xe-porsche-taycan-ha-noi/2021-aidxc23359919
23325923,Porsche Taycan 4S 2021,4300000000.0,25/09/2025,2021,Điện,Sedan,Xe cũ,21000,Số tự động,Nhập khẩu,Bắc Từ Liêm - Hà Nội,https://oto.com.vn/mua-ban-xe-porsche-taycan-ha-noi/trang-noi-that-do-chay-it-full-do-aidxc23325923
23337170,Proton Wira 2006,75000000.0,03/07/2025,2006,Máy dầu,Sedan,Xe cũ,200000,Số tự động,Trong nước,Ninh Hòa - Khánh Hòa,https://oto.com.vn/mua-ban-xe-proton-wira-khanh-hoa/can-ban-chiec-xe-7-cho-may-dau-so-san-aidxc23337170
23331604,Renault arkana 2019,599000000.0,11/06/2025,2019,Máy xăng,Crossover,Xe cũ,46000,Số tự động,Nhập khẩu,Thái Nguyên - Thái Nguyên,https://oto.com.vn/mua-ban-xe-renault-arkana-thai-nguyen/cam-ket-chat-luong-bang-van-ban-aidxc23331604
23364889,Renault Duster 2.0L-4AT 2016,300000000.0,12/09/2025,2016,Máy xăng,SUV,Xe cũ,600000,Số tự động,Nhập khẩu,Đà Nẵng,https://oto.com.vn/mua-ban-xe-renault-duster-da-nang/2016-20l-at-600000-km-aidxc23364889
23362745,Renault Sandero 2016,259000000.0,06/09/2025,2016,Máy xăng,Hatchback,Xe cũ,120000,Số tự động,Nhập khẩu,Đắk Lắk,https://oto.com.vn/mua-ban-xe-renault-sandero-dak-lak/2016-120000-km-aidxc23362745
23305499,Rolls-Royce Cullinan 2019,11900000000.0,19/09/2025,2019,Máy xăng,SUV,Xe cũ,50000,Số tự động,Nhập khẩu,Long Biên - Hà Nội,https://oto.com.vn/mua-ban-xe-rolls-royce-cullinan-ha-noi/11-ty-900-trieu-aidxc23305499
23259664,Rolls-Royce Cullinan Black Badge 2020,27900000000.0,25/09/2025,2020,Máy xăng,SUV,Xe cũ,39000,Số tự động,Nhập khẩu,Bắc Từ Liêm - Hà Nội,https://oto.com.vn/mua-ban-xe-rolls-royce-cullinan-ha-noi/ban-4-cho-hiem-aidxc23259664
23259880,Rolls-Royce Cullinan V12 2021,27500000000.0,25/09/2025,2021,Máy xăng,SUV,Xe cũ,20000,Số tự động,Nhập khẩu,Bắc Từ Liêm - Hà Nội,https://oto.com.vn/mua-ban-xe-rolls-royce-cullinan-ha-noi/den-noi-that-da-bo-cuc-moi-aidxc23259880
23345176,Rolls-Royce Cullinan 2019,11900000000.0,19/09/2025,2019,Máy xăng,N/A,Xe cũ,50000,Số tự động,Nhập khẩu,Long Biên - Hà Nội,https://oto.com.vn/mua-ban-xe-rolls-royce-cullinan-ha-noi/hang-hiem-kho-tim-sieu-chat-cho-cac-anh-chi-aidxc23345176
23326256,Rolls-Royce Cullinan V12 2019,29000000000.0,08/07/2025,2019,Máy xăng,N/A,Xe cũ,10000,Số tự động,Nhập khẩu,Bình Thạnh - Tp.HCM,https://oto.com.vn/mua-ban-xe-rolls-royce-cullinan-hcm/de-lai-sieu-pham-hang-hiem-tai-ho-chi-minh-roll-royce-675-v12-aidxc23326256
23364333,Rolls-Royce Ghost Series II 2010,4650000000.0,11/09/2025,2010,Máy xăng,Sedan,Xe cũ,N/A,Số tự động,Nhập khẩu,Hà Nội,https://oto.com.vn/mua-ban-xe-rolls-royce-ghost-ha-noi/-aidxc23364333
23349586,Rolls-Royce Ghost 2010,3950000000.0,03/09/2025,2010,Máy xăng,Sedan,Xe cũ,70000,Số tự động,Nhập khẩu,Hoàng Mai - Hà Nội,https://oto.com.vn/mua-ban-xe-rolls-royce-ghost-ha-noi/66-v12-sieu-dep-aidxc23349586
23106275,Rolls-Royce Ghost Series II 2015,9900000000.0,25/09/2025,2015,Máy xăng,Sedan,Xe cũ,18000,Số tự động,Nhập khẩu,Bắc Từ Liêm - Hà Nội,https://oto.com.vn/mua-ban-xe-rolls-royce-ghost-ha-noi/ban-ewb-truc-co-so-dai-sieu-luot-aidxc23106275
23005715,Rolls-Royce Ghost 2012,8600000000.0,03/06/2025,2012,Máy xăng,Sedan,Xe cũ,14000,Số tự động,Nhập khẩu,Nam Từ Liêm - Hà Nội,https://oto.com.vn/mua-ban-xe-rolls-royce-ghost-ha-noi/ewb-v12-66l-aidxc23005715
23338503,Rolls-Royce Ghost Series II 2011,6500000000.0,07/09/2025,2011,Máy xăng,Sedan,Xe cũ,69000,Số tự động,Nhập khẩu,Thủ Đức - Tp.HCM,https://oto.com.vn/mua-ban-xe-rolls-royce-ghost-hcm/xe-dam-bao-chat-luong-cam-ket-khong-tai-nan-dam-dung-thuy-kich-ngap-nuoc-aidxc23338503
23369823,Rolls-Royce Phantom 2015,28000000000.0,24/09/2025,2015,Máy xăng,Sedan,Xe cũ,23000,Số tự động,Nhập khẩu,Nam Từ Liêm - Hà Nội,https://oto.com.vn/mua-ban-xe-rolls-royce-phantom-ha-noi/ewb-thiet-ke-doc-dao-voi-vach-ngan-khoang-lai-aidxc23369823
23368389,Rolls-Royce Phantom 2015,26000000000.0,20/09/2025,2015,Máy xăng,Sedan,Xe cũ,23000,Số tự động,Nhập khẩu,Nam Từ Liêm - Hà Nội,https://oto.com.vn/mua-ban-xe-rolls-royce-phantom-ha-noi/xe-sieu-sang-trong-ewb-seri-ii-2015-aidxc23368389
23363511,Samsung SM3 LE 2014,210000000.0,09/09/2025,2014,Máy xăng,Sedan,Xe cũ,115000,Số tự động,Nhập khẩu,Thanh Hóa - Thanh Hóa,https://oto.com.vn/mua-ban-xe-samsung-sm3-thanh-hoa/2014-115000-km-aidxc23363511
23334844,Smart Fortwo 2006,350000000.0,23/06/2025,2006,Máy xăng,Coupe,Xe cũ,100000,Số tự động,Nhập khẩu,Hà Đông - Hà Nội,https://oto.com.vn/mua-ban-xe-smart-fortwo-ha-noi/450-aidxc23334844
23361702,Ssangyong Stavic 2009,150000000.0,04/09/2025,2009,Máy dầu,MPV,Xe cũ,18999,Số sàn,Nhập khẩu,Hà Nội,https://oto.com.vn/mua-ban-xe-ssangyong-stavic-ha-noi/2009-18999-km-aidxc23361702
23370811,Ssangyong TiVoLi 2016,399000000.0,27/09/2025,2016,Máy xăng,SUV,Xe cũ,1,Số tự động,Nhập khẩu,Hà Nội,https://oto.com.vn/mua-ban-xe-ssangyong-tivoli-ha-noi/2016-aidxc23370811
23370869,Subaru BRZ 2.0 AT 2022,1199000000.0,27/09/2025,2022,Máy xăng,Sport Car,Xe cũ,22222,Số tự động,Nhập khẩu,Tp.HCM,https://oto.com.vn/mua-ban-xe-subaru-brz-hcm/2022-br-z-22222-km-aidxc23370869
23368233,Subaru Forester 2.0i-S EyeSight 2019,665000000.0,20/09/2025,2019,Máy xăng,SUV,Xe cũ,35000,Số tự động,Nhập khẩu,Đà Nẵng,https://oto.com.vn/mua-ban-xe-subaru-forester-da-nang/2019-20i-s-eyesight-35000-km-aidxc23368233
23367190,Subaru Forester 2.0i-S 2019,625000000.0,17/09/2025,2019,Máy xăng,SUV,Xe cũ,60000,Số tự động,Nhập khẩu,Hà Nội,https://oto.com.vn/mua-ban-xe-subaru-forester-ha-noi/2019-20i-s-60000-km-aidxc23367190
23363409,Subaru Forester 2.0i-S EyeSight 2019,610000000.0,09/09/2025,2019,Máy xăng,SUV,Xe cũ,90000,Số tự động,Nhập khẩu,Hà Nội,https://oto.com.vn/mua-ban-xe-subaru-forester-ha-noi/2019-20i-s-eyesight-90000-km-aidxc23363409
23367655,Subaru Forester 2.0i-L 2019,585000000.0,18/09/2025,2019,Máy xăng,SUV,Xe cũ,90000,Số tự động,Nhập khẩu,Hà Nội,https://oto.com.vn/mua-ban-xe-subaru-forester-ha-noi/20i-l-2019-585-trieu-aidxc23367655
23367041,Subaru Forester 2019,629000000.0,17/09/2025,2019,Máy xăng,SUV,Xe cũ,80000,Số tự động,Nhập khẩu,Hà Nội,https://oto.com.vn/mua-ban-xe-subaru-forester-ha-noi/full-lich-su-bao-duong-hang-aidxc23367041
23367087,Subaru Forester 2.0i-S EyeSight 2021,779000000.0,17/09/2025,2021,Máy xăng,SUV,Xe cũ,35837,Số tự động,Nhập khẩu,Tp.HCM,https://oto.com.vn/mua-ban-xe-subaru-forester-hcm/20-is-es-2021-35837km-aidxc23367087
23366288,Subaru Forester 2.0i-S 2019,629000000.0,16/09/2025,2019,Máy xăng,SUV,Xe cũ,80000,Số tự động,Nhập khẩu,Tp.HCM,https://oto.com.vn/mua-ban-xe-subaru-forester-hcm/2019-20i-s-80000-km-aidxc23366288
23370652,Subaru Forester 2.0i-S EyeSight 2019,680000000.0,26/09/2025,2019,Máy xăng,SUV,Xe cũ,31000,Số tự động,Nhập khẩu,Tp.HCM,https://oto.com.vn/mua-ban-xe-subaru-forester-hcm/2019-i-s-eyesight-31000-km-aidxc23370652
23366902,Subaru Forester 2.0i-S EyeSight 2019,828000000.0,17/09/2025,2019,Máy xăng,SUV,Xe cũ,80000,Số tự động,Nhập khẩu,Tp.HCM,https://oto.com.vn/mua-ban-xe-subaru-forester-hcm/2019-i-s-eyesight-80000-km-aidxc23366902
23367112,Subaru Forester 2.0i-S EyeSight 2021,779000000.0,17/09/2025,2021,Máy xăng,SUV,Xe cũ,36000,Số tự động,Nhập khẩu,Tp.HCM,https://oto.com.vn/mua-ban-xe-subaru-forester-hcm/2021-20i-s-eyesight-36000-km-aidxc23367112
23369436,Subaru Forester 2.0i-L EyeSight 2023,790000000.0,23/09/2025,2023,Máy xăng,SUV,Xe cũ,15000,Số tự động,Nhập khẩu,Tp.HCM,https://oto.com.vn/mua-ban-xe-subaru-forester-hcm/2023-20i-l-eyesight-15000-km-aidxc23369436
23372245,Subaru Forester 2.0i-S EyeSight 2019,660000000.0,02/10/2025,2019,Máy xăng,SUV,Xe cũ,70000,Số tự động,Nhập khẩu,Tp.HCM,https://oto.com.vn/mua-ban-xe-subaru-forester-hcm/70000-km-aidxc23372245
23369975,Subaru Forester 2.0i-L 2019,629000000.0,25/09/2025,2019,Máy xăng,SUV,Xe cũ,87000,Số tự động,Nhập khẩu,Tp.HCM,https://oto.com.vn/mua-ban-xe-subaru-forester-hcm/i-l-2019-87000-km-aidxc23369975
23371344,Subaru Forester 2.0i-S EyeSight 2019,680000000.0,29/09/2025,2019,Máy xăng,SUV,Xe cũ,31000,Số tự động,Nhập khẩu,Tp.HCM,https://oto.com.vn/mua-ban-xe-subaru-forester-hcm/subazu-2019-20i-s-eyesight-31000-km-aidxc23371344
23367837,Subaru Forester 2019,627000000.0,19/09/2025,2019,Máy xăng,SUV,Xe cũ,55000,Số tự động,Nhập khẩu,Tp.HCM,https://oto.com.vn/mua-ban-xe-subaru-forester-hcm/xe-nhat-nhap-thai-chinh-1-chu-aidxc23367837
23364212,Subaru Outback 2.5i-T EyeSight 2022,1350000000.0,11/09/2025,2022,Máy xăng,SUV,Xe cũ,16000,Số tự động,Nhập khẩu,Hà Nội,https://oto.com.vn/mua-ban-xe-subaru-outback-ha-noi/25i-t-eyesight-2022-16000-km-aidxc23364212
23357591,Subaru Outback 3.6R 2015,680000000.0,30/09/2025,2015,Máy xăng,Crossover,Xe cũ,83000,Số tự động,Nhập khẩu,Nam Từ Liêm - Hà Nội,https://oto.com.vn/mua-ban-xe-subaru-outback-ha-noi/xe-cu-1-chu-lan-banh-it-sieu-hiem-aidxc23357591
23364164,Subaru Outback 2.5i-T EyeSight 2022,1350000000.0,11/09/2025,2022,Máy xăng,Crossover,Xe cũ,16000,Số tự động,Nhập khẩu,Hà Nội,https://oto.com.vn/mua-ban-xe-subaru-outback-ha-noi/xe-nha-minh-di-tu-moi-chinh-chu-giu-gin-can-than-khong-tai-nan-khong-ngap-nuoc-aidxc23364164
23329290,Subaru Outback 2.5i-S 2016,660000000.0,18/09/2025,2016,Máy xăng,Hatchback,Xe cũ,80000,Số tự động,Nhập khẩu,Quận 7 - Tp.HCM,https://oto.com.vn/mua-ban-xe-subaru-outback-hcm/25i-s-sx-2016-aidxc23329290
23289532,Subaru Outback 2.5i-S 2010,429000000.0,28/06/2025,2010,Máy xăng,SUV,Xe cũ,80000,Số tự động,Nhập khẩu,Quận 2 - Tp.HCM,https://oto.com.vn/mua-ban-xe-subaru-outback-hcm/so-tu-dong-may-xang-awd-mau-xam-aidxc23289532
23334994,Subaru Tribeca 3.6R 2013,439000000.0,16/09/2025,2013,Máy xăng,SUV,Xe cũ,130000,Số tự động,Nhập khẩu,Dĩ An - Bình Dương,https://oto.com.vn/mua-ban-xe-subaru-tribeca-binh-duong/xe-da-qua-su-dung-odo-thap-aidxc23334994
23340248,Subaru WRX 4D 2.4 CVT EyeSight 2022,1439000000.0,12/07/2025,2022,Máy xăng,Sedan,Xe cũ,9000,Số tự động,Nhập khẩu,Gò Vấp - Tp.HCM,https://oto.com.vn/mua-ban-xe-subaru-wrx-hcm/eyesight-24-awd-2024-aidxc23340248
23340349,Subaru WRX tiêu chuẩn 2022,1439000000.0,12/07/2025,2022,Máy xăng,Sedan,Xe cũ,9000,Số tự động,Nhập khẩu,Tp.HCM,https://oto.com.vn/mua-ban-xe-subaru-wrx-hcm/hang-hiem-sieu-luot-aidxc23340349
23361325,Suzuki APV 2012,150000000.0,03/09/2025,2012,Máy xăng,Van/Minivan,Xe cũ,265779,Số sàn,Nhập khẩu,Bình Dương,https://oto.com.vn/mua-ban-xe-suzuki-apv-binh-duong/2012-265779-km-aidxc23361325
23339534,Suzuki Blind Van Suzuki Blind Van 2023,260000000.0,09/07/2025,2023,Máy xăng,Van/Minivan,Xe cũ,3000,Số sàn,Trong nước,Việt Yên - Bắc Giang,https://oto.com.vn/mua-ban-xe-suzuki-blind-van-bac-giang/1-chu-tu-dau-gia-co-thuong-luong-aidxc23339534
23307924,Suzuki Blind Van Suzuki Blind Van 2018,185000000.0,06/04/2025,2018,Máy xăng,Van/Minivan,Xe cũ,52000,Số sàn,Trong nước,Thuận An - Bình Dương,https://oto.com.vn/mua-ban-xe-suzuki-blind-van-binh-duong/may-lanh-kinh-bam-dien-odo-5-van-aidxc23307924
23305154,Suzuki Blind Van Suzuki Blind Van 2023,265000000.0,01/04/2025,2023,Máy xăng,Van/Minivan,Xe cũ,5000,Số sàn,Trong nước,Thuận An - Bình Dương,https://oto.com.vn/mua-ban-xe-suzuki-blind-van-binh-duong/may-lanh-kinh-dien-man-android-odo-5000-aidxc23305154
23301643,Suzuki Blind Van Suzuki Blind Van 2022,270000000.0,22/03/2025,2022,Máy xăng,Van/Minivan,Xe cũ,4000,Số sàn,Trong nước,Thuận An - Bình Dương,https://oto.com.vn/mua-ban-xe-suzuki-blind-van-binh-duong/may-lanh-man-hinh-android-odo-4000-aidxc23301643
23323017,Suzuki Blind Van Suzuki Blind Van 2023,305000000.0,16/05/2025,2023,Máy xăng,Van/Minivan,Xe cũ,400,Số sàn,Trong nước,Hà Đông - Hà Nội,https://oto.com.vn/mua-ban-xe-suzuki-blind-van-ha-noi/315tr-bao-lan-banh-aidxc23323017
23340464,Suzuki Blind Van Suzuki Blind Van 2020,180000000.0,12/07/2025,2020,Máy xăng,Van/Minivan,Xe cũ,580628,Số sàn,Trong nước,Thường Tín - Hà Nội,https://oto.com.vn/mua-ban-xe-suzuki-blind-van-ha-noi/ban-van-2020-aidxc23340464
23345292,Suzuki Blind Van Suzuki Blind Van 2015,135000000.0,28/08/2025,2015,Máy xăng,Xe tải,Xe cũ,70000,Số tự động,Trong nước,Hà Đông - Hà Nội,https://oto.com.vn/mua-ban-xe-suzuki-blind-van-ha-noi/chay-7v-tai-500ki-gia-cuc-tot-aidxc23345292
23333966,Suzuki Blind Van 1998,52000000.0,29/09/2025,1998,Máy xăng,N/A,Xe cũ,160000,Số sàn,Trong nước,Sóc Sơn - Hà Nội,https://oto.com.vn/mua-ban-xe-suzuki-blind-van-ha-noi/gia-dinh-can-ban-aidxc23333966
23314210,Suzuki Blind Van Suzuki Blind Van 2004,69000000.0,22/04/2025,2004,Máy xăng,Van/Minivan,Xe cũ,310000,Số sàn,Trong nước,Thạch Thất - Hà Nội,https://oto.com.vn/mua-ban-xe-suzuki-blind-van-ha-noi/khong-nien-han-dang-kiem-moi-tinh-aidxc23314210
23337220,Suzuki Blind Van Suzuki Blind Van 2004,69000000.0,08/09/2025,2004,Máy xăng,Van/Minivan,Xe cũ,310000,Số sàn,Trong nước,Thạch Thất - Hà Nội,https://oto.com.vn/mua-ban-xe-suzuki-blind-van-ha-noi/khong-nien-han-dang-kiem-moi-tinh-aidxc23337220
23346954,Suzuki Blind Van Suzuki Blind Van 2014,115000000.0,26/07/2025,2014,Máy xăng,Van/Minivan,Xe cũ,150000,Số sàn,Trong nước,Đông Anh - Hà Nội,https://oto.com.vn/mua-ban-xe-suzuki-blind-van-ha-noi/may-em-chay-khoe-aidxc23346954
23329774,Suzuki Blind Van Suzuki Blind Van 2014,125000000.0,05/06/2025,2014,Máy xăng,Van/Minivan,Xe cũ,140000,Số sàn,Trong nước,Đông Anh - Hà Nội,https://oto.com.vn/mua-ban-xe-suzuki-blind-van-ha-noi/xe-dep-kham-moi-san-chay-aidxc23329774
23368053,Suzuki Blind Van Suzuki Blind Van 2022,213000000.0,19/09/2025,2022,Máy xăng,Bán tải,Xe cũ,52000,Số sàn,Trong nước,Quận 12 - Tp.HCM,https://oto.com.vn/mua-ban-xe-suzuki-blind-van-hcm/co-dieu-hoa-mat-lanh-vach-ngan-lot-san-day-du-aidxc23368053
23309334,Suzuki Blind Van Suzuki Blind Van 2003,110000000.0,09/04/2025,2003,Máy xăng,Van/Minivan,Xe cũ,80000,Số sàn,Trong nước,Thủ Đức - Tp.HCM,https://oto.com.vn/mua-ban-xe-suzuki-blind-van-hcm/su-coc-7-cho-khong-nien-han-aidxc23309334
23321566,Suzuki Blind Van 2002,66000000.0,14/05/2025,2002,Máy xăng,N/A,Xe cũ,120000,Số sàn,Trong nước,Việt Trì - Phú Thọ,https://oto.com.vn/mua-ban-xe-suzuki-blind-van-phu-tho/xe-7-cho-chu-giu-gin-aidxc23321566
23371348,Suzuki Carry Pro 2009,135000000.0,29/09/2025,2009,Máy xăng,Xe tải,Xe cũ,850000,Số sàn,Trong nước,Tp.HCM,https://oto.com.vn/mua-ban-xe-suzuki-carry-hcm/super-2009-8-cho-co-may-lanh-aidxc23371348
23372293,Suzuki Celerio 1.0 MT 2019,220000000.0,02/10/2025,2019,Máy xăng,Hatchback,Xe cũ,58000,Số sàn,Nhập khẩu,Bình Dương,https://oto.com.vn/mua-ban-xe-suzuki-celerio-binh-duong/2019-58000-km-aidxc23372293
23371025,Suzuki Celerio 1.0 CVT 2019,255000000.0,27/09/2025,2019,Máy xăng,Hatchback,Xe cũ,80600,Số tự động,Nhập khẩu,Bình Phước,https://oto.com.vn/mua-ban-xe-suzuki-celerio-binh-phuoc/2019-tai-aidxc23371025
23371020,Suzuki Celerio 2019,255000000.0,27/09/2025,2019,Máy xăng,Hatchback,Xe cũ,80000,Số tự động,N/A,Hà Nội,https://oto.com.vn/mua-ban-xe-suzuki-celerio-ha-noi/2019-so-tu-dong-aidxc23371020
23365918,Suzuki Celerio 1.0 MT 2018,180000000.0,15/09/2025,2018,Máy xăng,Hatchback,Xe cũ,250,Số sàn,Nhập khẩu,Tp.HCM,https://oto.com.vn/mua-ban-xe-suzuki-celerio-hcm/2018-10-at-250-km-aidxc23365918
23368908,Suzuki Celerio 1.0 CVT 2018,190000000.0,22/09/2025,2018,Máy xăng,Hatchback,Xe cũ,169000,Số tự động,Nhập khẩu,Tp.HCM,https://oto.com.vn/mua-ban-xe-suzuki-celerio-hcm/2018-10-cvt-chinh-chu-sai-gon-aidxc23368908
23372025,Suzuki Celerio 1.0 CVT 2019,255000000.0,01/10/2025,2019,Máy xăng,Hatchback,Xe cũ,80000,Số tự động,Nhập khẩu,Thủ Đức - Tp.HCM,https://oto.com.vn/mua-ban-xe-suzuki-celerio-hcm/2019-10-cvt-80000-km-aidxc23372025
23371813,Suzuki Celerio 1.0 CVT 2019,255000000.0,30/09/2025,2019,Máy xăng,Hatchback,Xe cũ,80000,Số tự động,Nhập khẩu,Tp.HCM,https://oto.com.vn/mua-ban-xe-suzuki-celerio-hcm/2019-10-cvt-80000-km-xe-gd-1-chu-aidxc23371813
23371759,Suzuki Celerio 1.0 CVT 2019,248000000.0,30/09/2025,2019,Máy xăng,Hatchback,Xe cũ,70000,Số tự động,Nhập khẩu,Tp.HCM,https://oto.com.vn/mua-ban-xe-suzuki-celerio-hcm/2019-so-tu-dong-xe-con-rat-dep-aidxc23371759
23371987,Suzuki Celerio 2019,248000000.0,01/10/2025,2019,Máy xăng,Hatchback,Xe cũ,N/A,Số tự động,Nhập khẩu,Tp.HCM,https://oto.com.vn/mua-ban-xe-suzuki-celerio-hcm/2019-tai-tp-aidxc23371987
23340388,Suzuki Celerio 1.0 CVT 2019,269000000.0,12/07/2025,2019,Máy xăng,Hatchback,Xe cũ,30000,Số tự động,Nhập khẩu,Thủ Đức - Tp.HCM,https://oto.com.vn/mua-ban-xe-suzuki-celerio-hcm/xe-gia-dinh-1-chu-aidxc23340388
23327070,Suzuki Celerio 1.0 CVT 2018,259000000.0,27/05/2025,2018,Máy xăng,Hatchback,Xe cũ,56000,Số tự động,Nhập khẩu,Thủ Đức - Tp.HCM,https://oto.com.vn/mua-ban-xe-suzuki-celerio-hcm/xe-nho-gon-tiet-kiem-nhien-lieu-day-du-tien-nghi-aidxc23327070
23360047,Suzuki Celerio 1.0 MT 2018,185000000.0,29/08/2025,2018,Máy xăng,Hatchback,Xe cũ,109000,Số sàn,Nhập khẩu,Đà Lạt - Lâm Đồng,https://oto.com.vn/mua-ban-xe-suzuki-celerio-lam-dong/2018-mt-nho-gon-tiet-kiem-nhu-xe-dien-aidxc23360047
23371778,Suzuki Celerio 1.0 MT 2019,185000000.0,30/09/2025,2019,Máy xăng,Hatchback,Xe cũ,140000,Số sàn,Nhập khẩu,Nam Định,https://oto.com.vn/mua-ban-xe-suzuki-celerio-nam-dinh/2019-10-mt-140000-km-aidxc23371778
23371771,Suzuki Celerio 1.0 CVT 2019,185000000.0,30/09/2025,2019,Máy xăng,Hatchback,Xe cũ,14000,Số tự động,Nhập khẩu,Nam Định,https://oto.com.vn/mua-ban-xe-suzuki-celerio-nam-dinh/dky-2020-ben-bi-tiet-kiem-bao-duong-day-du-xem-xe-tai-aidxc23371771
23361841,Suzuki Celerio 1.0 CVT 2018,170000000.0,04/09/2025,2018,Máy xăng,Hatchback,Xe cũ,201000,Số tự động,Nhập khẩu,Tây Ninh,https://oto.com.vn/mua-ban-xe-suzuki-celerio-tay-ninh/2018-10-cvt-201000-km-aidxc23361841
23042460,Suzuki Ciaz 1.4 AT 2019,345000000.0,15/09/2025,2019,Máy xăng,Sedan,Xe cũ,72000,Số tự động,Nhập khẩu,Thuận An - Bình Dương,https://oto.com.vn/mua-ban-xe-suzuki-ciaz-binh-duong/345-tr-aidxc23042460
23361521,Suzuki Ciaz 1.4 AT 2019,325000000.0,04/09/2025,2019,Máy xăng,Sedan,Xe cũ,70000,Số tự động,Nhập khẩu,Hà Nội,https://oto.com.vn/mua-ban-xe-suzuki-ciaz-ha-noi/2019-14-at-70000-km-aidxc23361521
23363971,Suzuki Ciaz 1.4 AT 2019,315000000.0,10/09/2025,2019,Máy xăng,Sedan,Xe cũ,1,Số tự động,Nhập khẩu,Hà Nội,https://oto.com.vn/mua-ban-xe-suzuki-ciaz-ha-noi/may-14-sx-2019-so-tu-dong-aidxc23363971
23289892,Suzuki Ciaz 1.4 AT 2019,345000000.0,12/04/2025,2019,Máy xăng,Sedan,Xe cũ,52000,Số tự động,Trong nước,Hoàn Kiếm - Hà Nội,https://oto.com.vn/mua-ban-xe-suzuki-ciaz-ha-noi/odo-52000km-full-bao-duong-hang-aidxc23289892
23369349,Suzuki Ciaz 1.4 AT 2018,255000000.0,23/09/2025,2018,Máy xăng,Sedan,Xe cũ,97000,Số tự động,Nhập khẩu,Tp.HCM,https://oto.com.vn/mua-ban-xe-suzuki-ciaz-hcm/2018-14-at-97000-km-aidxc23369349
23371510,Suzuki Ciaz 1.4 AT 2019,325000000.0,29/09/2025,2019,Máy xăng,Sedan,Xe cũ,53000,Số tự động,Nhập khẩu,Bình Thạnh - Tp.HCM,https://oto.com.vn/mua-ban-xe-suzuki-ciaz-hcm/2019-14-at-53000-km-aidxc23371510
23333712,Suzuki Ciaz 1.4 AT 2019,329000000.0,18/06/2025,2019,Máy xăng,Sedan,Xe cũ,66000,Số tự động,Nhập khẩu,Thủ Đức - Tp.HCM,https://oto.com.vn/mua-ban-xe-suzuki-ciaz-hcm/ban-xe-sedan-co-b-rong-rai-nhat-phan-khuc-mau-den-sang-trong-aidxc23333712
23324856,Suzuki Ciaz 1.4 AT 2018,319000000.0,20/05/2025,2018,Máy xăng,Sedan,Xe cũ,61000,Số tự động,Nhập khẩu,Thủ Đức - Tp.HCM,https://oto.com.vn/mua-ban-xe-suzuki-ciaz-hcm/bien-sg-1-chu-mua-moi-aidxc23324856
23361358,Suzuki Ciaz 1.4 AT 2018,298000000.0,03/09/2025,2018,Máy xăng,Sedan,Xe cũ,83000,Số tự động,Nhập khẩu,Quận 12 - Tp.HCM,https://oto.com.vn/mua-ban-xe-suzuki-ciaz-hcm/nhap-khau-ten-ca-nhan-khong-kinh-doanh-aidxc23361358
23334616,Suzuki Ciaz 1.4 AT 2019,335000000.0,21/06/2025,2019,Máy xăng,Sedan,Xe cũ,66000,Số tự động,Nhập khẩu,Thủ Đức - Tp.HCM,https://oto.com.vn/mua-ban-xe-suzuki-ciaz-hcm/xe-dep-chuan-odo-aidxc23334616
23329510,Suzuki Ciaz 1.4 AT 2017,299000000.0,05/06/2025,2017,Máy xăng,Sedan,Xe cũ,74000,Số tự động,Nhập khẩu,Thủ Đức - Tp.HCM,https://oto.com.vn/mua-ban-xe-suzuki-ciaz-hcm/xe-gia-dinh-dung-aidxc23329510
23294410,Suzuki Ciaz 1.4 AT 2018,419000000.0,08/03/2025,2018,Máy xăng,Sedan,Xe cũ,41000,Số tự động,Nhập khẩu,Thủ Đức - Tp.HCM,https://oto.com.vn/mua-ban-xe-suzuki-ciaz-hcm/xe-len-nhieu-do-choi-aidxc23294410
23332436,Suzuki Ciaz 1.4 AT 2019,339000000.0,14/06/2025,2019,Máy xăng,Sedan,Xe cũ,92000,Số tự động,Nhập khẩu,Thủ Đức - Tp.HCM,https://oto.com.vn/mua-ban-xe-suzuki-ciaz-hcm/xe-nhap-khau-thai-lan-may-moc-nguyen-ban-aidxc23332436
23370982,Suzuki Ciaz 1.4 AT 2019,300000000.0,27/09/2025,2019,Máy xăng,Sedan,Xe cũ,140000,Số tự động,Nhập khẩu,Thanh Hóa,https://oto.com.vn/mua-ban-xe-suzuki-ciaz-thanh-hoa/2019-14-at-140000-km-aidxc23370982
23351246,Suzuki Ertiga Hybrid Ertiga AT 2022,435000000.0,16/09/2025,2022,Hybrid,MPV,Xe cũ,48000,Số tự động,Trong nước,Dĩ An - Bình Dương,https://oto.com.vn/mua-ban-xe-suzuki-ertiga-binh-duong/xe-da-qua-su-dung-chat-luong-cao-aidxc23351246
23352565,Suzuki Ertiga Hybrid Ertiga AT 2022,429000000.0,16/09/2025,2022,Máy xăng,N/A,Xe cũ,58000,Số tự động,Nhập khẩu,Dĩ An - Bình Dương,https://oto.com.vn/mua-ban-xe-suzuki-ertiga-binh-duong/xe-ngon-gia-dep-aidxc23352565
23371675,Suzuki Ertiga 1.5L Sport AT 2020,410000000.0,30/09/2025,2020,Máy xăng,MPV,Xe cũ,38100,Số tự động,Nhập khẩu,Đồng Nai,https://oto.com.vn/mua-ban-xe-suzuki-ertiga-dong-nai/2020-15l-at-38100-km-aidxc23371675
23362077,Suzuki Ertiga 1.5L Sport AT 2017,335000000.0,05/09/2025,2017,Máy xăng,MPV,Xe cũ,90000,Số tự động,Nhập khẩu,Hà Nội,https://oto.com.vn/mua-ban-xe-suzuki-ertiga-ha-noi/15-at-2017-90000km-aidxc23362077
23368599,Suzuki Ertiga 1.5L Sport AT 2021,370000000.0,21/09/2025,2021,Máy xăng,MPV,Xe cũ,230,Số tự động,Trong nước,Thủ Đức - Tp.HCM,https://oto.com.vn/mua-ban-xe-suzuki-ertiga-hcm/2021-sport-15-at-230-km-aidxc23368599
23371733,Suzuki Ertiga Hybrid Ertiga AT 2022,430000000.0,30/09/2025,2022,Máy xăng,MPV,Xe cũ,72000,Số tự động,Nhập khẩu,Tp.HCM,https://oto.com.vn/mua-ban-xe-suzuki-ertiga-hcm/2022-hybrid-1-doi-chu-aidxc23371733
23371919,Suzuki Ertiga Hybrid Ertiga AT 2022,430000000.0,01/10/2025,2022,Hybrid,MPV,Xe cũ,80000,Số tự động,Nhập khẩu,Tp.HCM,https://oto.com.vn/mua-ban-xe-suzuki-ertiga-hcm/2022-hybrid-at-80000-km-aidxc23371919
23371992,Suzuki Ertiga Hybrid Ertiga Sport Limited 2022,439000000.0,01/10/2025,2022,Hybrid,MPV,Xe cũ,63000,Số tự động,Nhập khẩu,Tp.HCM,https://oto.com.vn/mua-ban-xe-suzuki-ertiga-hcm/2022-hybrid-sport-15-at-63000-km-aidxc23371992
23372515,Suzuki Ertiga Hybrid Ertiga Sport Limited 2022,455000000.0,02/10/2025,2022,Hybrid,MPV,Xe cũ,78000,Số tự động,Nhập khẩu,Tp.HCM,https://oto.com.vn/mua-ban-xe-suzuki-ertiga-hcm/2022-hybrid-sport-15-at-78000-km-aidxc23372515
23368107,Suzuki Ertiga 2023,450000000.0,19/09/2025,2023,Máy xăng,MPV,Xe cũ,45000,Số sàn,Nhập khẩu,Tân Uyên - Tp.HCM,https://oto.com.vn/mua-ban-xe-suzuki-ertiga-hcm/2023-45000-km-aidxc23368107
23371993,Suzuki Ertiga 1.5L GL MT 2019,385000000.0,01/10/2025,2019,Máy xăng,MPV,Xe cũ,50000,Số tự động,Nhập khẩu,Tp.HCM,https://oto.com.vn/mua-ban-xe-suzuki-ertiga-hcm/xe-7c-2019-glx-15-at-50000-km-aidxc23371993
23323724,Suzuki Ertiga Hybrid Ertiga AT 2022,455000000.0,26/09/2025,2022,Hybrid,SUV,Xe cũ,50000,Số tự động,Nhập khẩu,Hóc Môn - Tp.HCM,https://oto.com.vn/mua-ban-xe-suzuki-ertiga-hcm/xe-dep-aidxc23323724
23369764,Suzuki Ertiga Hybrid Ertiga AT 2019,385000000.0,24/09/2025,2019,Máy xăng,MPV,Xe cũ,78000,Số tự động,Nhập khẩu,Lâm Đồng,https://oto.com.vn/mua-ban-xe-suzuki-ertiga-lam-dong/2019-78000-km-aidxc23369764
23369242,Suzuki Ertiga 2019,365000000.0,23/09/2025,2019,Máy xăng,MPV,Xe cũ,50000,Số tự động,Nhập khẩu,Đà Lạt - Lâm Đồng,https://oto.com.vn/mua-ban-xe-suzuki-ertiga-lam-dong/2019-glx-4at-50000-km-aidxc23369242
23372410,Suzuki Ertiga 1.5L GL MT 2019,295000000.0,02/10/2025,2019,Máy xăng,MPV,Xe cũ,200000,Số sàn,Nhập khẩu,Quảng Ngãi,https://oto.com.vn/mua-ban-xe-suzuki-ertiga-quang-ngai/2019-gl-15-mt-200000-km-aidxc23372410
23334925,Suzuki Jimny 2023,699000000.0,23/06/2025,2023,Máy xăng,SUV,Xe cũ,1500,Số tự động,Nhập khẩu,Ba Đình - Hà Nội,https://oto.com.vn/mua-ban-xe-suzuki-jimny-ha-noi/2023-aidxc23334925
23293671,Suzuki Jimny 2024,739000000.0,07/03/2025,2024,Máy xăng,SUV,Xe cũ,2000,Số tự động,Trong nước,Thủ Đức - Tp.HCM,https://oto.com.vn/mua-ban-xe-suzuki-jimny-hcm/sieu-luot-aidxc23293671
23367270,Suzuki Jimny 2024,695000000.0,18/09/2025,2024,Máy xăng,SUV,Xe cũ,12000,Số tự động,Nhập khẩu,Quận 8 - Tp.HCM,https://oto.com.vn/mua-ban-xe-suzuki-jimny-hcm/xe-nhap-nhat-aidxc23367270
23336421,Suzuki Super Carry Pro Pro 2020,215000000.0,30/06/2025,2020,Máy xăng,Xe tải,Xe cũ,30000,Số sàn,Trong nước,Hà Đông - Hà Nội,https://oto.com.vn/mua-ban-xe-suzuki-super-carry-pro-ha-noi/gia-215-trieu-dong-aidxc23336421
23349952,Suzuki Super Carry Pro Pro 2020,215000000.0,02/08/2025,2020,Máy xăng,Xe tải,Xe cũ,30000,Số sàn,Trong nước,Hà Đông - Hà Nội,https://oto.com.vn/mua-ban-xe-suzuki-super-carry-pro-ha-noi/gia-215-trieu-dong-aidxc23349952
23365393,Suzuki Super Carry Pro Pro 2020,215000000.0,13/09/2025,2020,Máy xăng,Xe tải,Xe cũ,90000,Số sàn,Trong nước,Hà Đông - Hà Nội,https://oto.com.vn/mua-ban-xe-suzuki-super-carry-pro-ha-noi/gia-215-trieu-dong-aidxc23365393
23365399,Suzuki Super Carry Pro Pro 2020,215000000.0,13/09/2025,2020,Máy xăng,Van/Minivan,Xe cũ,30000,Số sàn,Trong nước,Hà Đông - Hà Nội,https://oto.com.vn/mua-ban-xe-suzuki-super-carry-pro-ha-noi/gia-215-trieu-dong-aidxc23365399
23357076,Suzuki Super Carry Pro Pro 2022,260000000.0,22/08/2025,2022,Máy xăng,Xe tải,Xe cũ,34000,Số sàn,Trong nước,Đăk Hà - Kon Tum,https://oto.com.vn/mua-ban-xe-suzuki-super-carry-pro-kon-tum/xe-moi-di-duoc-it-km-chinh-chu-co-doi-xe-co-tra-gop-aidxc23357076
23353801,Suzuki Super Carry Truck 2017,118000000.0,15/08/2025,2017,Máy xăng,Sedan,Xe cũ,50000,Số sàn,Trong nước,Tiên Du - Bắc Ninh,https://oto.com.vn/mua-ban-xe-suzuki-super-carry-truck-bac-ninh/van-san-xuat-na-chu-bao-ho-so-may-tot-nguyen-ban-xe-dep-lop-dep-thung-inox-aidxc23353801
23336613,Suzuki Super Carry Truck 2008,68000000.0,01/07/2025,2008,Máy xăng,Xe tải,Xe cũ,100000,Số sàn,Trong nước,Biên Hòa - Đồng Nai,https://oto.com.vn/mua-ban-xe-suzuki-super-carry-truck-dong-nai/ban-xe-tai-500kg-xe-gd-xu-dung-ky-giao-dich-tai-nha-xem-xe-tai-cau-vuot-linh-xuan-aidxc23336613
23338029,Suzuki Super Carry Truck Truck 2008,66000000.0,05/07/2025,2008,Máy xăng,Xe tải,Xe cũ,100000,Số tự động,Trong nước,Biên Hòa - Đồng Nai,https://oto.com.vn/mua-ban-xe-suzuki-super-carry-truck-dong-nai/xe-tai-nhe-gia-dinh-su-dung-aidxc23338029
23330902,Suzuki Super Carry Truck Truck 2011,100000000.0,22/09/2025,2011,Máy xăng,Xe tải,Xe cũ,12000,Số sàn,Trong nước,Đông Anh - Hà Nội,https://oto.com.vn/mua-ban-xe-suzuki-super-carry-truck-ha-noi/ban-5-ta-thung-mui-bat-doi-2011-aidxc23330902
23299074,Suzuki Super Carry Truck Truck 2002,42000000.0,19/04/2025,2002,Máy xăng,Xe tải,Xe cũ,100000,Số sàn,Trong nước,Quận 12 - Tp.HCM,https://oto.com.vn/mua-ban-xe-suzuki-super-carry-truck-hcm/xe-dep-nhu-2012-aidxc23299074
23315569,Suzuki Super Carry Van Blind Van 2020,215000000.0,24/06/2025,2020,Máy xăng,Van/Minivan,Xe cũ,80000,Số sàn,Trong nước,Đông Anh - Hà Nội,https://oto.com.vn/mua-ban-xe-suzuki-super-carry-van-ha-noi/ban-tai-van-2-cho-doi-2020-xe-mot-chu-cong-ty-tu-moi-aidxc23315569
23337854,Suzuki Super Carry Van Blind Van 2015,140000000.0,03/09/2025,2015,Máy xăng,Van/Minivan,Xe cũ,10000,Số sàn,Trong nước,Đông Anh - Hà Nội,https://oto.com.vn/mua-ban-xe-suzuki-super-carry-van-ha-noi/ban-tai-van-2-cho-san-xuat-nam-2015-aidxc23337854
23368074,Suzuki Super Carry Van Blind Van 2014,120000000.0,19/09/2025,2014,Máy xăng,Van/Minivan,Xe cũ,10000,Số sàn,Trong nước,Đông Anh - Hà Nội,https://oto.com.vn/mua-ban-xe-suzuki-super-carry-van-ha-noi/ban-tai-van-doi-2014-xe-dep-ko-loi-gi-aidxc23368074
23345291,Suzuki Super Carry Van Blind Van 2020,215000000.0,28/08/2025,2020,Máy xăng,Xe tải,Xe cũ,30000,Số tự động,Trong nước,Hà Đông - Hà Nội,https://oto.com.vn/mua-ban-xe-suzuki-super-carry-van-ha-noi/moi-di-hon-3-van-aidxc23345291
23365155,Suzuki Super Carry Van Blind Van 2020,210000000.0,13/09/2025,2020,Máy xăng,Xe tải,Xe cũ,1,Số sàn,Nhập khẩu,Hà Đông - Hà Nội,https://oto.com.vn/mua-ban-xe-suzuki-super-carry-van-ha-noi/xe-blind-van-2020-aidxc23365155
23333977,Suzuki Super Carry Van 2015,135000000.0,19/06/2025,2015,Máy xăng,Van/Minivan,Xe cũ,95000,Số sàn,Trong nước,Hà Đông - Hà Nội,https://oto.com.vn/mua-ban-xe-suzuki-super-carry-van-ha-noi/xe-da-chay-9-van-ruoi-aidxc23333977
23345757,Suzuki Super Carry Van 2015,135000000.0,24/07/2025,2015,Máy xăng,Van/Minivan,Xe cũ,95000,Số sàn,Trong nước,Hà Đông - Hà Nội,https://oto.com.vn/mua-ban-xe-suzuki-super-carry-van-ha-noi/xe-da-chay-9-van-ruoi-aidxc23345757
23366781,Suzuki Super Carry Van Blind Van 2022,219000000.0,17/09/2025,2022,Máy xăng,Xe tải,Xe cũ,39000,Số sàn,Nhập khẩu,Tp.HCM,https://oto.com.vn/mua-ban-xe-suzuki-super-carry-van-hcm/ban-2022-39000-km-aidxc23366781
23364858,Suzuki Super Carry Van Blind Van 2022,222000000.0,12/09/2025,2022,Máy xăng,Van/Minivan,Xe cũ,30000,Số sàn,Nhập khẩu,Tp.HCM,https://oto.com.vn/mua-ban-xe-suzuki-super-carry-van-hcm/blind-van-2022-222-trieu-aidxc23364858
23369998,Suzuki Swift 1.4 AT 2015,238000000.0,25/09/2025,2015,Máy xăng,Hatchback,Xe cũ,9998,Số tự động,Nhập khẩu,Bình Phước,https://oto.com.vn/mua-ban-xe-suzuki-swift-binh-phuoc/14-at-2015-238-trieu-aidxc23369998
23368905,Suzuki Swift GLX 1.2 CVT 2018,370000000.0,22/09/2025,2018,Máy xăng,Hatchback,Xe cũ,70000,Số tự động,Nhập khẩu,Đà Nẵng,https://oto.com.vn/mua-ban-xe-suzuki-swift-da-nang/2018-glx-12-at-75000-km-aidxc23368905
23367629,Suzuki Swift 2019,430000000.0,18/09/2025,2019,Máy xăng,Hatchback,Xe cũ,68978,Số tự động,Nhập khẩu,Thanh Khê - Đà Nẵng,https://oto.com.vn/mua-ban-xe-suzuki-swift-da-nang/2019-68978-km-aidxc23367629
23367698,Suzuki Swift GLX 1.2 CVT 2019,430000000.0,19/09/2025,2019,Máy xăng,Hatchback,Xe cũ,69800,Số tự động,Nhập khẩu,Thanh Khê - Đà Nẵng,https://oto.com.vn/mua-ban-xe-suzuki-swift-da-nang/2019-glx-12-cvt-69800-km-aidxc23367698
23365472,Suzuki Swift 1.4 AT 2017,330000000.0,14/09/2025,2017,Máy xăng,Hatchback,Xe cũ,51000,Số tự động,Trong nước,Sơn Trà - Đà Nẵng,https://oto.com.vn/mua-ban-xe-suzuki-swift-da-nang/xe-1-chu-tu-dau-odo-51000km-khong-tai-nan-khong-ngap-nuoc-su-dung-can-than-aidxc23365472
23372185,Suzuki Swift GLX 1.2 CVT 2019,410000000.0,01/10/2025,2019,Máy xăng,Hatchback,Xe cũ,50000,Số tự động,Nhập khẩu,Đắk Lắk,https://oto.com.vn/mua-ban-xe-suzuki-swift-dak-lak/2019-glx-12-cvt-50000-km-aidxc23372185
23365738,Suzuki Swift 2017,335000000.0,14/09/2025,2017,Máy xăng,Hatchback,Xe cũ,60666,Số tự động,Trong nước,Plei Ku - Gia Lai,https://oto.com.vn/mua-ban-xe-suzuki-swift-gia-lai/2017-rs-60666-km-aidxc23365738
23366161,Suzuki Swift 1.4 AT 2013,230000000.0,15/09/2025,2013,Máy xăng,Hatchback,Xe cũ,121248,Số tự động,Nhập khẩu,Hà Nội,https://oto.com.vn/mua-ban-xe-suzuki-swift-ha-noi/2013-121248-km-aidxc23366161
23371057,Suzuki Swift 1.4 AT 2016,300000000.0,28/09/2025,2016,Máy xăng,Hatchback,Xe cũ,50000,Số tự động,Trong nước,Hà Nội,https://oto.com.vn/mua-ban-xe-suzuki-swift-ha-noi/2016-14-at-50000-km-aidxc23371057
23368479,Suzuki Swift GL 1.2 CVT 2019,370000000.0,21/09/2025,2019,Máy xăng,Hatchback,Xe cũ,100000,Số tự động,Trong nước,Hà Nội,https://oto.com.vn/mua-ban-xe-suzuki-swift-ha-noi/2019-special-12-at-100000-km-aidxc23368479
23369963,Suzuki Swift 1.4 AT 2016,286100000.0,25/09/2025,2016,Máy xăng,Hatchback,Xe cũ,89899,Số tự động,Trong nước,Hà Nội,https://oto.com.vn/mua-ban-xe-suzuki-swift-ha-noi/22-606-2016-14-at-89899-km-aidxc23369963
23358333,Suzuki Swift 1.4 AT 2017,329000000.0,25/09/2025,2017,Máy xăng,Hatchback,Xe cũ,50000,Số tự động,Nhập khẩu,Tây Hồ - Hà Nội,https://oto.com.vn/mua-ban-xe-suzuki-swift-ha-noi/may-chat-tiet-kiem-xang-aidxc23358333
23369313,Suzuki Swift 1.4 AT 2017,318000000.0,23/09/2025,2017,Máy xăng,Hatchback,Xe cũ,1,Số tự động,Nhập khẩu,Hà Nội,https://oto.com.vn/mua-ban-xe-suzuki-swift-ha-noi/xe-14-at-2017-318-trieu-aidxc23369313
23370884,Suzuki Swift 1.4 AT 2017,315000000.0,27/09/2025,2017,Máy xăng,Hatchback,Xe cũ,82000,Số tự động,Trong nước,Nam Từ Liêm - Hà Nội,https://oto.com.vn/mua-ban-xe-suzuki-swift-ha-noi/xe-4700-2017-aidxc23370884
23370735,Suzuki Swift 2022,468000000.0,27/09/2025,2022,Máy xăng,Hatchback,Xe cũ,28000,Số tự động,Nhập khẩu,Thừa Thiên Huế,https://oto.com.vn/mua-ban-xe-suzuki-swift-thua-thien-hue/2022-toi-khong-ro-28000-km-aidxc23370735
23371290,Suzuki Vitara 2.0L AT 4X4 2017,435000000.0,29/09/2025,2017,Máy xăng,SUV,Xe cũ,81000,Số tự động,Nhập khẩu,Đà Nẵng,https://oto.com.vn/mua-ban-xe-suzuki-vitara-da-nang/ban-cao-cap-xe-gia-dinh-minh-aidxc23371290
23366403,Suzuki Vitara 4X4 2003,120000000.0,16/09/2025,2003,Máy xăng,SUV,Xe cũ,230000,Số sàn,Nhập khẩu,Đắk Lắk,https://oto.com.vn/mua-ban-xe-suzuki-vitara-dak-lak/2003-230000-km-aidxc23366403
23371786,Suzuki Vitara 1.6 AT 2015,320000000.0,30/09/2025,2015,Máy xăng,SUV,Xe cũ,91000,Số tự động,Nhập khẩu,Đắk Lắk,https://oto.com.vn/mua-ban-xe-suzuki-vitara-dak-lak/2015-16-at-91000-km-aidxc23371786
23363641,Suzuki Vitara 2004,170000000.0,10/09/2025,2004,Máy xăng,SUV,Xe cũ,140000,Số sàn,Trong nước,Hà Nội,https://oto.com.vn/mua-ban-xe-suzuki-vitara-ha-noi/2004-140000-km-aidxc23363641
23365461,Suzuki Vitara 1.6 AT 2015,355000000.0,13/09/2025,2015,Máy xăng,SUV,Xe cũ,91000,Số tự động,Nhập khẩu,Hà Nội,https://oto.com.vn/mua-ban-xe-suzuki-vitara-ha-noi/2015-16-at-91000-km-aidxc23365461
23371389,Suzuki Vitara 1.6 AT 2016,420000000.0,29/09/2025,2016,Máy xăng,SUV,Xe cũ,110000,Số tự động,Nhập khẩu,Hà Nội,https://oto.com.vn/mua-ban-xe-suzuki-vitara-ha-noi/2016-16-at-110000-km-aidxc23371389
23364275,Suzuki Vitara 1.6 AT 2016,410000000.0,11/09/2025,2016,Máy xăng,Crossover,Xe cũ,80000,Số tự động,Nhập khẩu,Hà Nội,https://oto.com.vn/mua-ban-xe-suzuki-vitara-ha-noi/2016-16-at-aidxc23364275
23372003,Suzuki Vitara 1.6 AT 2017,426000000.0,01/10/2025,2017,Máy xăng,SUV,Xe cũ,80000,Số tự động,Nhập khẩu,Hà Nội,https://oto.com.vn/mua-ban-xe-suzuki-vitara-ha-noi/2017-16-at-80000-km-aidxc23372003
23339801,Suzuki Vitara 2.0L AT 4X4 2003,135000000.0,11/09/2025,2003,Máy xăng,SUV,Xe cũ,178000,Số tự động,Nhập khẩu,Bắc Từ Liêm - Hà Nội,https://oto.com.vn/mua-ban-xe-suzuki-vitara-ha-noi/can-ban-xe-4x4-doi-2003-may-xang-day-du-tien-nghi-aidxc23339801
23343858,Suzuki Vitara JLX 1.6 4X4 2004,145000000.0,20/07/2025,2004,Máy xăng,SUV,Xe cũ,210000,Số sàn,Trong nước,Bắc Từ Liêm - Hà Nội,https://oto.com.vn/mua-ban-xe-suzuki-vitara-ha-noi/jlx-16-4x4-2004-aidxc23343858
23348071,Suzuki Vitara JLX 1.6 4X4 2005,145000000.0,02/10/2025,2005,Máy xăng,SUV,Xe cũ,200000,Số sàn,Nhập khẩu,Bắc Từ Liêm - Hà Nội,https://oto.com.vn/mua-ban-xe-suzuki-vitara-ha-noi/jlx-2005-aidxc23348071
23360459,Suzuki Vitara 1.6 AT 2016,379000000.0,30/08/2025,2016,Máy xăng,Crossover,Xe cũ,100000,Số tự động,Nhập khẩu,Cầu Giấy - Hà Nội,https://oto.com.vn/mua-ban-xe-suzuki-vitara-ha-noi/qua-re-aidxc23360459
23367036,Suzuki Vitara 1.6 AT 2016,352000000.0,17/09/2025,2016,Máy xăng,SUV,Xe cũ,132000,Số tự động,Nhập khẩu,Tp.HCM,https://oto.com.vn/mua-ban-xe-suzuki-vitara-hcm/2016-16-at-132000-km-aidxc23367036
23353881,Suzuki Vitara 1.6 AT 2015,350000000.0,19/09/2025,2015,Máy xăng,SUV,Xe cũ,82000,Số tự động,Nhập khẩu,Quận 12 - Tp.HCM,https://oto.com.vn/mua-ban-xe-suzuki-vitara-hcm/nhap-khau-hungari-aidxc23353881
23366265,Suzuki Vitara JLX 1.6 4X4 2005,132000000.0,16/09/2025,2005,Máy xăng,SUV,Xe cũ,123456,Số sàn,Nhập khẩu,Lâm Đồng,https://oto.com.vn/mua-ban-xe-suzuki-vitara-lam-dong/2005-jlx-16-4x4-xe-dep-aidxc23366265
23319328,Suzuki Wagon R+ 2003,98000000.0,09/05/2025,2003,Máy xăng,Hatchback,Xe cũ,190000,Số sàn,Trong nước,Bắc Từ Liêm - Hà Nội,https://oto.com.vn/mua-ban-xe-suzuki-wagon-rplus-ha-noi/wagonr-aidxc23319328
23371022,Suzuki XL7 Sport Limited 2022,450000000.0,27/09/2025,2022,Máy xăng,SUV,Xe cũ,68000,Số tự động,Nhập khẩu,Bắc Ninh,https://oto.com.vn/mua-ban-xe-suzuki-xl7-bac-ninh/2022-at-68000-km-aidxc23371022
23367945,Suzuki XL7 GLX 2022,400000000.0,19/09/2025,2022,Máy xăng,Crossover,Xe cũ,220000,Số tự động,Nhập khẩu,Bình Dương,https://oto.com.vn/mua-ban-xe-suzuki-xl7-binh-duong/2022-glx-at-220000-km-aidxc23367945
23368175,Suzuki XL7 GLX 2021,455000000.0,20/09/2025,2021,Máy xăng,SUV,Xe cũ,67000,Số tự động,Nhập khẩu,Bình Phước,https://oto.com.vn/mua-ban-xe-suzuki-xl7-binh-phuoc/xl-7-2021-glx-at-67000-km-aidxc23368175
23371289,Suzuki XL7 GLX 2022,470000000.0,29/09/2025,2022,Máy xăng,SUV,Xe cũ,25400,Số tự động,Nhập khẩu,Cần Thơ,https://oto.com.vn/mua-ban-xe-suzuki-xl7-can-tho/xl-7-2022-glx-at-25400-km-aidxc23371289
23371027,Suzuki XL7 GLX 2022,450000000.0,27/09/2025,2022,Máy xăng,SUV,Xe cũ,52000,Số tự động,Nhập khẩu,Đồng Nai,https://oto.com.vn/mua-ban-xe-suzuki-xl7-dong-nai/xl-7-2022-glx-at-52000-km-aidxc23371027
23372126,Suzuki XL7 GLX 2022,369000000.0,01/10/2025,2022,Máy xăng,SUV,Xe cũ,32295,Số tự động,Nhập khẩu,Cầu Giấy - Hà Nội,https://oto.com.vn/mua-ban-xe-suzuki-xl7-ha-noi/thanh-ly-tai-san-jupiter-aidxc23372126
23371570,Suzuki XL7 1.5L 2022,465000000.0,30/09/2025,2022,Máy xăng,SUV,Xe cũ,43000,Số tự động,Nhập khẩu,Hà Nội,https://oto.com.vn/mua-ban-xe-suzuki-xl7-ha-noi/xl-7-2022-15-at-43000-km-aidxc23371570
23372209,Suzuki XL7 1.5L 2020,439000000.0,01/10/2025,2020,Máy xăng,MPV,Xe cũ,35500,Số tự động,Nhập khẩu,Thủ Đức - Tp.HCM,https://oto.com.vn/mua-ban-xe-suzuki-xl7-hcm/2020-xe-gia-dinh-ban-odo-36000km-aidxc23372209
23371809,Suzuki XL7 1.5L 2023,515000000.0,30/09/2025,2023,Máy xăng,SUV,Xe cũ,18000,Số tự động,Nhập khẩu,Tp.HCM,https://oto.com.vn/mua-ban-xe-suzuki-xl7-hcm/2023-thuan-xang-luot-15-at-18000-km-aidxc23371809
23368735,Suzuki XL7 1.5L 2022,460000000.0,21/09/2025,2022,Máy xăng,SUV,Xe cũ,95000,Số tự động,Nhập khẩu,Thủ Đức - Tp.HCM,https://oto.com.vn/mua-ban-xe-suzuki-xl7-hcm/xe-dich-vu-bien-so-sg-cho-anh-em-chay-dich-vu-ngay-aidxc23368735
23369773,Suzuki XL7 1.5L 2022,460000000.0,24/09/2025,2022,Máy xăng,MPV,Xe cũ,70000,Số tự động,Nhập khẩu,Thủ Đức - Tp.HCM,https://oto.com.vn/mua-ban-xe-suzuki-xl7-hcm/xe-gia-dinh-can-ban-2022-aidxc23369773
23368774,Suzuki XL7 2021,450000000.0,22/09/2025,2021,Máy xăng,SUV,Xe cũ,800000,Số tự động,Nhập khẩu,Quận 12 - Tp.HCM,https://oto.com.vn/mua-ban-xe-suzuki-xl7-hcm/xl-7-2021-800000-km-aidxc23368774
23370857,Suzuki XL7 GLX 2022,430000000.0,27/09/2025,2022,Máy xăng,MPV,Xe cũ,160000,Số tự động,Nhập khẩu,Tp.HCM,https://oto.com.vn/mua-ban-xe-suzuki-xl7-hcm/xl-7-2022-glx-at-160000-km-aidxc23370857
23371661,Suzuki XL7 GLX 2022,475000000.0,30/09/2025,2022,Máy xăng,SUV,Xe cũ,35000,Số tự động,Nhập khẩu,Bình Tân - Tp.HCM,https://oto.com.vn/mua-ban-xe-suzuki-xl7-hcm/xl-7-2022-glx-at-35000-km-aidxc23371661
23369955,Suzuki XL7 2020,440000000.0,25/09/2025,2020,Máy xăng,SUV,Xe cũ,57000,Số tự động,Nhập khẩu,Quận 1 - Tp.HCM,https://oto.com.vn/mua-ban-xe-suzuki-xl7-hcm/xl-7-dky-2020-su-dung-tot-gia-hop-ly-aidxc23369955
23328837,"Xe tải 2,5 tấn - dưới 5 tấn 2006",205000000.0,02/06/2025,2006,Máy dầu,Xe tải,Xe cũ,200000,Số sàn,Trong nước,Long Biên - Hà Nội,https://oto.com.vn/mua-ban-xe-tai-2.5t-5t-ha-noi/gam-be-ngon-chac-chan-zin-nguyen-khong-hoi-thua-aidxc23328837
23328816,"Xe tải 2,5 tấn - dưới 5 tấn 2006",205000000.0,02/06/2025,2006,Máy dầu,Xe tải,Xe cũ,200000,Số sàn,Trong nước,Hải Dương - Hải Dương,https://oto.com.vn/mua-ban-xe-tai-2.5t-5t-hai-duong/gia-205-trieu-aidxc23328816
23314402,Xe tải Trên 10 tấn 2022,523000000.0,23/04/2025,2022,Máy dầu,Xe tải,Xe cũ,111111,Số sàn,Nhập khẩu,Cầu Giấy - Hà Nội,https://oto.com.vn/mua-ban-xe-tai-tren-10t-ha-noi/ngan-hang-ban-xe-tu-do-cnhtc-2022-aidxc23314402
23319220,Teraco Tera 100 2023,185000000.0,11/07/2025,2023,Máy xăng,Xe tải,Xe cũ,12000,Số sàn,Trong nước,Quế Võ - Bắc Ninh,https://oto.com.vn/mua-ban-xe-teraco-tera-100-bac-ninh/can-ban-xe-tera-aidxc23319220
23334435,Teraco Tera 345SL 2022,250000000.0,20/06/2025,2022,Máy dầu,Xe tải,Xe cũ,10000,Số sàn,Trong nước,Thủ Đức - Tp.HCM,https://oto.com.vn/mua-ban-xe-teraco-tera-345sl-hcm/jupiter-phat-mai-xe-aidxc23334435
23344982,Teraco Tera 350 2024,370000000.0,23/07/2025,2024,Máy dầu,Xe tải,Xe cũ,4000,Số sàn,Trong nước,Đông Anh - Hà Nội,https://oto.com.vn/mua-ban-xe-teraco-tera-350-ha-noi/ban-taraco-tai-35tan-thung-mui-bat-xe-moi-di-4000km-aidxc23344982
23361912,Teraco Tera 350 2022,218000000.0,04/09/2025,2022,Máy dầu,Xe tải,Xe cũ,27000,Số sàn,Trong nước,Cầu Giấy - Hà Nội,https://oto.com.vn/mua-ban-xe-teraco-tera-350-ha-noi/thanh-ly-tai-san-aidxc23361912
23348390,Teraco Tera 350 2023,190000000.0,29/07/2025,2023,Máy dầu,Xe tải,Xe cũ,10000,Số sàn,Trong nước,Thủ Đức - Tp.HCM,https://oto.com.vn/mua-ban-xe-teraco-tera-350-hcm/phat-mai-sieu-re-aidxc23348390
23370732,Thaco TB87S 2017,650000000.0,27/09/2025,2017,Máy dầu,Minibus,Xe cũ,200000,Số sàn,Trong nước,Nha Trang - Khánh Hòa,https://oto.com.vn/mua-ban-xe-thaco-tb87s-khanh-hoa/ban-xe-county-doi-2017-chinh-chu-aidxc23370732
23324938,Thaco Town 2016,20000000.0,23/06/2025,2016,Máy xăng,Xe tải,Xe cũ,111,Số sàn,Trong nước,Thủ Đức - Tp.HCM,https://oto.com.vn/mua-ban-xe-thaco-town-hcm/jupiter-phat-mai-xe-aidxc23324938
23338757,Thaco TOWNER 990 2019,73000000.0,08/09/2025,2019,Máy xăng,Xe tải,Xe cũ,1,Số sàn,Trong nước,Cầu Giấy - Hà Nội,https://oto.com.vn/mua-ban-xe-thaco-towner-ha-noi/jupiter-thanh-ly-aidxc23338757
23335034,TMT 3-5 tấn 2015,100000000.0,23/06/2025,2015,Máy dầu,Xe tải,Xe cũ,20000,Số sàn,Trong nước,Thủ Đức - Tp.HCM,https://oto.com.vn/mua-ban-xe-tmt-3-3-tan-hcm/jupiter-phat-mai-xe-aidxc23335034
23358308,TMT 3-5 tấn ZB5035D 2020,150000000.0,25/08/2025,2020,Máy dầu,Xe tải,Xe cũ,1,Số sàn,Trong nước,Vinh - Nghệ An,https://oto.com.vn/mua-ban-xe-tmt-3-3-tan-nghe-an/jupiter-ban-tai-san-aidxc23358308
22972412,Toyota 4 Runner 2012,1130000000.0,03/06/2025,2012,Máy xăng,SUV,Xe cũ,70000,Số tự động,Nhập khẩu,Nam Từ Liêm - Hà Nội,https://oto.com.vn/mua-ban-xe-toyota-4-runner-ha-noi/gia-huu-nghi-ban-nhanh-aidxc22972412
22958383,Toyota 4 Runner 2013,1590000000.0,03/06/2025,2013,Máy xăng,SUV,Xe cũ,100000,Số tự động,Nhập khẩu,Nam Từ Liêm - Hà Nội,https://oto.com.vn/mua-ban-xe-toyota-4-runner-ha-noi/model-2014-ban-limited-aidxc22958383
22892783,Toyota 4 Runner 2012,1190000000.0,03/06/2025,2012,Máy xăng,SUV,Xe cũ,70000,Số tự động,Nhập khẩu,Nam Từ Liêm - Hà Nội,https://oto.com.vn/mua-ban-xe-toyota-4-runner-ha-noi/trung-son-auto-ban-4runner-cuc-dep-aidxc22892783
23334260,Toyota 4 Runner 2012,1065000000.0,19/06/2025,2012,Máy xăng,N/A,Xe cũ,140000,Số tự động,Nhập khẩu,Phúc Yên - Vĩnh Phúc,https://oto.com.vn/mua-ban-xe-toyota-4-runner-vinh-phuc/xe-chinh-chu-chay-it-nen-con-rat-moi-aidxc23334260
23338222,Toyota Alphard 2013,1299000000.0,06/07/2025,2013,Máy xăng,MPV,Xe cũ,99000,Số tự động,Nhập khẩu,Cái Răng - Cần Thơ,https://oto.com.vn/mua-ban-xe-toyota-alphard-can-tho/xe-nhap-khau-chat-luong-cao-noi-that-sang-trong-aidxc23338222
23366870,Toyota Alphard Executive Lounge 2021,3450000000.0,17/09/2025,2021,Máy xăng,MPV,Xe cũ,50000,Số tự động,Nhập khẩu,Bắc Từ Liêm - Hà Nội,https://oto.com.vn/mua-ban-xe-toyota-alphard-ha-noi/da-do-len-lm350-aidxc23366870
23364419,Toyota Alphard Executive Lounge 2023,4686000000.0,11/09/2025,2023,Máy xăng,MPV,Xe cũ,10000,Số tự động,Nhập khẩu,Hà Nội,https://oto.com.vn/mua-ban-xe-toyota-alphard-ha-noi/excutive-lounge-cu-luot-2023-aidxc23364419
23358061,Toyota Alphard Executive Lounge 2023,4686000000.0,25/08/2025,2023,Máy xăng,MPV,Xe cũ,10000,Số tự động,Nhập khẩu,Ba Đình - Hà Nội,https://oto.com.vn/mua-ban-xe-toyota-alphard-ha-noi/executive-lounge-2023-aidxc23358061
23369758,Toyota Alphard Executive Lounge 2019,2999000000.0,24/09/2025,2019,Máy xăng,Van/Minivan,Xe cũ,83008,Số tự động,Nhập khẩu,Long Biên - Hà Nội,https://oto.com.vn/mua-ban-xe-toyota-alphard-ha-noi/mau-den-noi-that-den-gia-29x-ty-dong-aidxc23369758
23362819,Toyota Alphard Executive Lounge 2019,2979000000.0,06/09/2025,2019,Máy xăng,MPV,Xe cũ,62000,Số tự động,Nhập khẩu,Gò Vấp - Tp.HCM,https://oto.com.vn/mua-ban-xe-toyota-alphard-hcm/ban-execcutive-lounge-2019-xe-luot-bao-check-hang-aidxc23362819
23366087,Toyota Alphard 2022,4638000000.0,15/09/2025,2022,Máy xăng,N/A,Xe cũ,35000,Số tự động,Nhập khẩu,Quận 7 - Tp.HCM,https://oto.com.vn/mua-ban-xe-toyota-alphard-hcm/bao-dau-bank-70-90-ib-zalo-tu-van-truc-tiep-247-aidxc23366087
23357732,Toyota Alphard Executive Lounge 2019,2999000000.0,24/08/2025,2019,Máy xăng,MPV,Xe cũ,83333,Số tự động,Nhập khẩu,Quận 7 - Tp.HCM,https://oto.com.vn/mua-ban-xe-toyota-alphard-hcm/chiec-xe-ly-tuong-cho-doanh-nhan-va-gia-dinh-lon-aidxc23357732
23367992,Toyota Alphard Executive Lounge 2023,4638000000.0,19/09/2025,2023,Máy xăng,MPV,Xe cũ,35000,Số tự động,Nhập khẩu,Quận 7 - Tp.HCM,https://oto.com.vn/mua-ban-xe-toyota-alphard-hcm/chuyen-co-mat-dat-voi-thiet-ke-sang-trong-aidxc23367992
23326524,Toyota Alphard Executive Lounge 2020,3200000000.0,23/05/2025,2020,Máy xăng,MPV,Xe cũ,29000,Số tự động,Nhập khẩu,Gò Vấp - Tp.HCM,https://oto.com.vn/mua-ban-xe-toyota-alphard-hcm/executive-lounge-model-2020-aidxc23326524
23333294,Toyota Alphard Executive Lounge 2020,3150000000.0,17/07/2025,2020,Máy xăng,MPV,Xe cũ,29000,Số tự động,Nhập khẩu,Gò Vấp - Tp.HCM,https://oto.com.vn/mua-ban-xe-toyota-alphard-hcm/executive-lounge-model-2020-aidxc23333294
23370959,Toyota Alphard Executive Lounge 2021,3590000000.0,27/09/2025,2021,Máy xăng,MPV,Xe cũ,21000,Số tự động,Nhập khẩu,Quận 8 - Tp.HCM,https://oto.com.vn/mua-ban-xe-toyota-alphard-hcm/executive-lounge-model-2022-odo-21k-aidxc23370959
23330312,Toyota Alphard Executive Lounge 2020,3050000000.0,08/06/2025,2020,Máy xăng,MPV,Xe cũ,50000,Số tự động,Nhập khẩu,Quận 10 - Tp.HCM,https://oto.com.vn/mua-ban-xe-toyota-alphard-hcm/nha-trum-men-khong-chay-cuc-moi-1-doi-chu-fulloption-may-35-chay-cuc-phe-toan-bo-zin-theo-xe-aidxc23330312
23357227,Toyota Alphard Executive Lounge 2019,2999000000.0,23/09/2025,2019,Máy xăng,MPV,Xe cũ,82000,Số tự động,Nhập khẩu,Quận 7 - Tp.HCM,https://oto.com.vn/mua-ban-xe-toyota-alphard-hcm/tiet-kiem-ngay-50-chat-xe-chuan-khong-loi-aidxc23357227
23349599,Toyota Alphard Executive Lounge 2020,2990000000.0,09/09/2025,2020,Máy xăng,MPV,Xe cũ,67000,Số tự động,Nhập khẩu,Quận 10 - Tp.HCM,https://oto.com.vn/mua-ban-xe-toyota-alphard-hcm/xe-nha-trum-men-khong-chay-cuc-moi-1-doi-chu-may-35-chay-cuc-phe-fulloption-toan-bo-zin-theo-xe-aidxc23349599
23016829,Toyota Avalon 2014,1160000000.0,03/06/2025,2014,Máy xăng,Sedan,Xe cũ,50000,Số tự động,Nhập khẩu,Nam Từ Liêm - Hà Nội,https://oto.com.vn/mua-ban-xe-toyota-avalon-ha-noi/25-hybrid-limited-sx-2014-aidxc23016829
23364370,Toyota Avalon 2.5 Limited Hybrid 2014,1150000000.0,11/09/2025,2014,Hybrid,Sedan,Xe cũ,70000,Số tự động,Nhập khẩu,Nam Từ Liêm - Hà Nội,https://oto.com.vn/mua-ban-xe-toyota-avalon-ha-noi/mau-sedan-cao-cap-noi-that-nguyen-ban-aidxc23364370
23014193,Toyota Avalon 2008,430000000.0,07/05/2025,2008,Máy xăng,Sedan,Xe cũ,110000,Số tự động,Nhập khẩu,Nam Từ Liêm - Hà Nội,https://oto.com.vn/mua-ban-xe-toyota-avalon-ha-noi/v6-35-linited-aidxc23014193
23360607,Toyota Avalon XL 3.5 2007,350000000.0,30/08/2025,2007,Máy xăng,Sedan,Xe cũ,150000,Số tự động,Nhập khẩu,Nam Từ Liêm - Hà Nội,https://oto.com.vn/mua-ban-xe-toyota-avalon-ha-noi/xe-sedan-rong-rai-em-ai-phu-hop-gia-dinh-aidxc23360607
23360243,Toyota Avalon 2.5 Limited Hybrid 2014,1100000000.0,29/08/2025,2014,Máy xăng,Sedan,Xe cũ,60000,Số tự động,Nhập khẩu,Nam Từ Liêm - Hà Nội,https://oto.com.vn/mua-ban-xe-toyota-avalon-ha-noi/xuat-my-sieu-dep-aidxc23360243
23364215,Toyota Avalon XL 3.5 2006,345000000.0,11/09/2025,2006,Máy xăng,Sedan,Xe cũ,132000,Số tự động,Nhập khẩu,Tp.HCM,https://oto.com.vn/mua-ban-xe-toyota-avalon-hcm/2006-xl-35-xe-chuan-dep-khong-loi-aidxc23364215
23368559,Toyota Avanza 1.5 AT 2019,385000000.0,21/09/2025,2019,Máy xăng,N/A,Xe cũ,120000,Số tự động,N/A,Bắc Ninh,https://oto.com.vn/mua-ban-xe-toyota-avanza-bac-ninh/2019-so-tu-dong-tai-aidxc23368559
23335088,Toyota Avanza 1.3 MT 2019,335000000.0,24/07/2025,2019,Máy xăng,MPV,Xe cũ,80000,Số sàn,Trong nước,Thuận An - Bình Dương,https://oto.com.vn/mua-ban-xe-toyota-avanza-binh-duong/ho-tro-tra-gop-65-gia-tri-xe-aidxc23335088
23368932,Toyota Avanza 2023,450000000.0,22/09/2025,2023,Máy xăng,N/A,Xe cũ,80000,Số tự động,Trong nước,Plei Ku - Gia Lai,https://oto.com.vn/mua-ban-xe-toyota-avanza-gia-lai/gia-re-can-ban-gap-aidxc23368932
23335012,Toyota Avanza 1.5 AT 2022,475000000.0,23/06/2025,2022,Máy xăng,MPV,Xe cũ,50000,Số tự động,Nhập khẩu,Cầu Giấy - Hà Nội,https://oto.com.vn/mua-ban-xe-toyota-avanza-ha-noi/lop-zin-theo-xe-aidxc23335012
23328738,Toyota Avanza 1.3 MT 2023,445000000.0,31/05/2025,2023,Máy xăng,MPV,Xe cũ,40000,Số sàn,Trong nước,Thanh Xuân - Hà Nội,https://oto.com.vn/mua-ban-xe-toyota-avanza-ha-noi/xe-gia-dinh-7-cho-tiet-kiem-nhien-lieu-aidxc23328738
23328217,Toyota Avanza 1.5 AT 2024,569000000.0,29/05/2025,2024,Máy xăng,MPV,Xe cũ,11900,Số tự động,Trong nước,Quận 8 - Tp.HCM,https://oto.com.vn/mua-ban-xe-toyota-avanza-hcm/1-chu-mua-moi-odo-chuan-11900km-aidxc23328217
23369180,Toyota Avanza 1.3 MT 2022,420000000.0,23/09/2025,2022,Máy xăng,MPV,Xe cũ,77777,Số sàn,Nhập khẩu,Tp.HCM,https://oto.com.vn/mua-ban-xe-toyota-avanza-hcm/2022-mt-77777-km-aidxc23369180
23367965,Toyota Avanza 1.3 MT 2022,420000000.0,19/09/2025,2022,Máy xăng,MPV,Xe cũ,850000,Số sàn,Nhập khẩu,Tp.HCM,https://oto.com.vn/mua-ban-xe-toyota-avanza-hcm/2022-mt-850000-km-aidxc23367965
23366753,Toyota Avanza 1.5 AT 2022,460000000.0,17/09/2025,2022,Máy xăng,MPV,Xe cũ,60000,Số tự động,Nhập khẩu,Tp.HCM,https://oto.com.vn/mua-ban-xe-toyota-avanza-hcm/ban-tu-dong-2022-xe-gia-dinh-chu-di-ky-aidxc23366753
23324197,Toyota Avanza 1.5 AT 2023,495000000.0,28/07/2025,2023,Máy xăng,N/A,Xe cũ,68000,Số tự động,Trong nước,Hóc Môn - Tp.HCM,https://oto.com.vn/mua-ban-xe-toyota-avanza-hcm/cap-ben-san-1-em-khach-hang-lien-he-truc-tiep-xem-xe-aidxc23324197
23368087,Toyota Avanza 1.3 MT 2023,450000000.0,19/09/2025,2023,Máy xăng,MPV,Xe cũ,72000,Số sàn,Trong nước,Tân Bình - Tp.HCM,https://oto.com.vn/mua-ban-xe-toyota-avanza-hcm/mt-2023-gia-thuong-luong-aidxc23368087
23367818,Toyota Avanza 1.5 AT 2022,465000000.0,19/09/2025,2022,Máy xăng,MPV,Xe cũ,60649,Số tự động,Nhập khẩu,Thủ Đức - Tp.HCM,https://oto.com.vn/mua-ban-xe-toyota-avanza-hcm/premio-2022-cvt-chat-xe-dep-xe-con-giam-aidxc23367818
23367343,Toyota Avanza 1.5 AT 2022,459000000.0,18/09/2025,2022,Máy xăng,MPV,Xe cũ,60000,Số tự động,Nhập khẩu,Thủ Đức - Tp.HCM,https://oto.com.vn/mua-ban-xe-toyota-avanza-hcm/tu-dong-2022-ht-vay-70-gia-con-giam-aidxc23367343
23366348,Toyota Avanza 1.5 AT 2022,465000000.0,16/09/2025,2022,Máy xăng,MPV,Xe cũ,65000,Số tự động,Nhập khẩu,Hóc Môn - Tp.HCM,https://oto.com.vn/mua-ban-xe-toyota-avanza-hcm/xe-con-dep-nhu-moi-aidxc23366348
23372016,Toyota Avanza 2022,379000000.0,01/10/2025,2022,Máy xăng,MPV,Xe cũ,N/A,Số sàn,N/A,Kiên Giang,https://oto.com.vn/mua-ban-xe-toyota-avanza-kien-giang/2022-so-san-tai-aidxc23372016
23363668,Toyota Avanza Premio 1.5 MT 2022,420000000.0,10/09/2025,2022,Máy xăng,MPV,Xe cũ,83000,Số sàn,Nhập khẩu,Bình Định,https://oto.com.vn/mua-ban-xe-toyota-avanza-premio-binh-dinh/2022-mt-83000-km-aidxc23363668
23367338,Toyota Avanza Premio 1.5 CVT 2022,460000000.0,18/09/2025,2022,Máy xăng,MPV,Xe cũ,60649,Số tự động,Nhập khẩu,Hà Nội,https://oto.com.vn/mua-ban-xe-toyota-avanza-premio-ha-noi/2022-cvt-60649-km-aidxc23367338
23367067,Toyota Avanza Premio 1.5 CVT 2023,331000000.0,17/09/2025,2023,Máy xăng,MPV,Xe cũ,73867,Số tự động,Trong nước,Cầu Giấy - Hà Nội,https://oto.com.vn/mua-ban-xe-toyota-avanza-premio-ha-noi/jupiter-phat-mai-tai-san-aidxc23367067
23366750,Toyota Avanza Premio 1.5 CVT 2022,470000000.0,17/09/2025,2022,Máy xăng,MPV,Xe cũ,60600,Số tự động,Nhập khẩu,An Dương - Hải Phòng,https://oto.com.vn/mua-ban-xe-toyota-avanza-premio-hai-phong/2022-cvt-60600-km-aidxc23366750
23366804,Toyota Avanza Premio 1.5 CVT 2022,450000000.0,17/09/2025,2022,Máy xăng,MPV,Xe cũ,100000,Số tự động,Nhập khẩu,Hậu Giang,https://oto.com.vn/mua-ban-xe-toyota-avanza-premio-hau-giang/2022-cvt-so-tu-dong-aidxc23366804
23368229,Toyota Avanza Premio 1.5 MT 2023,450000000.0,20/09/2025,2023,Máy xăng,MPV,Xe cũ,72400,Số sàn,Trong nước,Tp.HCM,https://oto.com.vn/mua-ban-xe-toyota-avanza-premio-hcm/15mt-2023-xe-hang-ban-aidxc23368229
23365098,Toyota Avanza Premio 2022,400000000.0,13/09/2025,2022,Máy xăng,MPV,Xe cũ,50000,Số tự động,Nhập khẩu,Tp.HCM,https://oto.com.vn/mua-ban-xe-toyota-avanza-premio-hcm/2022-50000-km-aidxc23365098
23368539,Toyota Avanza Premio 1.5 CVT 2022,485000000.0,21/09/2025,2022,Máy xăng,MPV,Xe cũ,130000,Số tự động,Nhập khẩu,Tp.HCM,https://oto.com.vn/mua-ban-xe-toyota-avanza-premio-hcm/2022-cvt-130000-km-aidxc23368539
23362308,Toyota Avanza Premio 1.5 CVT 2022,409000000.0,05/09/2025,2022,Máy xăng,MPV,Xe cũ,146000,Số tự động,Trong nước,Tp.HCM,https://oto.com.vn/mua-ban-xe-toyota-avanza-premio-hcm/2022-cvt-146000-km-aidxc23362308
23368704,Toyota Avanza Premio 1.5 CVT 2022,465000000.0,21/09/2025,2022,Máy xăng,MPV,Xe cũ,46000,Số tự động,Nhập khẩu,Tp.HCM,https://oto.com.vn/mua-ban-xe-toyota-avanza-premio-hcm/2022-cvt-46000-km-aidxc23368704
23366923,Toyota Avanza Premio 1.5 CVT 2022,460000000.0,17/09/2025,2022,Máy xăng,MPV,Xe cũ,60000,Số tự động,Trong nước,Tp.HCM,https://oto.com.vn/mua-ban-xe-toyota-avanza-premio-hcm/2022-cvt-60000-km-aidxc23366923
23368777,Toyota Avanza Premio 1.5 MT 2022,440000000.0,22/09/2025,2022,Máy xăng,MPV,Xe cũ,80000,Số sàn,Nhập khẩu,Tp.HCM,https://oto.com.vn/mua-ban-xe-toyota-avanza-premio-hcm/2022-mt-80000-km-aidxc23368777
23367389,Toyota Avanza Premio 1.5 CVT 2022,470000000.0,18/09/2025,2022,Máy xăng,MPV,Xe cũ,60600,Số tự động,Nhập khẩu,Thủ Đức - Tp.HCM,https://oto.com.vn/mua-ban-xe-toyota-avanza-premio-hcm/2022-so-tu-dong-mau-trang-aidxc23367389
23367659,Toyota Avanza Premio 1.5 CVT 2023,485000000.0,18/09/2025,2023,Máy xăng,MPV,Xe cũ,83000,Số tự động,Trong nước,Tp.HCM,https://oto.com.vn/mua-ban-xe-toyota-avanza-premio-hcm/2023-cvtxe-kinh-doanh-gia-tl-aidxc23367659
23367095,Toyota Avanza Premio 1.5 MT 2023,410000000.0,17/09/2025,2023,Máy xăng,MPV,Xe cũ,54000,Số sàn,Trong nước,Tp.HCM,https://oto.com.vn/mua-ban-xe-toyota-avanza-premio-hcm/2023-mt-54000-km-aidxc23367095
23365640,Toyota Aygo 1.0 AT 2011,185000000.0,14/09/2025,2011,Máy xăng,Hatchback,Xe cũ,16000,Số tự động,Nhập khẩu,Hà Nội,https://oto.com.vn/mua-ban-xe-toyota-aygo-ha-noi/2011-16000-km-aidxc23365640
23368666,Toyota Camry 2.5G 2015,490000000.0,21/09/2025,2015,Máy xăng,Sedan,Xe cũ,70000,Số tự động,Trong nước,Dĩ An - Bình Dương,https://oto.com.vn/mua-ban-xe-toyota-camry-binh-duong/can-ban-xe-gia-dinh-2015-25-g-aidxc23368666
23334995,Toyota Camry 2.5Q 2020,809000000.0,16/09/2025,2020,Máy xăng,Sedan,Xe cũ,69000,Số tự động,Nhập khẩu,Dĩ An - Bình Dương,https://oto.com.vn/mua-ban-xe-toyota-camry-binh-duong/xe-luot-it-su-dung-gia-cuc-tot-aidxc23334995
23372496,Toyota Camry 2.0G 2021,780000000.0,02/10/2025,2021,Máy xăng,Sedan,Xe cũ,90000,Số tự động,Nhập khẩu,Bình Phước,https://oto.com.vn/mua-ban-xe-toyota-camry-binh-phuoc/2021-90000-km-aidxc23372496
23372417,Toyota Camry 2.4G 2004,179000000.0,02/10/2025,2004,Máy xăng,Sedan,Xe cũ,178366,Số sàn,Nhập khẩu,Cần Thơ,https://oto.com.vn/mua-ban-xe-toyota-camry-can-tho/2004-24g-sieu-cop-aidxc23372417
23369539,Toyota Camry 2.5G 2013,460000000.0,24/09/2025,2013,Máy xăng,Sedan,Xe cũ,120000,Số tự động,Trong nước,Đồng Nai,https://oto.com.vn/mua-ban-xe-toyota-camry-dong-nai/2013-25g-120000-km-aidxc23369539
23369435,Toyota Camry 2.4G 2007,235000000.0,23/09/2025,2007,Máy xăng,Sedan,Xe cũ,110000,Số tự động,Nhập khẩu,Hà Nội,https://oto.com.vn/mua-ban-xe-toyota-camry-ha-noi/2007-24g-110000-km-aidxc23369435
23372212,Toyota Camry 2.5G 2015,535000000.0,01/10/2025,2015,Máy xăng,Sedan,Xe cũ,150000,Số tự động,Trong nước,Cầu Giấy - Hà Nội,https://oto.com.vn/mua-ban-xe-toyota-camry-ha-noi/2015-ban-25g-dinh-cao-sedan-hang-d-ben-bi-sang-trong-kho-cuong-aidxc23372212
23346356,Toyota Camry 2.5Q 2020,865000000.0,04/09/2025,2020,Máy xăng,Sedan,Xe cũ,80000,Số tự động,Trong nước,Tây Hồ - Hà Nội,https://oto.com.vn/mua-ban-xe-toyota-camry-ha-noi/cap-ben-san-1-em-bao-zin-aidxc23346356
23370546,Toyota Camry 2.0G 2020,769000000.0,26/09/2025,2020,Máy xăng,Sedan,Xe cũ,60000,Số tự động,Trong nước,Cầu Giấy - Hà Nội,https://oto.com.vn/mua-ban-xe-toyota-camry-ha-noi/chat-chu-tich-aidxc23370546
23366418,Toyota Camry 2.0E 2013,419000000.0,16/09/2025,2013,Máy xăng,Sedan,Xe cũ,141000,Số tự động,Trong nước,Cầu Giấy - Hà Nội,https://oto.com.vn/mua-ban-xe-toyota-camry-ha-noi/gia-tot-sang-ten-ngay-xe-chu-di-giu-gin-aidxc23366418
23372195,Toyota Camry LE 2.4 2007,268000000.0,01/10/2025,2007,Máy xăng,Sedan,Xe cũ,10,Số tự động,Nhập khẩu,Nam Từ Liêm - Hà Nội,https://oto.com.vn/mua-ban-xe-toyota-camry-ha-noi/le-24-2007-aidxc23372195
23370956,Toyota Camry 2.5Q 2020,870000000.0,27/09/2025,2020,Máy xăng,Sedan,Xe cũ,10568,Số tự động,Nhập khẩu,Hà Đông - Hà Nội,https://oto.com.vn/mua-ban-xe-toyota-camry-ha-noi/nguyen-ban-az-chinh-1-chu-lich-su-hang-day-du-bao-check-test-tq-aidxc23370956
23364960,Toyota Camry 2.0G 2021,835000000.0,12/09/2025,2021,Máy xăng,Sedan,Xe cũ,20000,Số tự động,Trong nước,Cầu Giấy - Hà Nội,https://oto.com.vn/mua-ban-xe-toyota-camry-ha-noi/odo-2-van-km-aidxc23364960
23358337,Toyota Camry 2.0Q 2022,1029000000.0,25/09/2025,2022,Máy xăng,Sedan,Xe cũ,28000,Số tự động,Trong nước,Tây Hồ - Hà Nội,https://oto.com.vn/mua-ban-xe-toyota-camry-ha-noi/sieu-chat-aidxc23358337
23370089,Toyota Camry 2.5G 2009,420000000.0,25/09/2025,2009,Máy xăng,Sedan,Xe cũ,156000,Số tự động,Nhập khẩu,Cầu Giấy - Hà Nội,https://oto.com.vn/mua-ban-xe-toyota-camry-ha-noi/sieu-hiem-aidxc23370089
23372358,Toyota Camry 2.4G 2011,345000000.0,02/10/2025,2011,Máy xăng,Sedan,Xe cũ,150000,Số tự động,Trong nước,Thanh Xuân - Hà Nội,https://oto.com.vn/mua-ban-xe-toyota-camry-ha-noi/xe-cu-chat-luong-van-hanh-em-ai-aidxc23372358
23338611,Toyota Camry 2.5Q 2016,628000000.0,09/09/2025,2016,Máy xăng,Sedan,Xe cũ,118000,Số tự động,Trong nước,Cầu Giấy - Hà Nội,https://oto.com.vn/mua-ban-xe-toyota-camry-ha-noi/xe-dep-bien-sieu-luot-aidxc23338611
23364958,Toyota Camry 2.5Q 2022,1150000000.0,12/09/2025,2022,Máy xăng,Sedan,Xe cũ,32000,Số tự động,Trong nước,Cầu Giấy - Hà Nội,https://oto.com.vn/mua-ban-xe-toyota-camry-ha-noi/xe-dep-chu-giu-gin-khong-dam-dung-aidxc23364958
23366491,Toyota Camry 2.0G 2023,765000000.0,16/09/2025,2023,Máy xăng,Sedan,Xe cũ,60000,Số tự động,Trong nước,Bắc Từ Liêm - Hà Nội,https://oto.com.vn/mua-ban-xe-toyota-camry-ha-noi/xe-dep-full-lich-su-hang-aidxc23366491
23361766,Toyota Camry 2.0E 2013,436000000.0,04/09/2025,2013,Máy xăng,Sedan,Xe cũ,128000,Số tự động,Trong nước,Cầu Giấy - Hà Nội,https://oto.com.vn/mua-ban-xe-toyota-camry-ha-noi/xe-dep-xuat-sac-chu-di-cuc-giu-gin-aidxc23361766
23372431,Toyota Camry 3.5Q 2011,420000000.0,02/10/2025,2011,Máy xăng,Sedan,Xe cũ,93614,Số tự động,Trong nước,Tp.HCM,https://oto.com.vn/mua-ban-xe-toyota-camry-hcm/2011-35q-93614-km-aidxc23372431
23369387,Toyota Camry 2.0E 2018,690000000.0,23/09/2025,2018,Máy xăng,Sedan,Xe cũ,50000,Số tự động,Nhập khẩu,Tp.HCM,https://oto.com.vn/mua-ban-xe-toyota-camry-hcm/2018-20e-50000-km-aidxc23369387
23369525,Toyota Camry 2.0G 2021,785000000.0,24/09/2025,2021,Máy xăng,Sedan,Xe cũ,N/A,Số tự động,N/A,Tp.HCM,https://oto.com.vn/mua-ban-xe-toyota-camry-hcm/2021-tai-tp-aidxc23369525
23370731,Toyota Camry 2.5Q 2022,1165000000.0,26/09/2025,2022,Máy xăng,Sedan,Xe cũ,9000,Số tự động,Trong nước,Quận 6 - Tp.HCM,https://oto.com.vn/mua-ban-xe-toyota-camry-hcm/25q-2022-sieu-luot-9000km-aidxc23370731
23363945,Toyota Camry 2.0E 2014,439000000.0,10/09/2025,2014,Máy xăng,Sedan,Xe cũ,135000,Số tự động,Nhập khẩu,Quận 9 - Tp.HCM,https://oto.com.vn/mua-ban-xe-toyota-camry-hcm/439-trieu-co-thuong-luong-voi-khach-thien-chi-aidxc23363945
23372223,Toyota Camry 2.5Q 2019,805000000.0,01/10/2025,2019,Máy xăng,Sedan,Xe cũ,90000,Số tự động,Nhập khẩu,Bình Thạnh - Tp.HCM,https://oto.com.vn/mua-ban-xe-toyota-camry-hcm/90000km-aidxc23372223
23346509,Toyota Camry 2.5Q 2022,1179000000.0,29/09/2025,2022,Máy xăng,Sedan,Xe cũ,14000,Số tự động,Nhập khẩu,Tân An - Long An,https://oto.com.vn/mua-ban-xe-toyota-camry-long-an/xe-luot-dep-gia-tot-aidxc23346509
23372534,Toyota Camry 3.0V 2002,145000000.0,02/10/2025,2002,Máy xăng,Sedan,Xe cũ,220000,Số tự động,Trong nước,Tiền Giang,https://oto.com.vn/mua-ban-xe-toyota-camry-tien-giang/2002-grande-30v-220000-km-aidxc23372534
23359096,Toyota Corolla Altis 1.8 G 2009,280000000.0,28/09/2025,2009,Máy xăng,Sedan,Xe cũ,107000,Số tự động,Trong nước,Quy Nhơn - Bình Định,https://oto.com.vn/mua-ban-xe-toyota-corolla-altis-binh-dinh/moi-bao-duong-aidxc23359096
23371715,Toyota Corolla Altis 1.8G CVT 2021,635000000.0,30/09/2025,2021,Máy xăng,Sedan,Xe cũ,6000,Số tự động,Nhập khẩu,Đồng Nai,https://oto.com.vn/mua-ban-xe-toyota-corolla-altis-dong-nai/2021-18g-cvt-6000-km-aidxc23371715
23371202,Toyota Corolla Altis 1.8G CVT 2016,410000000.0,28/09/2025,2016,Máy xăng,Sedan,Xe cũ,110000,Số tự động,Nhập khẩu,Hà Nội,https://oto.com.vn/mua-ban-xe-toyota-corolla-altis-ha-noi/2016-18g-at-110000-km-aidxc23371202
23369661,Toyota Corolla Altis 1.8 G 2009,285000000.0,24/09/2025,2009,Máy xăng,Sedan,Xe cũ,93500,Số tự động,Trong nước,Hà Nội,https://oto.com.vn/mua-ban-xe-toyota-corolla-altis-ha-noi/altis-18-2009-9v3-sieu-dep-aidxc23369661
23363418,Toyota Corolla Altis 1.8 G 2021,608000000.0,09/09/2025,2021,Máy xăng,Sedan,Xe cũ,40000,Số tự động,Trong nước,Cầu Giấy - Hà Nội,https://oto.com.vn/mua-ban-xe-toyota-corolla-altis-ha-noi/altis-18g-2021-den-bong-gia-cuc-tot-aidxc23363418
23372228,Toyota Corolla Altis 1.8 G 2010,268000000.0,02/10/2025,2010,Máy xăng,Sedan,Xe cũ,170000,Số tự động,Trong nước,Hoàng Mai - Hà Nội,https://oto.com.vn/mua-ban-xe-toyota-corolla-altis-ha-noi/ban-xe-18g-san-xuat-nam-2010-ten-tu-nhan-bien-goc-aidxc23372228
23351693,Toyota Corolla Altis 1.8 G 2017,460000000.0,11/09/2025,2017,Máy xăng,Sedan,Xe cũ,120000,Số tự động,Trong nước,Hà Đông - Hà Nội,https://oto.com.vn/mua-ban-xe-toyota-corolla-altis-ha-noi/can-ban-xe-dep-check-test-thoai-mai-aidxc23351693
23362498,Toyota Corolla Altis 1.8 G 2011,355000000.0,05/09/2025,2011,Máy xăng,Sedan,Xe cũ,130000,Số tự động,Trong nước,Thanh Xuân - Hà Nội,https://oto.com.vn/mua-ban-xe-toyota-corolla-altis-ha-noi/corola-altis-18g-2011-aidxc23362498
23354906,Toyota Corolla Altis 2.0V Sport 2017,486000000.0,19/09/2025,2017,Máy xăng,Sedan,Xe cũ,80000,Số tự động,Trong nước,Cầu Giấy - Hà Nội,https://oto.com.vn/mua-ban-xe-toyota-corolla-altis-ha-noi/fom-moi-2018-dep-xuat-sac-aidxc23354906
23366435,Toyota Corolla Altis 1.8 G 2016,466000000.0,16/09/2025,2016,Máy xăng,Sedan,Xe cũ,119000,Số tự động,Trong nước,Cầu Giấy - Hà Nội,https://oto.com.vn/mua-ban-xe-toyota-corolla-altis-ha-noi/full-lich-su-hang-gia-tot-aidxc23366435
23369481,Toyota Corolla Altis 1.8 G 2016,319000000.0,23/09/2025,2016,Máy xăng,Sedan,Xe cũ,138000,Số sàn,Trong nước,Cầu Giấy - Hà Nội,https://oto.com.vn/mua-ban-xe-toyota-corolla-altis-ha-noi/gia-tot-thuong-luong-aidxc23369481
23353872,Toyota Corolla Altis 1.8 G 2016,475000000.0,17/09/2025,2016,Máy xăng,Sedan,Xe cũ,35000,Số tự động,Trong nước,Nam Từ Liêm - Hà Nội,https://oto.com.vn/mua-ban-xe-toyota-corolla-altis-ha-noi/odo-chuan-35-van-km-sieu-pham-aidxc23353872
23350746,Toyota Corolla Altis 2014,415000000.0,10/09/2025,2014,Máy xăng,N/A,Xe cũ,180000,Số tự động,Trong nước,Ba Đình - Hà Nội,https://oto.com.vn/mua-ban-xe-toyota-corolla-altis-ha-noi/xe-1-chu-mua-moi-tu-dau-bao-check-aidxc23350746
23341719,Toyota Corolla Altis 1.8E CVT 2017,456000000.0,16/09/2025,2017,Máy xăng,N/A,Xe cũ,86000,Số tự động,Trong nước,Cầu Giấy - Hà Nội,https://oto.com.vn/mua-ban-xe-toyota-corolla-altis-ha-noi/xe-1-chu-tu-moi-aidxc23341719
23341720,Toyota Corolla Altis 1.8 G 2016,466000000.0,16/09/2025,2016,Máy xăng,Sedan,Xe cũ,119000,Số tự động,Trong nước,Cầu Giấy - Hà Nội,https://oto.com.vn/mua-ban-xe-toyota-corolla-altis-ha-noi/xe-dep-full-lich-su-hang-aidxc23341720
23369516,Toyota Corolla Altis 2017,480000000.0,24/09/2025,2017,Máy xăng,Sedan,Xe cũ,119000,Số tự động,Nhập khẩu,Tp.HCM,https://oto.com.vn/mua-ban-xe-toyota-corolla-altis-hcm/2017-119000-km-aidxc23369516
23372250,Toyota Corolla Altis 1.8G CVT 2018,550000000.0,02/10/2025,2018,Máy xăng,Sedan,Xe cũ,60000,Số tự động,Nhập khẩu,Tp.HCM,https://oto.com.vn/mua-ban-xe-toyota-corolla-altis-hcm/2018-18g-at-60000-km-aidxc23372250
23372222,Toyota Corolla Altis 1.8 G 2019,485000000.0,01/10/2025,2019,Máy xăng,Sedan,Xe cũ,68000,Số tự động,Trong nước,Bình Thạnh - Tp.HCM,https://oto.com.vn/mua-ban-xe-toyota-corolla-altis-hcm/68000km-aidxc23372222
23363288,Toyota Corolla Altis 2.0V 2015,450000000.0,09/09/2025,2015,Máy xăng,Sedan,Xe cũ,115000,Số tự động,Trong nước,Quận 2 - Tp.HCM,https://oto.com.vn/mua-ban-xe-toyota-corolla-altis-hcm/len-doi-can-ban-xe-altis-29b-doi-2015-aidxc23363288
23353500,Toyota Corolla Altis 1.8 G 2016,445000000.0,12/09/2025,2016,Máy xăng,Sedan,Xe cũ,110000,Số tự động,Trong nước,Thủ Đức - Tp.HCM,https://oto.com.vn/mua-ban-xe-toyota-corolla-altis-hcm/xe-chinh-chu-1-doi-chu-aidxc23353500
23364554,Toyota Corolla Altis 2.0V 2014,370000000.0,11/09/2025,2014,Máy xăng,Sedan,Xe cũ,120000,Số tự động,Trong nước,Khoái Châu - Hưng Yên,https://oto.com.vn/mua-ban-xe-toyota-corolla-altis-hung-yen/xe-tu-nhan-dep-tat-nang-may-so-keo-chi-zin-tuyet-doi-noi-ngoai-tha-aidxc23364554
23371538,Toyota Corolla Altis 2.0V 2014,370000000.0,29/09/2025,2014,Máy xăng,Sedan,Xe cũ,120000,Số tự động,Trong nước,Khoái Châu - Hưng Yên,https://oto.com.vn/mua-ban-xe-toyota-corolla-altis-hung-yen/xe-tu-nhan-dep-tat-nang-may-so-keo-chi-zin-tuyet-doi-noi-ngoai-tha-aidxc23371538
23371329,Toyota Corolla Altis 2003,125000000.0,29/09/2025,2003,Máy xăng,Sedan,Xe cũ,30000,Số sàn,Trong nước,Quảng Nam,https://oto.com.vn/mua-ban-xe-toyota-corolla-altis-quang-nam/2003-13-mt-30000-km-aidxc23371329
23371909,Toyota Corolla Cross 1.8 V 2021,660000000.0,01/10/2025,2021,Máy xăng,Crossover,Xe cũ,40000,Số tự động,Nhập khẩu,Bà Rịa Vũng Tàu,https://oto.com.vn/mua-ban-xe-toyota-corolla-cross-ba-ria-vung-tau/2021-18v-40000-km-aidxc23371909
23371718,Toyota Corolla Cross 1.8 G 2022,690000000.0,30/09/2025,2022,Máy xăng,SUV,Xe cũ,13000,Số tự động,Nhập khẩu,Đồng Nai,https://oto.com.vn/mua-ban-xe-toyota-corolla-cross-dong-nai/2022-18g-13000-km-aidxc23371718
23371773,Toyota Corolla Cross 1.8 V 2023,760000000.0,30/09/2025,2023,Máy xăng,N/A,Xe cũ,19695,Số tự động,N/A,Hà Nội,https://oto.com.vn/mua-ban-xe-toyota-corolla-cross-ha-noi/2023-aidxc23371773
23358114,Toyota Corolla Cross 1.8 V 2021,675000000.0,25/09/2025,2021,Máy xăng,Crossover,Xe cũ,72000,Số tự động,Trong nước,Nam Từ Liêm - Hà Nội,https://oto.com.vn/mua-ban-xe-toyota-corolla-cross-ha-noi/bh-chinh-hang-sure-aidxc23358114
23356341,Toyota Corolla Cross 1.8 V 2024,789000000.0,24/09/2025,2024,Máy xăng,SUV,Xe cũ,8000,Số tự động,Trong nước,Cầu Giấy - Hà Nội,https://oto.com.vn/mua-ban-xe-toyota-corolla-cross-ha-noi/chay-chuan-8000-km-aidxc23356341
23319918,Toyota Corolla Cross 1.8 V 2021,688000000.0,12/09/2025,2021,Máy xăng,SUV,Xe cũ,50000,Số tự động,Trong nước,Nam Từ Liêm - Hà Nội,https://oto.com.vn/mua-ban-xe-toyota-corolla-cross-ha-noi/full-lich-su-hang-ban-full-nhieu-option-aidxc23319918
23370075,Toyota Corolla Cross 1.8 V 2021,675000000.0,25/09/2025,2021,Máy xăng,Crossover,Xe cũ,55000,Số tự động,Trong nước,Cầu Giấy - Hà Nội,https://oto.com.vn/mua-ban-xe-toyota-corolla-cross-ha-noi/sieu-dep-aidxc23370075
23349163,Toyota Corolla Cross 1.8 HV 2021,735000000.0,04/09/2025,2021,Hybrid,Crossover,Xe cũ,60000,Số tự động,Trong nước,Long Biên - Hà Nội,https://oto.com.vn/mua-ban-xe-toyota-corolla-cross-ha-noi/xe-1-chu-tu-moi-lan-banh-t32022-aidxc23349163
23349524,Toyota Corolla Cross 1.8 V 2022,718000000.0,09/09/2025,2022,Máy xăng,N/A,Xe cũ,33000,Số tự động,Nhập khẩu,Cầu Giấy - Hà Nội,https://oto.com.vn/mua-ban-xe-toyota-corolla-cross-ha-noi/xe-nhap-khau-gia-tot-thuong-luong-aidxc23349524
23363673,Toyota Corolla Cross 1.8 V 2023,700000000.0,10/09/2025,2023,Máy xăng,SUV,Xe cũ,43000,Số tự động,Trong nước,An Dương - Hải Phòng,https://oto.com.vn/mua-ban-xe-toyota-corolla-cross-hai-phong/xe-cuc-chat-cuc-dep-chi-ban-ve-gia-aidxc23363673
23359828,Toyota Corolla Cross 1.8 V 2021,685000000.0,29/09/2025,2021,Máy xăng,N/A,Xe cũ,61000,Số tự động,Trong nước,Kiến An - Hải Phòng,https://oto.com.vn/mua-ban-xe-toyota-corolla-cross-hai-phong/xe-dep-sieu-luot-ban-v-aidxc23359828
23362940,Toyota Corolla Cross 1.8 HV 2025,860000000.0,06/09/2025,2025,Hybrid,Crossover,Xe cũ,25,Số tự động,Trong nước,An Dương - Hải Phòng,https://oto.com.vn/mua-ban-xe-toyota-corolla-cross-hai-phong/xe-moi-100-full-phu-kien-chinh-hang-phien-ban-hybrid-cao-cap-aidxc23362940
23372217,Toyota Corolla Cross 1.8 G 2022,625000000.0,01/10/2025,2022,Máy xăng,SUV,Xe cũ,14000,Số tự động,Nhập khẩu,Bình Thạnh - Tp.HCM,https://oto.com.vn/mua-ban-xe-toyota-corolla-cross-hcm/14000km-aidxc23372217
23368996,Toyota Corolla Cross 1.8 G 2022,660000000.0,22/09/2025,2022,Máy xăng,Crossover,Xe cũ,29500,Số tự động,Nhập khẩu,Thủ Đức - Tp.HCM,https://oto.com.vn/mua-ban-xe-toyota-corolla-cross-hcm/18-g-2022-aidxc23368996
23372531,Toyota Corolla Cross 1.8 V 2022,720000000.0,02/10/2025,2022,Máy xăng,SUV,Xe cũ,46000,Số tự động,Nhập khẩu,Tp.HCM,https://oto.com.vn/mua-ban-xe-toyota-corolla-cross-hcm/cross-2022-46000-km-aidxc23372531
23372393,Toyota Corolla Cross 1.8 V 2020,650000000.0,02/10/2025,2020,Máy xăng,SUV,Xe cũ,50000,Số tự động,Nhập khẩu,Vinh - Nghệ An,https://oto.com.vn/mua-ban-xe-toyota-corolla-cross-nghe-an/phap-ly-nguon-goc-ro-rang-aidxc23372393
23346422,Toyota Corolla 2022,666000000.0,25/07/2025,2022,Máy xăng,N/A,Xe cũ,46000,Số tự động,Nhập khẩu,Biên Hòa - Đồng Nai,https://oto.com.vn/mua-ban-xe-toyota-corolla-dong-nai/gia-chi-666-trieu-aidxc23346422
23340617,Toyota Corolla 1.6 GLi 1997,73000000.0,13/07/2025,1997,Máy xăng,Sedan,Xe cũ,300000,Số sàn,Nhập khẩu,Nam Từ Liêm - Hà Nội,https://oto.com.vn/mua-ban-xe-toyota-corolla-ha-noi/1997-ban-16gli-nhap-nhat-gia-thuong-luong-aidxc23340617
23333821,Toyota Corolla 1.6 XLi 2009,279000000.0,18/06/2025,2009,Máy xăng,Sedan,Xe cũ,120000,Số tự động,Nhập khẩu,Hoàng Mai - Hà Nội,https://oto.com.vn/mua-ban-xe-toyota-corolla-ha-noi/ban-xe-xli-san-xuat-nam-2009-nhap-khau-nguyen-chiec-aidxc23333821
23343898,Toyota Corolla 1.6 XLi 2009,279000000.0,21/07/2025,2009,Máy xăng,Sedan,Xe cũ,120000,Số tự động,Nhập khẩu,Hoàng Mai - Hà Nội,https://oto.com.vn/mua-ban-xe-toyota-corolla-ha-noi/ban-xe-xli-san-xuat-nam-2009-nhap-khau-nguyen-chiec-aidxc23343898
23355981,Toyota Corolla 1.6 XLi 2009,255000000.0,20/08/2025,2009,Máy xăng,Sedan,Xe cũ,120000,Số tự động,Nhập khẩu,Hoàng Mai - Hà Nội,https://oto.com.vn/mua-ban-xe-toyota-corolla-ha-noi/ban-xe-xli-san-xuat-nam-2009-nhap-khau-nguyen-chiec-aidxc23355981
23368730,Toyota Corolla 1.6 XLi 2009,255000000.0,21/09/2025,2009,Máy xăng,Sedan,Xe cũ,120000,Số tự động,Nhập khẩu,Hoàng Mai - Hà Nội,https://oto.com.vn/mua-ban-xe-toyota-corolla-ha-noi/ban-xe-xli-san-xuat-nam-2009-nhap-khau-nguyen-chiec-aidxc23368730
23342082,Toyota Corolla 1.6 XLi 2009,280000000.0,16/09/2025,2009,Máy xăng,N/A,Xe cũ,139000,Số tự động,Nhập khẩu,Cầu Giấy - Hà Nội,https://oto.com.vn/mua-ban-xe-toyota-corolla-ha-noi/xe-nhap-nhat-trang-bi-option-tien-nghi-aidxc23342082
23362024,Toyota Corolla 1.6 XLi 2009,279000000.0,05/09/2025,2009,Máy xăng,Sedan,Xe cũ,129800,Số tự động,Nhập khẩu,Hà Nội,https://oto.com.vn/mua-ban-xe-toyota-corolla-ha-noi/xli-16-at-2009-279-trieu-aidxc23362024
23372108,Toyota Corolla 2017,499000000.0,01/10/2025,2017,Máy xăng,Sedan,Xe cũ,52000,Số tự động,Nhập khẩu,Tp.HCM,https://oto.com.vn/mua-ban-xe-toyota-corolla-hcm/2017-toi-khong-ro-52000-km-aidxc23372108
23341759,Toyota Corolla 1.6 GLi 1999,95000000.0,16/07/2025,1999,Máy xăng,Sedan,Xe cũ,50000000,Số sàn,Nhập khẩu,Tp.HCM,https://oto.com.vn/mua-ban-xe-toyota-corolla-hcm/em-can-ban-cu-chi-gia-cong-khai-95tr-con-thuong-luong-nhe-khi-xem-ky-giay-uy-quyen-da-aidxc23341759
23332159,Toyota Corolla 1.6 GLi 1996,82000000.0,13/06/2025,1996,Máy xăng,Sedan,Xe cũ,321000,Số sàn,Nhập khẩu,Đà Lạt - Lâm Đồng,https://oto.com.vn/mua-ban-xe-toyota-corolla-lam-dong/1996-321000-km-xang-so-san-aidxc23332159
23336684,Toyota Corona 1990,36000000.0,01/07/2025,1990,Máy xăng,Sedan,Xe cũ,440000,Số sàn,Nhập khẩu,Bình Thủy - Cần Thơ,https://oto.com.vn/mua-ban-xe-toyota-corona-can-tho/at151-doi-1987-xe-con-chay-tot-xe-tap-lai-che-mua-che-nang-noi-dong-coi-da-it-hong-vat-aidxc23336684
23341473,Toyota Corona 1990,16000000.0,15/07/2025,1990,Máy xăng,Sedan,Xe cũ,400000,Số sàn,Nhập khẩu,Bình Thủy - Cần Thơ,https://oto.com.vn/mua-ban-xe-toyota-corona-can-tho/may-16l-noi-that-sach-aidxc23341473
23360222,Toyota Corona 2000,48000000.0,29/08/2025,2000,Máy xăng,N/A,Xe cũ,999,Số sàn,Nhập khẩu,Quận 12 - Tp.HCM,https://oto.com.vn/mua-ban-xe-toyota-corona-hcm/xe-5cho-aidxc23360222
23298604,Toyota Cressida 1993,76000000.0,01/10/2025,1993,Máy xăng,Sedan,Xe cũ,123456,Số sàn,Nhập khẩu,Tân Bình - Tp.HCM,https://oto.com.vn/mua-ban-xe-toyota-cressida-hcm/vip-than-thanh-xe-o-sai-gon-dk-moi-cuc-em-aidxc23298604
23187597,Toyota Cressida 1996,185000000.0,16/09/2025,1996,Máy xăng,Sedan,Xe cũ,185000,Số sàn,Nhập khẩu,Thủ Đức - Tp.HCM,https://oto.com.vn/mua-ban-xe-toyota-cressida-hcm/xe-cam-ket-chat-luong-con-tot-khong-loi-aidxc23187597
23093858,Toyota Crown 3 1997,552000000.0,15/05/2025,1997,Máy xăng,Sedan,Xe cũ,200000,Số sàn,Trong nước,Thanh Xuân - Hà Nội,https://oto.com.vn/mua-ban-xe-toyota-crown-ha-noi/552-trieu-aidxc23093858
23093866,Toyota Crown 3 1996,566000000.0,15/05/2025,1996,Máy xăng,Sedan,Xe cũ,300000,Số tự động,Trong nước,Thanh Xuân - Hà Nội,https://oto.com.vn/mua-ban-xe-toyota-crown-ha-noi/gia-566-trieu-aidxc23093866
23077839,Toyota Crown 1995,580000000.0,10/03/2025,1995,Máy xăng,Sedan,Xe cũ,125000,Số tự động,Nhập khẩu,Nam Từ Liêm - Hà Nội,https://oto.com.vn/mua-ban-xe-toyota-crown-ha-noi/royalsaloon-30-at-phien-ban-cao-cap-nhat-aidxc23077839
23371910,Toyota Fortuner 2.4G 4x2 AT 2019,655000000.0,01/10/2025,2019,Máy dầu,SUV,Xe cũ,145000,Số sàn,Nhập khẩu,Bình Dương,https://oto.com.vn/mua-ban-xe-toyota-fortuner-binh-duong/2019-24g-4x2-mt-145000-km-aidxc23371910
23349501,Toyota Fortuner 2.7 V 4X2 AT 2016,445000000.0,03/09/2025,2016,Máy xăng,SUV,Xe cũ,85000,Số tự động,Trong nước,Thuận An - Bình Dương,https://oto.com.vn/mua-ban-xe-toyota-fortuner-binh-duong/ho-tro-tra-gop-giao-xe-tan-noi-aidxc23349501
23339759,Toyota Fortuner 2.4 MT 4x2 2015,499000000.0,16/09/2025,2015,Máy dầu,SUV,Xe cũ,130000,Số sàn,Trong nước,Dĩ An - Bình Dương,https://oto.com.vn/mua-ban-xe-toyota-fortuner-binh-duong/xe-cu-gia-tot-ho-tro-thu-tuc-nhanh-aidxc23339759
23371090,Toyota Fortuner 2.5G 2010,386000000.0,28/09/2025,2010,Máy dầu,SUV,Xe cũ,289000,Số sàn,Nhập khẩu,Bình Phước,https://oto.com.vn/mua-ban-xe-toyota-fortuner-binh-phuoc/2010-25g-289000-km-aidxc23371090
23372448,Toyota Fortuner 2.7V 2018,735000000.0,02/10/2025,2018,Máy xăng,SUV,Xe cũ,56000,Số tự động,Nhập khẩu,Cần Thơ,https://oto.com.vn/mua-ban-xe-toyota-fortuner-can-tho/2018-27v-4x2-56000-km-aidxc23372448
23370264,Toyota Fortuner 2.5G 4x2 MT 2015,480000000.0,25/09/2025,2015,Máy dầu,SUV,Xe cũ,130000,Số sàn,Nhập khẩu,Đà Nẵng,https://oto.com.vn/mua-ban-xe-toyota-fortuner-da-nang/2015-130000-km-aidxc23370264
23351191,Toyota Fortuner 2019,780000000.0,22/09/2025,2019,Máy dầu,N/A,Xe cũ,90000,Số tự động,Trong nước,Plei Ku - Gia Lai,https://oto.com.vn/mua-ban-xe-toyota-fortuner-gia-lai/gia-re-can-ban-gap-aidxc23351191
23372402,Toyota Fortuner 2014,500000000.0,02/10/2025,2014,Máy dầu,SUV,Xe cũ,126000,Số sàn,Nhập khẩu,Hoàn Kiếm - Hà Nội,https://oto.com.vn/mua-ban-xe-toyota-fortuner-ha-noi/ban-may-dau-2014-mau-den-aidxc23372402
23364957,Toyota Fortuner 2.8 AT 4x4 Legender 2021,1020000000.0,12/09/2025,2021,Máy dầu,SUV,Xe cũ,50000,Số tự động,Trong nước,Cầu Giấy - Hà Nội,https://oto.com.vn/mua-ban-xe-toyota-fortuner-ha-noi/cam-ket-khong-dam-dung-khong-ngap-nuoc-aidxc23364957
23353748,Toyota Fortuner 2.5G 4x2 MT 2013,455000000.0,17/09/2025,2013,Máy xăng,SUV,Xe cũ,80000,Số sàn,Trong nước,Long Biên - Hà Nội,https://oto.com.vn/mua-ban-xe-toyota-fortuner-ha-noi/cam-ket-phap-li-xe-ro-rang-khong-tranh-chap-kien-tung-aidxc23353748
23363304,Toyota Fortuner 2021,928000000.0,09/09/2025,2021,Máy dầu,SUV,Xe cũ,60000,Số tự động,Trong nước,Cầu Giấy - Hà Nội,https://oto.com.vn/mua-ban-xe-toyota-fortuner-ha-noi/chay-6-van-full-hang-aidxc23363304
23363289,Toyota Fortuner 2022,935000000.0,09/09/2025,2022,Máy dầu,SUV,Xe cũ,60000,Số tự động,Trong nước,Cầu Giấy - Hà Nội,https://oto.com.vn/mua-ban-xe-toyota-fortuner-ha-noi/chu-mua-moi-tu-dau-chat-xe-bao-dep-aidxc23363289
23351669,Toyota Fortuner 2.7V 2015,485000000.0,02/10/2025,2015,Máy xăng,SUV,Xe cũ,100000,Số tự động,Trong nước,Thanh Xuân - Hà Nội,https://oto.com.vn/mua-ban-xe-toyota-fortuner-ha-noi/da-them-trang-bi-cuc-ben-aidxc23351669
23366490,Toyota Fortuner 2.4 AT 4x2 Legender 2024,1165000000.0,16/09/2025,2024,Máy dầu,SUV,Xe cũ,10000,Số tự động,Trong nước,Bắc Từ Liêm - Hà Nội,https://oto.com.vn/mua-ban-xe-toyota-fortuner-ha-noi/duy-nhat-tren-thi-truong-sieu-luot-10000-km-aidxc23366490
23366477,Toyota Fortuner 2.7 V 4X4 AT 2014,466000000.0,16/09/2025,2014,Máy xăng,SUV,Xe cũ,152000,Số tự động,Trong nước,Cầu Giấy - Hà Nội,https://oto.com.vn/mua-ban-xe-toyota-fortuner-ha-noi/gia-tot-sang-ten-ngay-bao-ho-so-xe-aidxc23366477
23372035,Toyota Fortuner 2.5G 4x2 MT 2010,368000000.0,01/10/2025,2010,Máy dầu,SUV,Xe cũ,180000,Số sàn,Trong nước,Cầu Giấy - Hà Nội,https://oto.com.vn/mua-ban-xe-toyota-fortuner-ha-noi/hang-hiem-aidxc23372035
23351386,Toyota Fortuner 2.7 V 4X2 AT 2015,450000000.0,17/09/2025,2015,Máy xăng,SUV,Xe cũ,90000,Số tự động,Trong nước,Long Biên - Hà Nội,https://oto.com.vn/mua-ban-xe-toyota-fortuner-ha-noi/ho-tro-bank-60-aidxc23351386
23372239,Toyota Fortuner 2019,728000000.0,02/10/2025,2019,Máy xăng,SUV,Xe cũ,94000,Số tự động,Trong nước,Hà Nội,https://oto.com.vn/mua-ban-xe-toyota-fortuner-ha-noi/ho-tro-tra-gop-len-den-70-aidxc23372239
23306089,Toyota Fortuner 2.7 V 4X2 AT 2019,750000000.0,21/09/2025,2019,Máy xăng,MPV,Xe cũ,8000,Số tự động,Nhập khẩu,Thanh Xuân - Hà Nội,https://oto.com.vn/mua-ban-xe-toyota-fortuner-ha-noi/odo-8v-qua-moi-aidxc23306089
23372033,Toyota Fortuner 2.7V 2015,477000000.0,01/10/2025,2015,Máy xăng,SUV,Xe cũ,90000,Số tự động,Nhập khẩu,Cầu Giấy - Hà Nội,https://oto.com.vn/mua-ban-xe-toyota-fortuner-ha-noi/xe-dep-bao-chat-aidxc23372033
23365893,Toyota Fortuner 2.8 AT 4x4 Legender 2021,1020000000.0,15/09/2025,2021,Máy dầu,SUV,Xe cũ,50000,Số tự động,Trong nước,Cầu Giấy - Hà Nội,https://oto.com.vn/mua-ban-xe-toyota-fortuner-ha-noi/xe-dep-cam-ket-nguyen-zin-aidxc23365893
23364956,Toyota Fortuner 2.4 AT 4x2 Legender 2022,1010000000.0,12/09/2025,2022,Máy dầu,SUV,Xe cũ,60000,Số tự động,Trong nước,Cầu Giấy - Hà Nội,https://oto.com.vn/mua-ban-xe-toyota-fortuner-ha-noi/xe-dep-chu-di-giu-gin-aidxc23364956
23369473,Toyota Fortuner 2.4G 4x2 AT 2011,359000000.0,23/09/2025,2011,Máy dầu,SUV,Xe cũ,190000,Số tự động,Trong nước,Cầu Giấy - Hà Nội,https://oto.com.vn/mua-ban-xe-toyota-fortuner-ha-noi/xe-dep-chu-giu-gin-aidxc23369473
23367164,Toyota Fortuner 2.7 V 4X2 AT 2018,666000000.0,17/09/2025,2018,Máy xăng,SUV,Xe cũ,188000,Số tự động,Nhập khẩu,Cầu Giấy - Hà Nội,https://oto.com.vn/mua-ban-xe-toyota-fortuner-ha-noi/xe-dep-full-lich-su-hang-aidxc23367164
23362310,Toyota Fortuner 2.7V TRD 4x4 2016,535000000.0,05/09/2025,2016,Máy xăng,SUV,Xe cũ,140000,Số tự động,Trong nước,Thanh Xuân - Hà Nội,https://oto.com.vn/mua-ban-xe-toyota-fortuner-ha-noi/xe-dia-hinh-manh-me-phu-hop-moi-cung-duong-aidxc23362310
23336288,Toyota Fortuner 2022,980000000.0,03/09/2025,2022,Máy xăng,SUV,Xe cũ,20000,Số tự động,Trong nước,Hà Nội,https://oto.com.vn/mua-ban-xe-toyota-fortuner-ha-noi/xe-gia-dinh-ben-bi-gia-hop-ly-aidxc23336288
23368894,Toyota Fortuner 2.7V 2015,419000000.0,22/09/2025,2015,Máy xăng,SUV,Xe cũ,140000,Số tự động,Trong nước,Cầu Giấy - Hà Nội,https://oto.com.vn/mua-ban-xe-toyota-fortuner-ha-noi/xe-tu-nhan-chinh-chu-cuc-moi-aidxc23368894
23329402,Toyota Fortuner 2009,275000000.0,08/09/2025,2009,Máy xăng,N/A,Xe cũ,100000,Số tự động,Trong nước,An Lão - Hải Phòng,https://oto.com.vn/mua-ban-xe-toyota-fortuner-hai-phong/cu-gia-re-fotuner-hon-200-trieu-aidxc23329402
23363651,Toyota Fortuner 2.7 V 4X2 AT 2016,515000000.0,10/09/2025,2016,Máy xăng,SUV,Xe cũ,115000,Số tự động,Trong nước,Bình Thạnh - Tp.HCM,https://oto.com.vn/mua-ban-xe-toyota-fortuner-hcm/115000-km-aidxc23363651
23372526,Toyota Fortuner 2.7V 2015,420000000.0,02/10/2025,2015,Máy xăng,SUV,Xe cũ,86000,Số tự động,Trong nước,Tp.HCM,https://oto.com.vn/mua-ban-xe-toyota-fortuner-hcm/2015-27v-4x2-86000-km-aidxc23372526
23372456,Toyota Fortuner 2017,610000000.0,02/10/2025,2017,Máy dầu,SUV,Xe cũ,260000,Số sàn,Nhập khẩu,Tp.HCM,https://oto.com.vn/mua-ban-xe-toyota-fortuner-hcm/2017-260000-km-aidxc23372456
23372499,Toyota Fortuner 2.7 V 4X2 AT 2018,686000000.0,02/10/2025,2018,Máy xăng,SUV,Xe cũ,104999,Số tự động,Nhập khẩu,Tp.HCM,https://oto.com.vn/mua-ban-xe-toyota-fortuner-hcm/2018-27v-4x2-at-104999-km-aidxc23372499
23372498,Toyota Fortuner 2.8V 4X4 AT 2019,812000000.0,02/10/2025,2019,Máy dầu,SUV,Xe cũ,135000,Số tự động,Nhập khẩu,Bình Thạnh - Tp.HCM,https://oto.com.vn/mua-ban-xe-toyota-fortuner-hcm/2019-28v-4x4-at-135000-km-2-cau-aidxc23372498
23361639,Toyota Fortuner 2.4 MT 4x2 2019,775000000.0,04/09/2025,2019,Máy dầu,SUV,Xe cũ,20000,Số sàn,Nhập khẩu,Quận 2 - Tp.HCM,https://oto.com.vn/mua-ban-xe-toyota-fortuner-hcm/24-mt-4x2-2019-20000km-aidxc23361639
23372221,Toyota Fortuner 2.7 V 4X2 AT 2019,713000000.0,01/10/2025,2019,Máy xăng,SUV,Xe cũ,76000,Số tự động,Trong nước,Bình Thạnh - Tp.HCM,https://oto.com.vn/mua-ban-xe-toyota-fortuner-hcm/76000km-aidxc23372221
23372220,Toyota Fortuner 2.7 V 4X2 AT 2017,645000000.0,01/10/2025,2017,Máy xăng,SUV,Xe cũ,77000,Số tự động,Trong nước,Bình Thạnh - Tp.HCM,https://oto.com.vn/mua-ban-xe-toyota-fortuner-hcm/77000km-aidxc23372220
23372219,Toyota Fortuner 2.4G 4x2 AT 2020,810000000.0,01/10/2025,2020,Máy dầu,SUV,Xe cũ,81000,Số tự động,Trong nước,Bình Thạnh - Tp.HCM,https://oto.com.vn/mua-ban-xe-toyota-fortuner-hcm/81000km-aidxc23372219
23372512,Toyota Fortuner 2.7V 2010,415000000.0,02/10/2025,2010,Máy xăng,SUV,Xe cũ,127141,Số tự động,Trong nước,Tp.HCM,https://oto.com.vn/mua-ban-xe-toyota-fortuner-hcm/cop-2010-27v-127141-km-aidxc23372512
23353503,Toyota Fortuner 2.7V 2014,465000000.0,12/09/2025,2014,Máy xăng,SUV,Xe cũ,100000,Số tự động,Trong nước,Thủ Đức - Tp.HCM,https://oto.com.vn/mua-ban-xe-toyota-fortuner-hcm/nhieu-option-di-luot-so-cua-chua-ha-aidxc23353503
23351048,Toyota Fortuner 2.7 V 4X2 AT 2015,525000000.0,12/09/2025,2015,Máy xăng,SUV,Xe cũ,90000,Số tự động,Trong nước,Thủ Đức - Tp.HCM,https://oto.com.vn/mua-ban-xe-toyota-fortuner-hcm/nuoc-son-con-dep-bao-check-thoai-mai-aidxc23351048
23345815,Toyota Fortuner 2.4 MT 4x2 2019,715000000.0,04/09/2025,2019,Máy dầu,SUV,Xe cũ,107000,Số sàn,Trong nước,Thủ Đức - Tp.HCM,https://oto.com.vn/mua-ban-xe-toyota-fortuner-hcm/sieu-pham-gia-tot-cho-cac-ace-chay-dich-vu-hoac-cong-ty-aidxc23345815
23361594,Toyota Fortuner 2.4 MT 4x2 2019,775000000.0,04/09/2025,2019,Máy dầu,SUV,Xe cũ,20000,Số sàn,Trong nước,Thủ Đức - Tp.HCM,https://oto.com.vn/mua-ban-xe-toyota-fortuner-hcm/xe-1-chu-tu-dau-odo-chi-20000km-aidxc23361594
23352182,Toyota Fortuner 2.4 MT 4x2 2018,700000000.0,12/09/2025,2018,Máy dầu,SUV,Xe cũ,100000,Số sàn,Trong nước,Thủ Đức - Tp.HCM,https://oto.com.vn/mua-ban-xe-toyota-fortuner-hcm/xe-ca-nhan-su-dung-tu-dau-aidxc23352182
23361655,Toyota Fortuner 2.7 V 4X2 AT 2013,400000000.0,04/09/2025,2013,Máy xăng,SUV,Xe cũ,130000,Số tự động,Trong nước,Bình Thạnh - Tp.HCM,https://oto.com.vn/mua-ban-xe-toyota-fortuner-hcm/xe-chinh-chu-tp-aidxc23361655
23351322,Toyota Fortuner 2.4 AT 4x2 Legender 2021,990000000.0,12/09/2025,2021,Máy dầu,SUV,Xe cũ,45000,Số tự động,Trong nước,Thủ Đức - Tp.HCM,https://oto.com.vn/mua-ban-xe-toyota-fortuner-hcm/xe-do-full-option-bao-chat-aidxc23351322
23369118,Toyota Fortuner 2.4 MT 4x2 2018,680000000.0,22/09/2025,2018,Máy dầu,SUV,Xe cũ,49000,Số sàn,Nhập khẩu,Quận 12 - Tp.HCM,https://oto.com.vn/mua-ban-xe-toyota-fortuner-hcm/xe-so-san-nhap-khau-nhat-ban-aidxc23369118
23341349,Toyota Fortuner 2022,910000000.0,23/09/2025,2022,Máy xăng,N/A,Xe cũ,56000,Số tự động,Trong nước,Tân An - Long An,https://oto.com.vn/mua-ban-xe-toyota-fortuner-long-an/xe-sieu-luot-tai-hang-chu-giu-gin-aidxc23341349
23369947,Toyota Fortuner 2.8V 4X4 AT 2019,760000000.0,25/09/2025,2019,Máy dầu,SUV,Xe cũ,60000,Số tự động,Nhập khẩu,Thái Bình,https://oto.com.vn/mua-ban-xe-toyota-fortuner-thai-binh/2019-28v-4x4-at-60000-km-aidxc23369947
23372230,Toyota Fortuner 2.5G 4x2 MT 2013,400000000.0,02/10/2025,2013,Máy dầu,SUV,Xe cũ,300000,Số sàn,Nhập khẩu,Vĩnh Long,https://oto.com.vn/mua-ban-xe-toyota-fortuner-vinh-long/2013-300000-km-aidxc23372230
23372261,Toyota Fortuner 2.5G 4x2 MT 2013,400000000.0,02/10/2025,2013,Máy dầu,SUV,Xe cũ,300000,Số sàn,Nhập khẩu,Vĩnh Long,https://oto.com.vn/mua-ban-xe-toyota-fortuner-vinh-long/can-ra-di-em-xe-chinh-chu-doi-2013-con-dep-ken-aidxc23372261
23370434,Toyota Hiace 3.0 MT 2018,725000000.0,26/09/2025,2018,Máy dầu,Van/Minivan,Xe cũ,131000,Số sàn,Nhập khẩu,Đắk Lắk,https://oto.com.vn/mua-ban-xe-toyota-hiace-dak-lak/ban-dau-30-2018-xe-bao-duong-full-hang-aidxc23370434
23369328,Toyota Hiace Super Wagon 2.7 2008,120000000.0,23/09/2025,2008,Máy xăng,N/A,Xe cũ,150000,Số sàn,Trong nước,Đồng Nai,https://oto.com.vn/mua-ban-xe-toyota-hiace-dong-nai/2008-super-wagon-27-150000-km-aidxc23369328
23369110,Toyota Hiace Commuter 2.5 2008,135000000.0,22/09/2025,2008,Máy dầu,Van/Minivan,Xe cũ,100000,Số sàn,Trong nước,Hà Nội,https://oto.com.vn/mua-ban-xe-toyota-hiace-ha-noi/2008-commuter-27-100000-km-aidxc23369110
23372528,Toyota Hiace 2009,309000000.0,02/10/2025,2009,Máy dầu,Van/Minivan,Xe cũ,20,Số sàn,Trong nước,Hoàng Mai - Hà Nội,https://oto.com.vn/mua-ban-xe-toyota-hiace-ha-noi/2009-20-km-aidxc23372528
23368061,Toyota Hiace 2010,280000000.0,19/09/2025,2010,Máy dầu,Van/Minivan,Xe cũ,12000,Số sàn,Trong nước,Đông Anh - Hà Nội,https://oto.com.vn/mua-ban-xe-toyota-hiace-ha-noi/ban-tai-van-3-cho-doi-2010-tai-900kg-aidxc23368061
23371111,Toyota Hiace 2.8 MT 2006,155000000.0,28/09/2025,2006,Máy dầu,Minibus,Xe cũ,123,Số sàn,Trong nước,Bình Tân - Tp.HCM,https://oto.com.vn/mua-ban-xe-toyota-hiace-hcm/2006-123-km-aidxc23371111
23368512,Toyota Hiace 2008,155000000.0,21/09/2025,2008,Máy xăng,Van/Minivan,Xe cũ,123456,Số sàn,Nhập khẩu,Tp.HCM,https://oto.com.vn/mua-ban-xe-toyota-hiace-hcm/2008-commuter-27-123456-km-aidxc23368512
23371440,Toyota Hiace Super Wagon 2.7 2008,176500000.0,29/09/2025,2008,Máy xăng,Van/Minivan,Xe cũ,66666,Số sàn,Nhập khẩu,Tp.HCM,https://oto.com.vn/mua-ban-xe-toyota-hiace-hcm/2008-super-wagon-27-66666-km-aidxc23371440
23370872,Toyota Hiace 2009,230000000.0,27/09/2025,2009,Máy dầu,Van/Minivan,Xe cũ,200000,Số sàn,Nhập khẩu,Tp.HCM,https://oto.com.vn/mua-ban-xe-toyota-hiace-hcm/2009-200000-km-aidxc23370872
23365154,Toyota Hiace 2010,220000000.0,13/09/2025,2010,Máy xăng,Van/Minivan,Xe cũ,230000,Số sàn,Nhập khẩu,Tp.HCM,https://oto.com.vn/mua-ban-xe-toyota-hiace-hcm/2010-230000-km-aidxc23365154
23368826,Toyota Hiace Commuter 2.5 2010,280000000.0,22/09/2025,2010,Máy dầu,Minibus,Xe cũ,187379,Số sàn,Nhập khẩu,Tp.HCM,https://oto.com.vn/mua-ban-xe-toyota-hiace-hcm/2010-commuter-25-187379-km-aidxc23368826
23368789,Toyota Hiace Commuter 2.5 2010,230000000.0,22/09/2025,2010,Máy xăng,Van/Minivan,Xe cũ,200000,Số sàn,Nhập khẩu,Tp.HCM,https://oto.com.vn/mua-ban-xe-toyota-hiace-hcm/2010-commuter-27-200000-km-aidxc23368789
23370655,Toyota Hiace Super Wagon 2.7 2010,235000000.0,26/09/2025,2010,Máy xăng,Minibus,Xe cũ,170000,Số tự động,Trong nước,Tp.HCM,https://oto.com.vn/mua-ban-xe-toyota-hiace-hcm/2010-super-wagon-27-170000-km-aidxc23370655
23370101,Toyota Hiace 2.8 MT 2006,175000000.0,25/09/2025,2006,Máy dầu,Van/Minivan,Xe cũ,350000,Số sàn,Trong nước,Tp.HCM,https://oto.com.vn/mua-ban-xe-toyota-hiace-hcm/ban-xe-2006-350000-km-aidxc23370101
23371836,Toyota Hiace 2.8 MT 2010,280000000.0,30/09/2025,2010,Máy dầu,Van/Minivan,Xe cũ,N/A,Số sàn,Nhập khẩu,Quận 7 - Tp.HCM,https://oto.com.vn/mua-ban-xe-toyota-hiace-hcm/phom-moi-may-dau-tai-van-chay-gio-cam-aidxc23371836
23368506,Toyota Hilux 2.5E 4x2 MT 2009,240000000.0,21/09/2025,2009,Máy dầu,Bán tải,Xe cũ,200000,Số sàn,Nhập khẩu,Bình Dương,https://oto.com.vn/mua-ban-xe-toyota-hilux-binh-duong/2-70-2009-25e-200000-km-aidxc23368506
23370981,Toyota Hilux 3.0G 4x4 MT 2012,329000000.0,27/09/2025,2012,Máy dầu,Bán tải,Xe cũ,300,Số sàn,Nhập khẩu,Bình Thuận,https://oto.com.vn/mua-ban-xe-toyota-hilux-binh-thuan/2012-30g-4x4-mt-300-km-aidxc23370981
23371527,Toyota Hilux 2.5E 4x2 MT 2013,355000000.0,29/09/2025,2013,Máy dầu,Bán tải,Xe cũ,110000,Số sàn,Trong nước,Đà Nẵng,https://oto.com.vn/mua-ban-xe-toyota-hilux-da-nang/minh-ban-2013-so-sanxe-full-lich-su-hang-aidxc23371527
23371179,Toyota Hilux 2.4E 4×2 AT 2019,486000000.0,28/09/2025,2019,Máy dầu,Bán tải,Xe cũ,10000,Số sàn,Nhập khẩu,Đắk Lắk,https://oto.com.vn/mua-ban-xe-toyota-hilux-dak-lak/2019-24e-42-mt-nhap-thai-lan-aidxc23371179
23368871,Toyota Hilux 2.4G 4x2 AT 2020,570000000.0,22/09/2025,2020,Máy dầu,Bán tải,Xe cũ,114000,Số tự động,Nhập khẩu,Plei Ku - Gia Lai,https://oto.com.vn/mua-ban-xe-toyota-hilux-gia-lai/2020-24e-4x2-at-114000-km-aidxc23368871
23371263,Toyota Hilux 2.4E 4x4 MT 2019,505000000.0,28/09/2025,2019,Máy dầu,Bán tải,Xe cũ,180000,Số sàn,Nhập khẩu,Hà Nội,https://oto.com.vn/mua-ban-xe-toyota-hilux-ha-noi/2019-24e-4x2-mt-180000-km-aidxc23371263
23371060,Toyota Hilux 2.5E 4x2 MT 2020,525000000.0,28/09/2025,2020,Máy dầu,Bán tải,Xe cũ,96836,Số sàn,Nhập khẩu,Hà Nội,https://oto.com.vn/mua-ban-xe-toyota-hilux-ha-noi/2020-24l-4x2-mt-96836-km-aidxc23371060
23371026,Toyota Hilux 2.4G 4x2 AT 2021,605000000.0,27/09/2025,2021,Máy dầu,Bán tải,Xe cũ,630000,Số tự động,Nhập khẩu,Hà Nội,https://oto.com.vn/mua-ban-xe-toyota-hilux-ha-noi/2021-24e-4x2-at-630000-km-aidxc23371026
23370911,Toyota Hilux 2.4G 4x2 AT 2020,595000000.0,27/09/2025,2020,Máy dầu,Bán tải,Xe cũ,80000,Số tự động,Nhập khẩu,Hà Nội,https://oto.com.vn/mua-ban-xe-toyota-hilux-ha-noi/24-at-mot-cau-sx-2020-nhap-thai-aidxc23370911
23371092,Toyota Hilux 2.5E 4x2 MT 2013,375000000.0,28/09/2025,2013,Máy dầu,Bán tải,Xe cũ,192356,Số sàn,Nhập khẩu,Hà Nội,https://oto.com.vn/mua-ban-xe-toyota-hilux-ha-noi/ban-2013-25e-4x2-mt-aidxc23371092
23336287,Toyota Hilux 2.4G 4x2 AT 2021,655000000.0,03/09/2025,2021,Máy dầu,Bán tải,Xe cũ,50000,Số tự động,Nhập khẩu,Hà Nội,https://oto.com.vn/mua-ban-xe-toyota-hilux-ha-noi/xe-cu-chat-luong-cao-full-do-choi-xin-so-aidxc23336287
23370679,Toyota Hilux 2021,530000000.0,26/09/2025,2021,Máy dầu,Bán tải,Xe cũ,76358,Số tự động,Nhập khẩu,Tp.HCM,https://oto.com.vn/mua-ban-xe-toyota-hilux-hcm/-aidxc23370679
23372060,Toyota Hilux 2.4E 4×2 AT 2018,495000000.0,01/10/2025,2018,Máy dầu,Bán tải,Xe cũ,110000,Số tự động,Nhập khẩu,Gò Vấp - Tp.HCM,https://oto.com.vn/mua-ban-xe-toyota-hilux-hcm/2018-24e-4x2-at-110000-km-ngay-chu-aidxc23372060
23370190,Toyota Hilux 2.4E 4×2 AT 2021,585000000.0,25/09/2025,2021,Máy dầu,Bán tải,Xe cũ,90000,Số tự động,Nhập khẩu,Tp.HCM,https://oto.com.vn/mua-ban-xe-toyota-hilux-hcm/2021-24e-4x2-at-90000-km-aidxc23370190
23370257,Toyota Hilux 2.4E 4×2 AT 2021,635000000.0,25/09/2025,2021,Máy dầu,Bán tải,Xe cũ,65000,Số tự động,Nhập khẩu,Tp.HCM,https://oto.com.vn/mua-ban-xe-toyota-hilux-hcm/24l-2021-aidxc23370257
23372517,Toyota Innova 2.0G 2006,165000000.0,02/10/2025,2006,Máy xăng,MPV,Xe cũ,160,Số tự động,Nhập khẩu,Bà Rịa Vũng Tàu,https://oto.com.vn/mua-ban-xe-toyota-innova-ba-ria-vung-tau/xe-2006-g-160-km-aidxc23372517
23371490,Toyota Innova 2.0G 2006,155000000.0,29/09/2025,2006,Máy xăng,MPV,Xe cũ,357000,Số tự động,Trong nước,Bình Dương,https://oto.com.vn/mua-ban-xe-toyota-innova-binh-duong/2006-g-357000-km-aidxc23371490
23370367,Toyota Innova 2.0E 2015,285000000.0,26/09/2025,2015,Máy xăng,MPV,Xe cũ,132000,Số tự động,Trong nước,Bình Dương,https://oto.com.vn/mua-ban-xe-toyota-innova-binh-duong/2015-20e-132000-km-aidxc23370367
23320704,Toyota Innova 2.0E 2018,440000000.0,12/09/2025,2018,Máy xăng,MPV,Xe cũ,100456,Số sàn,Trong nước,Thuận An - Bình Dương,https://oto.com.vn/mua-ban-xe-toyota-innova-binh-duong/bao-hanh-6-thang-hoac-10000km-dong-co-may-moc-aidxc23320704
23336019,Toyota Innova 2.0G 2009,210000000.0,03/09/2025,2009,Máy xăng,MPV,Xe cũ,120000,Số sàn,Trong nước,Thuận An - Bình Dương,https://oto.com.vn/mua-ban-xe-toyota-innova-binh-duong/ho-tro-tra-gop-lai-suat-thap-aidxc23336019
23351218,Toyota Innova 2.0 Venturer AT 2022,720000000.0,06/09/2025,2022,Máy xăng,MPV,Xe cũ,100000,Số tự động,Trong nước,Thuận An - Bình Dương,https://oto.com.vn/mua-ban-xe-toyota-innova-binh-duong/san-xuat-2022-dang-ky-2023-gia-chi-720-trieu-tra-gop-80-xe-moi-thang-chi-63-trieu-aidxc23351218
23367123,Toyota Innova Cross Hybrid 2023,960000000.0,17/09/2025,2023,Hybrid,SUV,Xe cũ,34000,Số tự động,Nhập khẩu,Bến Tre,https://oto.com.vn/mua-ban-xe-toyota-innova-cross-ben-tre/2023-hev-34000-km-xe-cu-chinh-hang-aidxc23367123
23367136,Toyota Innova Cross Hybrid 2023,960000000.0,17/09/2025,2023,Hybrid,SUV,Xe cũ,34200,Số tự động,Nhập khẩu,Chợ Lách - Bến Tre,https://oto.com.vn/mua-ban-xe-toyota-innova-cross-ben-tre/2023-hev-34200-km-aidxc23367136
23368411,Toyota Innova Cross Xăng 2024,819000000.0,20/09/2025,2024,Máy xăng,MPV,Xe cũ,40000,Số tự động,Nhập khẩu,Vĩnh Thạnh - Cần Thơ,https://oto.com.vn/mua-ban-xe-toyota-innova-cross-can-tho/2024-sieu-luot-aidxc23368411
23365584,Toyota Innova Cross 2024,830000000.0,14/09/2025,2024,Máy xăng,SUV,Xe cũ,8000,Số tự động,Nhập khẩu,Đà Nẵng,https://oto.com.vn/mua-ban-xe-toyota-innova-cross-da-nang/2024-8000-km-aidxc23365584
23365382,Toyota Innova Cross Xăng 2023,960000000.0,13/09/2025,2023,Máy xăng,N/A,Xe cũ,87000,Số tự động,N/A,Hà Nội,https://oto.com.vn/mua-ban-xe-toyota-innova-cross-ha-noi/2023-aidxc23365382
23367249,Toyota Innova Cross Hybrid 2024,999000000.0,17/09/2025,2024,Máy xăng,N/A,Xe cũ,5000,Số tự động,N/A,Hà Nội,https://oto.com.vn/mua-ban-xe-toyota-innova-cross-ha-noi/2024-tai-aidxc23367249
23366308,Toyota Innova Cross 2024,799000000.0,16/09/2025,2024,Máy xăng,MPV,Xe cũ,26000,Số tự động,Trong nước,Hà Nội,https://oto.com.vn/mua-ban-xe-toyota-innova-cross-ha-noi/chuan-full-lich-su-hang-aidxc23366308
23366282,Toyota Innova Cross 2024,800000000.0,16/09/2025,2024,Máy xăng,MPV,Xe cũ,26000,Số tự động,Trong nước,Hà Nội,https://oto.com.vn/mua-ban-xe-toyota-innova-cross-ha-noi/xe-dep-khong-mot-loi-nho-aidxc23366282
23365369,Toyota Innova Cross Hybrid 2023,960000000.0,13/09/2025,2023,Hybrid,SUV,Xe cũ,8700,Số tự động,Nhập khẩu,Tp.HCM,https://oto.com.vn/mua-ban-xe-toyota-innova-cross-hcm/2023-hev-8700-km-aidxc23365369
23365407,Toyota Innova Cross Hybrid 2024,829000000.0,13/09/2025,2024,Hybrid,SUV,Xe cũ,8200,Số tự động,Trong nước,Tp.HCM,https://oto.com.vn/mua-ban-xe-toyota-innova-cross-hcm/2024-8200-km-aidxc23365407
23365660,Toyota Innova Cross Xăng 2024,829000000.0,14/09/2025,2024,Máy xăng,SUV,Xe cũ,8100,Số tự động,Nhập khẩu,Tp.HCM,https://oto.com.vn/mua-ban-xe-toyota-innova-cross-hcm/2024-sieu-cop-8000-km-aidxc23365660
23366166,Web server is returning an unknown error Error code 520,,N/A,N/A,N/A,N/A,N/A,N/A,N/A,N/A,N/A,https://oto.com.vn/mua-ban-xe-toyota-innova-cross-hcm/20l-cvt-2024-son-zin-99-cuc-dep-aidxc23366166
23366383,Toyota Innova Cross Xăng 2024,819000000.0,16/09/2025,2024,Máy xăng,SUV,Xe cũ,25000,Số tự động,Nhập khẩu,Tp.HCM,https://oto.com.vn/mua-ban-xe-toyota-innova-cross-hcm/can-ban-2024-at-aidxc23366383
23365492,Toyota Innova Cross Hybrid 2023,960000000.0,14/09/2025,2023,Hybrid,SUV,Xe cũ,8000,Số tự động,Nhập khẩu,Tp.HCM,https://oto.com.vn/mua-ban-xe-toyota-innova-cross-hcm/hybrid-aidxc23365492
23363761,Toyota Innova Cross Xăng 2025,808000000.0,10/09/2025,2025,Máy xăng,SUV,Xe cũ,16200,Số tự động,Nhập khẩu,Tp.HCM,https://oto.com.vn/mua-ban-xe-toyota-innova-cross-hcm/xe-2025-16200-km-aidxc23363761
23372492,Toyota Innova 2.0E 2017,385000000.0,02/10/2025,2017,Máy xăng,MPV,Xe cũ,100000,Số tự động,Trong nước,Buôn Ma Thuột - Đắk Lắk,https://oto.com.vn/mua-ban-xe-toyota-innova-dak-lak/2017-20e-100000-km-aidxc23372492
23371023,Toyota Innova 2.0G 2006,180000000.0,27/09/2025,2006,Máy xăng,MPV,Xe cũ,126000,Số tự động,Trong nước,Đồng Nai,https://oto.com.vn/mua-ban-xe-toyota-innova-dong-nai/2006-g-126000-km-aidxc23371023
23367861,Toyota Innova 2.0G 2006,160000000.0,19/09/2025,2006,Máy xăng,MPV,Xe cũ,200000,Số tự động,Trong nước,Đồng Nai,https://oto.com.vn/mua-ban-xe-toyota-innova-dong-nai/2006g-gia-dinh-xai-chinh-chu-aidxc23367861
23371277,Toyota Innova 2007,115000000.0,29/09/2025,2007,Máy xăng,MPV,Xe cũ,200000,Số sàn,Nhập khẩu,Đồng Nai,https://oto.com.vn/mua-ban-xe-toyota-innova-dong-nai/ban-xe-da-qua-su-dung-aidxc23371277
23364094,Toyota Innova 2.0 Venturer AT 2021,698000000.0,11/09/2025,2021,Máy xăng,N/A,Xe cũ,50000,Số tự động,Trong nước,Biên Hòa - Đồng Nai,https://oto.com.vn/mua-ban-xe-toyota-innova-dong-nai/tang-100-truoc-ba-aidxc23364094
23370346,Toyota Innova 2017,340000000.0,26/09/2025,2017,Máy xăng,MPV,Xe cũ,N/A,Số tự động,Nhập khẩu,Hà Nội,https://oto.com.vn/mua-ban-xe-toyota-innova-ha-noi/340-trieu-co-thuong-luong-aidxc23370346
23363277,Toyota Innova 2.0E 2017,396000000.0,09/09/2025,2017,Máy xăng,MPV,Xe cũ,110000,Số sàn,Trong nước,Cầu Giấy - Hà Nội,https://oto.com.vn/mua-ban-xe-toyota-innova-ha-noi/xe-1-chu-mua-tu-moi-di-11-van-aidxc23363277
23340504,Toyota Innova 2.0G 2017,495000000.0,12/09/2025,2017,Máy xăng,MPV,Xe cũ,150000,Số tự động,Trong nước,Nam Từ Liêm - Hà Nội,https://oto.com.vn/mua-ban-xe-toyota-innova-ha-noi/xe-cu-chat-luong-cao-kiem-tra-day-du-aidxc23340504
23348112,Toyota Innova 2017,395000000.0,03/09/2025,2017,Máy xăng,N/A,Xe cũ,100000,Số tự động,Trong nước,An Lão - Hải Phòng,https://oto.com.vn/mua-ban-xe-toyota-innova-hai-phong/2017-2018-so-san-cu-gia-tot-aidxc23348112
23371761,Toyota Innova 2.0E 2018,420000000.0,30/09/2025,2018,Máy xăng,MPV,Xe cũ,10000,Số sàn,Trong nước,Hậu Giang,https://oto.com.vn/mua-ban-xe-toyota-innova-hau-giang/2018-20e-10000-km-aidxc23371761
23369669,Toyota Innova 2.0E 2018,440000000.0,24/09/2025,2018,Máy xăng,MPV,Xe cũ,114500,Số sàn,Nhập khẩu,Tp.HCM,https://oto.com.vn/mua-ban-xe-toyota-innova-hcm/1980-114500-km-aidxc23369669
23371791,Toyota Innova 2.0G 2006,180000000.0,30/09/2025,2006,Máy xăng,MPV,Xe cũ,180000,Số tự động,Trong nước,Tp.HCM,https://oto.com.vn/mua-ban-xe-toyota-innova-hcm/2006-g-nang-from-2015-aidxc23371791
23372460,Toyota Innova 2.0G 2009,209000000.0,02/10/2025,2009,Máy xăng,MPV,Xe cũ,188000,Số sàn,Trong nước,Quận 9 - Tp.HCM,https://oto.com.vn/mua-ban-xe-toyota-innova-hcm/2009-g-188000-km-aidxc23372460
23372276,Toyota Innova 2.0G 2010,230000000.0,02/10/2025,2010,Máy xăng,MPV,Xe cũ,150000,Số sàn,Trong nước,Tp.HCM,https://oto.com.vn/mua-ban-xe-toyota-innova-hcm/2010-g-sr-150000-km-aidxc23372276
23369989,Toyota Innova 2.0E 2014,289000000.0,25/09/2025,2014,Máy xăng,MPV,Xe cũ,100000,Số tự động,Trong nước,Tp.HCM,https://oto.com.vn/mua-ban-xe-toyota-innova-hcm/2014-e-100000-km-aidxc23369989
23372486,Toyota Innova 2.0E 2018,428000000.0,02/10/2025,2018,Máy xăng,MPV,Xe cũ,49000,Số sàn,Trong nước,Bình Thạnh - Tp.HCM,https://oto.com.vn/mua-ban-xe-toyota-innova-hcm/2018-20e-49000-km-7-c-so-san-aidxc23372486
23371959,Toyota Innova 2.0E 2019,430000000.0,01/10/2025,2019,Máy xăng,MPV,Xe cũ,140000,Số tự động,Trong nước,Tp.HCM,https://oto.com.vn/mua-ban-xe-toyota-innova-hcm/2019-20e-140000-km-aidxc23371959
23368972,Toyota Innova 2.0E 2019,475000000.0,22/09/2025,2019,Máy xăng,MPV,Xe cũ,61000,Số tự động,Nhập khẩu,Tp.HCM,https://oto.com.vn/mua-ban-xe-toyota-innova-hcm/2019-20e-61000-km-aidxc23368972
23369863,Toyota Innova 2.0E 2019,375000000.0,24/09/2025,2019,Máy xăng,MPV,Xe cũ,78000,Số sàn,Trong nước,Tp.HCM,https://oto.com.vn/mua-ban-xe-toyota-innova-hcm/2019-20e-aidxc23369863
23370631,Toyota Innova 2006,158000000.0,26/09/2025,2006,Máy xăng,MPV,Xe cũ,200000,Số tự động,Trong nước,Thủ Đức - Tp.HCM,https://oto.com.vn/mua-ban-xe-toyota-innova-hcm/206-158tr-bien-86-cong-chung-lien-aidxc23370631
23363167,Toyota Innova 2.0E 2017,358000000.0,08/09/2025,2017,Máy xăng,MPV,Xe cũ,123000,Số sàn,Trong nước,Bình Thạnh - Tp.HCM,https://oto.com.vn/mua-ban-xe-toyota-innova-hcm/ban-20e-mt-so-san-2017-xe-dep-aidxc23363167
23368113,Toyota Innova 2.0E 2019,460000000.0,19/09/2025,2019,Máy xăng,MPV,Xe cũ,81000,Số sàn,Trong nước,Tp.HCM,https://oto.com.vn/mua-ban-xe-toyota-innova-hcm/ban-xe-gia-dinh-chat-luong-cao-gia-hop-ly-aidxc23368113
23350899,Toyota Innova 2.0E 2016,395000000.0,12/09/2025,2016,Máy xăng,MPV,Xe cũ,60000,Số tự động,Trong nước,Thủ Đức - Tp.HCM,https://oto.com.vn/mua-ban-xe-toyota-innova-hcm/san-1-em-chay-dich-vu-hoac-gia-dinh-sieu-chat-luong-aidxc23350899
23345814,Toyota Innova 2.0E 2017,435000000.0,04/09/2025,2017,Máy xăng,MPV,Xe cũ,82000,Số sàn,Trong nước,Thủ Đức - Tp.HCM,https://oto.com.vn/mua-ban-xe-toyota-innova-hcm/xe-gia-dinh-su-dung-aidxc23345814
23371172,Toyota Innova 2.0E 2018,450000000.0,28/09/2025,2018,Máy xăng,MPV,Xe cũ,110000,Số sàn,Trong nước,Lục Yên - Lào Cai,https://oto.com.vn/mua-ban-xe-toyota-innova-lao-cai/2018-20e-116000-km-aidxc23371172
23370183,Toyota Innova 2.0G 2009,210000000.0,25/09/2025,2009,Máy xăng,MPV,Xe cũ,28000,Số sàn,Nhập khẩu,Nam Định,https://oto.com.vn/mua-ban-xe-toyota-innova-nam-dinh/2009-g-28000-km-aidxc23370183
23372145,Toyota Innova 2.0E 2019,439000000.0,01/10/2025,2019,Máy xăng,MPV,Xe cũ,80000,Số tự động,Trong nước,Nam Định - Nam Định,https://oto.com.vn/mua-ban-xe-toyota-innova-nam-dinh/xe-gia-dinh-su-dung-ky-giu-gin-can-than-aidxc23372145
23355839,Toyota IQ 2012,580000000.0,20/08/2025,2012,Máy xăng,N/A,Xe cũ,100000,Số tự động,Nhập khẩu,Long Biên - Hà Nội,https://oto.com.vn/mua-ban-xe-toyota-iq-ha-noi/sieu-xe-02-cua-danh-cho-cac-chi-cac-em-aidxc23355839
23368372,Toyota Land Cruiser 2004,330000000.0,20/09/2025,2004,Máy xăng,SUV,Xe cũ,N/A,Số tự động,Nhập khẩu,An Giang,https://oto.com.vn/mua-ban-xe-toyota-land-cruiser-an-giang/2004-tai-aidxc23368372
23367823,Toyota Land Cruiser 2006,600000000.0,19/09/2025,2006,Máy xăng,SUV,Xe cũ,197000,Số tự động,Trong nước,Cái Răng - Cần Thơ,https://oto.com.vn/mua-ban-xe-toyota-land-cruiser-can-tho/xe-suv-cuc-dep-nam-2006-mau-bac-aidxc23367823
23368509,Toyota Land Cruiser 2000,215000000.0,21/09/2025,2000,Máy xăng,SUV,Xe cũ,200000,Số tự động,Trong nước,Đà Nẵng,https://oto.com.vn/mua-ban-xe-toyota-land-cruiser-da-nang/2000-gx-45-sieu-dia-hinh-aidxc23368509
23368993,Toyota Land Cruiser VX 4.6 V8 2020,4100000000.0,22/09/2025,2020,Máy xăng,SUV,Xe cũ,60000,Số tự động,Nhập khẩu,Hà Nội,https://oto.com.vn/mua-ban-xe-toyota-land-cruiser-ha-noi/46-san-xuat-2020-1-chu-ten-cong-ty-aidxc23368993
22898298,Toyota Land Cruiser V6 3.5L TURBO 2022,4800000000.0,25/09/2025,2022,Máy xăng,SUV,Xe cũ,24000,Số tự động,Trong nước,Bắc Từ Liêm - Hà Nội,https://oto.com.vn/mua-ban-xe-toyota-land-cruiser-ha-noi/chay-it-24000km-aidxc22898298
23336837,Toyota Land Cruiser 2007,850000000.0,30/09/2025,2007,Máy dầu,SUV,Xe cũ,150000,Số sàn,Nhập khẩu,Nam Từ Liêm - Hà Nội,https://oto.com.vn/mua-ban-xe-toyota-land-cruiser-ha-noi/doc-la-may-dau-aidxc23336837
23365799,Toyota Land Cruiser V8 2023,5248000000.0,15/09/2025,2023,Máy xăng,SUV,Xe cũ,30000,Số tự động,Nhập khẩu,Hà Nội,https://oto.com.vn/mua-ban-xe-toyota-land-cruiser-ha-noi/landcruiser-lc300-san-xuat-2023-aidxc23365799
23367457,Toyota Land Cruiser 2024,5569000000.0,18/09/2025,2024,Máy xăng,SUV,Xe cũ,30000,Số tự động,Nhập khẩu,Hà Nội,https://oto.com.vn/mua-ban-xe-toyota-land-cruiser-ha-noi/lc300-2024-co-vat-hon-5-ty-aidxc23367457
23366624,Toyota Land Cruiser VX 4.6 V8 2019,3800000000.0,16/09/2025,2019,Máy xăng,SUV,Xe cũ,140000,Số tự động,Nhập khẩu,Bắc Từ Liêm - Hà Nội,https://oto.com.vn/mua-ban-xe-toyota-land-cruiser-ha-noi/sieu-dep-aidxc23366624
23366076,Toyota Land Cruiser 2021,5888000000.0,16/09/2025,2021,Máy xăng,SUV,Xe cũ,50000,Số tự động,Nhập khẩu,Hà Nội,https://oto.com.vn/mua-ban-xe-toyota-land-cruiser-ha-noi/ten-ca-nhan-full-lich-su-hang-aidxc23366076
23362388,Toyota Land Cruiser 2020,828000000.0,05/09/2025,2020,Máy xăng,SUV,Xe cũ,76000,Số tự động,Nhập khẩu,Cầu Giấy - Hà Nội,https://oto.com.vn/mua-ban-xe-toyota-land-cruiser-ha-noi/xe-nhap-khau-di-7-van-6km-aidxc23362388
23361120,Toyota Land Cruiser 5.7 V8 2010,1300000000.0,03/09/2025,2010,Máy xăng,SUV,Xe cũ,100000,Số tự động,Nhập khẩu,Tây Hồ - Hà Nội,https://oto.com.vn/mua-ban-xe-toyota-land-cruiser-ha-noi/xe-suv-chinh-chu-mau-den-doc-la-aidxc23361120
23366635,Toyota Land Cruiser VX 4.6 V8 2014,1680000000.0,16/09/2025,2014,Máy xăng,SUV,Xe cũ,87000,Số tự động,Nhập khẩu,Tp.HCM,https://oto.com.vn/mua-ban-xe-toyota-land-cruiser-hcm/2014-vx-46-v8-87000-km-aidxc23366635
23365045,Toyota Land Cruiser VX 4.6 V8 2016,2950000000.0,12/09/2025,2016,Máy xăng,SUV,Xe cũ,248000,Số tự động,Nhập khẩu,Tp.HCM,https://oto.com.vn/mua-ban-xe-toyota-land-cruiser-hcm/vx-46-v8-2016-2-ty-950-aidxc23365045
23366522,Toyota Land Cruiser VX 4.6 V8 2016,3050000000.0,16/09/2025,2016,Máy xăng,SUV,Xe cũ,200000,Số tự động,Nhập khẩu,Đoan Hùng - Phú Thọ,https://oto.com.vn/mua-ban-xe-toyota-land-cruiser-phu-tho/nhap-nhat-dang-cap-sang-trong-aidxc23366522
23370327,Toyota Land Cruiser Prado VX 2021,2299000000.0,25/09/2025,2021,Máy xăng,SUV,Xe cũ,86000,Số tự động,Nhập khẩu,Dĩ An - Bình Dương,https://oto.com.vn/mua-ban-xe-toyota-land-cruiser-prado-binh-duong/xe-luot-odo-thap-gia-cuc-tot-aidxc23370327
23371954,Toyota Land Cruiser Prado VX 2021,2495000000.0,01/10/2025,2021,Máy xăng,SUV,Xe cũ,88000,Số tự động,Nhập khẩu,Đắk Lắk,https://oto.com.vn/mua-ban-xe-toyota-land-cruiser-prado-dak-lak/2021-vx-88000-km-aidxc23371954
23370256,Toyota Land Cruiser Prado TX-L 2014,886000000.0,25/09/2025,2014,Máy xăng,SUV,Xe cũ,10000,Số tự động,Nhập khẩu,Hà Nội,https://oto.com.vn/mua-ban-xe-toyota-land-cruiser-prado-ha-noi/2014-txl-27l-10000-km-aidxc23370256
23371030,Toyota Land Cruiser Prado 2020,2100000000.0,27/09/2025,2020,Máy xăng,SUV,Xe cũ,N/A,Số tự động,Nhập khẩu,Hà Nội,https://oto.com.vn/mua-ban-xe-toyota-land-cruiser-prado-ha-noi/2020-aidxc23371030
23371071,Toyota Land Cruiser Prado 2022,2000000000.0,28/09/2025,2022,Máy xăng,SUV,Xe cũ,95000,Số tự động,Nhập khẩu,Hà Nội,https://oto.com.vn/mua-ban-xe-toyota-land-cruiser-prado-ha-noi/2022-tai-aidxc23371071
23293086,Toyota Land Cruiser Prado VX 2021,2590000000.0,17/09/2025,2021,Máy xăng,SUV,Xe cũ,99000,Số tự động,Nhập khẩu,Nam Từ Liêm - Hà Nội,https://oto.com.vn/mua-ban-xe-toyota-land-cruiser-prado-ha-noi/bh-chinh-hang-sure-aidxc23293086
23363301,Toyota Land Cruiser Prado GX 2019,1929000000.0,09/09/2025,2019,Máy xăng,SUV,Xe cũ,100000,Số tự động,Nhập khẩu,Cầu Giấy - Hà Nội,https://oto.com.vn/mua-ban-xe-toyota-land-cruiser-prado-ha-noi/cam-ket-khong-dam-dung-khong-ngap-nuoc-aidxc23363301
23321995,Toyota Land Cruiser Prado VX 2019,1900000000.0,15/09/2025,2019,Máy xăng,SUV,Xe cũ,85981,Số tự động,Nhập khẩu,Thanh Xuân - Hà Nội,https://oto.com.vn/mua-ban-xe-toyota-land-cruiser-prado-ha-noi/oyota-27at-nhap-khau-nguyen-chiec-sx-2019-mau-den-aidxc23321995
23371333,Toyota Land Cruiser Prado VX 2019,1980000000.0,29/09/2025,2019,Máy xăng,SUV,Xe cũ,150000,Số tự động,Nhập khẩu,Cầu Giấy - Hà Nội,https://oto.com.vn/mua-ban-xe-toyota-land-cruiser-prado-ha-noi/prado-2019-suv-7-cho-nhap-khau-giu-zin-tung-chi-tiet-gia-thuong-luong-chot-nhanh-aidxc23371333
23368561,Toyota Land Cruiser Prado TX-L 2015,990000000.0,21/09/2025,2015,Máy xăng,SUV,Xe cũ,970000,Số tự động,Nhập khẩu,Hoàng Mai - Hà Nội,https://oto.com.vn/mua-ban-xe-toyota-land-cruiser-prado-ha-noi/prado-txl-27-sx2015-sieu-dep-cam-ket-ve-chat-luong-lien-he-truc-tiep-hoac-nhan-tin-zalo-aidxc23368561
23363303,Toyota Land Cruiser Prado TX-L 2014,960000000.0,09/09/2025,2014,Máy xăng,SUV,Xe cũ,120000,Số tự động,Nhập khẩu,Cầu Giấy - Hà Nội,https://oto.com.vn/mua-ban-xe-toyota-land-cruiser-prado-ha-noi/xe-dep-chu-di-giu-gin-aidxc23363303
23364023,Toyota Land Cruiser Prado GX 2017,1350000000.0,11/09/2025,2017,Máy xăng,SUV,Xe cũ,100000,Số tự động,Nhập khẩu,Chí Linh - Hải Dương,https://oto.com.vn/mua-ban-xe-toyota-land-cruiser-prado-hai-duong/noi-that-rong-rai-trang-bi-full-option-aidxc23364023
23372206,Toyota Land Cruiser Prado 2016,1280000000.0,01/10/2025,2016,Máy xăng,N/A,Xe cũ,87000,Số tự động,Nhập khẩu,Tp.HCM,https://oto.com.vn/mua-ban-xe-toyota-land-cruiser-prado-hcm/2016-so-tu-dong-tai-tp-aidxc23372206
23370566,Toyota Land Cruiser Prado 2019,1975000000.0,26/09/2025,2019,Máy xăng,SUV,Xe cũ,52000,Số tự động,Nhập khẩu,Thủ Đức - Tp.HCM,https://oto.com.vn/mua-ban-xe-toyota-land-cruiser-prado-hcm/2019-52000-km-aidxc23370566
23315794,Toyota Land Cruiser Prado VX 2021,2650000000.0,30/09/2025,2021,Máy xăng,SUV,Xe cũ,79000,Số tự động,Nhập khẩu,Thủ Đức - Tp.HCM,https://oto.com.vn/mua-ban-xe-toyota-land-cruiser-prado-hcm/xe-dam-bao-chat-luong-cam-ket-khong-tai-nan-dam-dung-thuy-kich-ngap-nuoc-aidxc23315794
23330399,Toyota Previa 1993,89000000.0,08/06/2025,1993,Máy xăng,Van/Minivan,Xe cũ,1,Số tự động,Trong nước,Tân Phú - Tp.HCM,https://oto.com.vn/mua-ban-xe-toyota-previa-hcm/1993-aidxc23330399
23301851,Toyota Previa 2010,589000000.0,22/09/2025,2010,Máy xăng,Van/Minivan,Xe cũ,50000,Số tự động,Nhập khẩu,Quận 10 - Tp.HCM,https://oto.com.vn/mua-ban-xe-toyota-previa-hcm/ban-cao-nhat-fulloption-3-cua-dien-2-mam-duc-smartkey-nut-de-nem-zin-xe-nha-trum-men-rat-moi-aidxc23301851
23369700,Toyota Raize 2022,425000000.0,24/09/2025,2022,Máy xăng,SUV,Xe cũ,50000,Số tự động,Nhập khẩu,Bình Phước,https://oto.com.vn/mua-ban-xe-toyota-raize-binh-phuoc/2022-10l-turbo-sx-2022-aidxc23369700
23371180,Toyota Raize 2022,460000000.0,28/09/2025,2022,Máy xăng,SUV,Xe cũ,30000,Số tự động,Nhập khẩu,Hà Nội,https://oto.com.vn/mua-ban-xe-toyota-raize-ha-noi/2022-30000-km-aidxc23371180
23368280,Toyota Raize 2024,509000000.0,20/09/2025,2024,Máy xăng,SUV,Xe cũ,6700,Số tự động,Nhập khẩu,Hà Nội,https://oto.com.vn/mua-ban-xe-toyota-raize-ha-noi/2024-6700-km-1-chu-k-xuoc-1-vet-aidxc23368280
23369627,Toyota Raize 2022,458000000.0,24/09/2025,2022,Máy xăng,Crossover,Xe cũ,44000,Số tự động,Nhập khẩu,Hoàng Mai - Hà Nội,https://oto.com.vn/mua-ban-xe-toyota-raize-ha-noi/ban-xe-2022-ten-tu-nhan-1-chu-tu-moi-chay-44-van-km-zin-lop-theo-xe-con-dep-aidxc23369627
23368625,Toyota Raize 2022,470000000.0,22/09/2025,2022,Máy xăng,SUV,Xe cũ,20000,Số tự động,Trong nước,Hà Nội,https://oto.com.vn/mua-ban-xe-toyota-raize-ha-noi/chay-2v-km-aidxc23368625
23369466,Toyota Raize 2021,440000000.0,23/09/2025,2021,Máy xăng,SUV,Xe cũ,20000,Số tự động,Nhập khẩu,Long Biên - Hà Nội,https://oto.com.vn/mua-ban-xe-toyota-raize-ha-noi/lien-he-truc-tiep-de-xem-xe-aidxc23369466
23370347,Toyota Raize 2021,415000000.0,26/09/2025,2021,Máy xăng,SUV,Xe cũ,102000,Số tự động,Trong nước,Hà Nội,https://oto.com.vn/mua-ban-xe-toyota-raize-ha-noi/nhap-indonesia-aidxc23370347
23368296,Toyota Raize 2024,518000000.0,20/09/2025,2024,Máy xăng,Crossover,Xe cũ,7000,Số tự động,Nhập khẩu,Nam Từ Liêm - Hà Nội,https://oto.com.vn/mua-ban-xe-toyota-raize-ha-noi/odo-7000-km-zin-tuyet-doi-aidxc23368296
23372224,Toyota Raize 2023,475000000.0,01/10/2025,2023,Máy xăng,Crossover,Xe cũ,10000,Số tự động,Nhập khẩu,Bình Thạnh - Tp.HCM,https://oto.com.vn/mua-ban-xe-toyota-raize-hcm/10000km-aidxc23372224
23370342,Toyota Raize 2022,445000000.0,26/09/2025,2022,Máy xăng,Crossover,Xe cũ,35000,Số tự động,Nhập khẩu,Gò Vấp - Tp.HCM,https://oto.com.vn/mua-ban-xe-toyota-raize-hcm/2022-xanh-ngoc-noc-den-dep-nhu-moi-aidxc23370342
23369391,Toyota Raize 2023,485000000.0,23/09/2025,2023,Máy xăng,SUV,Xe cũ,10400,Số tự động,Nhập khẩu,Tp.HCM,https://oto.com.vn/mua-ban-xe-toyota-raize-hcm/2023-luot-10400km-xe-cu-tai-hang-aidxc23369391
23366618,Toyota Raize 2024,510000000.0,16/09/2025,2024,Máy xăng,N/A,Xe cũ,14000,Số tự động,Trong nước,Tân Phú - Tp.HCM,https://oto.com.vn/mua-ban-xe-toyota-raize-hcm/bao-hanh-len-den-12-thang-hoac-20000-km-aidxc23366618
23369774,Toyota Raize 2021,442000000.0,24/09/2025,2021,Máy xăng,SUV,Xe cũ,20000,Số tự động,Nhập khẩu,Gò Vấp - Tp.HCM,https://oto.com.vn/mua-ban-xe-toyota-raize-hcm/sieu-cop-2021-zin-a-z-aidxc23369774
23371766,Toyota Raize 2022,480000000.0,30/09/2025,2022,Máy xăng,SUV,Xe cũ,29000,Số tự động,Nhập khẩu,Tp.HCM,https://oto.com.vn/mua-ban-xe-toyota-raize-hcm/xe-aidxc23371766
23354001,Toyota Raize 2022,445000000.0,21/09/2025,2022,Máy xăng,Crossover,Xe cũ,40000,Số tự động,Nhập khẩu,Đông Sơn - Thanh Hóa,https://oto.com.vn/mua-ban-xe-toyota-raize-thanh-hoa/xe-dep-1-chu-goc-36-aidxc23354001
23365057,Toyota RAV4 2008,218000000.0,12/09/2025,2008,Máy xăng,SUV,Xe cũ,1,Số tự động,Nhập khẩu,Bình Dương,https://oto.com.vn/mua-ban-xe-toyota-rav4-binh-duong/24-at-awd-2008-aidxc23365057
23279317,Toyota RAV4 LE 2007,285000000.0,10/03/2025,2007,Máy xăng,SUV,Xe cũ,120000,Số tự động,Nhập khẩu,Bắc Từ Liêm - Hà Nội,https://oto.com.vn/mua-ban-xe-toyota-rav4-ha-noi/2007-mau-den-aidxc23279317
23299807,Toyota RAV4 LE 2007,245000000.0,26/07/2025,2007,Máy xăng,SUV,Xe cũ,120000,Số tự động,Nhập khẩu,Bắc Từ Liêm - Hà Nội,https://oto.com.vn/mua-ban-xe-toyota-rav4-ha-noi/2007-mau-den-aidxc23299807
23333822,Toyota RAV4 2008,295000000.0,18/06/2025,2008,Máy xăng,SUV,Xe cũ,120000,Số tự động,Nhập khẩu,Hoàng Mai - Hà Nội,https://oto.com.vn/mua-ban-xe-toyota-rav4-ha-noi/ban-xe-san-xuat-nam-2008-nhap-my-ten-tu-nhan-1-chu-tu-moi-chay-aidxc23333822
23332222,Toyota RAV4 LE 2008,295000000.0,13/06/2025,2008,Máy xăng,SUV,Xe cũ,120000,Số tự động,Nhập khẩu,Hoàng Mai - Hà Nội,https://oto.com.vn/mua-ban-xe-toyota-rav4-ha-noi/ban-xe-san-xuat-nam-2008-nhap-my-ten-tu-nhan-1-chu-tu-moi-chay-chuan-12-van-aidxc23332222
23325461,Toyota RAV4 2008,310000000.0,11/09/2025,2008,Máy xăng,SUV,Xe cũ,90000,Số tự động,Nhập khẩu,Hà Đông - Hà Nội,https://oto.com.vn/mua-ban-xe-toyota-rav4-ha-noi/du-ho-so-sang-ten-xe-dep-gia-tot-aidxc23325461
23337908,Toyota RAV4 Limited AWD 2008,298000000.0,05/07/2025,2008,Máy xăng,SUV,Xe cũ,100000,Số tự động,Nhập khẩu,Cầu Giấy - Hà Nội,https://oto.com.vn/mua-ban-xe-toyota-rav4-ha-noi/rat-moi-chu-giu-gin-hang-hiem-aidxc23337908
23365977,Toyota Rush S 1.5 AT 2021,490000000.0,15/09/2025,2021,Máy xăng,SUV,Xe cũ,84000,Số tự động,Nhập khẩu,Bắc Ninh,https://oto.com.vn/mua-ban-xe-toyota-rush-bac-ninh/2021-s-15at-84000-km-aidxc23365977
23365978,Toyota Rush S 1.5 AT 2021,490000000.0,15/09/2025,2021,Máy xăng,SUV,Xe cũ,84000,Số tự động,Nhập khẩu,Bắc Ninh,https://oto.com.vn/mua-ban-xe-toyota-rush-bac-ninh/2021-s-15at-84000-km-aidxc23365978
23369176,Toyota Rush S 1.5 AT 2020,480000000.0,23/09/2025,2020,Máy xăng,SUV,Xe cũ,38000,Số tự động,Nhập khẩu,Bình Dương,https://oto.com.vn/mua-ban-xe-toyota-rush-binh-duong/2020-s-15-at-38000-km-aidxc23369176
23369484,Toyota Rush S 1.5 AT 2019,565000000.0,23/09/2025,2019,Máy xăng,SUV,Xe cũ,40000,Số tự động,Nhập khẩu,Đắk Lắk,https://oto.com.vn/mua-ban-xe-toyota-rush-dak-lak/2019-s-15-at-40000-km-aidxc23369484
23362161,Toyota Rush S 1.5 AT 2020,450000000.0,05/09/2025,2020,Máy xăng,SUV,Xe cũ,86000,Số tự động,Nhập khẩu,Đồng Nai,https://oto.com.vn/mua-ban-xe-toyota-rush-dong-nai/2020-s-15-at-86000-km-aidxc23362161
23362615,Toyota Rush S 1.5 AT 2020,485000000.0,06/09/2025,2020,Máy xăng,SUV,Xe cũ,52000,Số tự động,Nhập khẩu,Hà Nội,https://oto.com.vn/mua-ban-xe-toyota-rush-ha-noi/2020-s-15-at-52000-km-aidxc23362615
23358253,Toyota Rush 1.5 AT 2020,490000000.0,25/09/2025,2020,Máy xăng,SUV,Xe cũ,50000,Số tự động,Nhập khẩu,Nam Từ Liêm - Hà Nội,https://oto.com.vn/mua-ban-xe-toyota-rush-ha-noi/bh-chinh-hang-sure-aidxc23358253
23369659,Toyota Rush S 1.5 AT 2021,478000000.0,24/09/2025,2021,Máy xăng,SUV,Xe cũ,62000,Số tự động,Nhập khẩu,Tp.HCM,https://oto.com.vn/mua-ban-xe-toyota-rush-hcm/15s-2021luot-6-van-bh-1-nam-ho-tro-vay70-aidxc23369659
23369697,Toyota Rush S 1.5 AT 2021,478000000.0,24/09/2025,2021,Máy xăng,SUV,Xe cũ,63000,Số tự động,Nhập khẩu,Tp.HCM,https://oto.com.vn/mua-ban-xe-toyota-rush-hcm/15s-at-2021-63000km-aidxc23369697
23366234,Toyota Rush 1.5 AT 2018,388000000.0,16/09/2025,2018,Máy xăng,SUV,Xe cũ,98000,Số tự động,Nhập khẩu,Tp.HCM,https://oto.com.vn/mua-ban-xe-toyota-rush-hcm/2018-15-at-gia-dinh-chinh-chu-zin-aidxc23366234
23371797,Toyota Rush 1.5 AT 2018,410000000.0,30/09/2025,2018,Máy xăng,SUV,Xe cũ,100000,Số tự động,Nhập khẩu,Tp.HCM,https://oto.com.vn/mua-ban-xe-toyota-rush-hcm/2018-tu-dong-15-7-cho-2-dan-lanh-aidxc23371797
23371833,Toyota Rush 1.5 AT 2020,520000000.0,30/09/2025,2020,Máy xăng,SUV,Xe cũ,90000,Số tự động,Trong nước,Tp.HCM,https://oto.com.vn/mua-ban-xe-toyota-rush-hcm/2020-90000-km-aidxc23371833
23370786,Toyota Rush 1.5 AT 2021,450000000.0,27/09/2025,2021,Máy xăng,SUV,Xe cũ,180000,Số tự động,Nhập khẩu,Khánh Hòa,https://oto.com.vn/mua-ban-xe-toyota-rush-khanh-hoa/2021-s-15at-180000-km-aidxc23370786
23368726,Toyota Rush 1.5 AT 2021,520000000.0,21/09/2025,2021,Máy xăng,SUV,Xe cũ,80000,Số tự động,Nhập khẩu,Thừa Thiên Huế,https://oto.com.vn/mua-ban-xe-toyota-rush-thua-thien-hue/2021-trang-xe-xang-so-tu-dong-aidxc23368726
23370716,Toyota Rush S 1.5 AT 2019,480000000.0,26/09/2025,2019,Máy xăng,MPV,Xe cũ,1,Số tự động,Nhập khẩu,Vĩnh Phúc,https://oto.com.vn/mua-ban-xe-toyota-rush-vinh-phuc/15s-at-2019-aidxc23370716
23367663,Toyota Sequoia 2008,590000000.0,18/09/2025,2008,Máy xăng,SUV,Xe cũ,87980,Số tự động,Nhập khẩu,Bình Thạnh - Tp.HCM,https://oto.com.vn/mua-ban-xe-toyota-sequoia-hcm/48-limited-nhap-my-2008-hai-cau-manh-me-full-do-choi-8-cho-rong-rai-so-tu-dong-aidxc23367663
23363128,Toyota Sienna 2010,565000000.0,08/09/2025,2010,Máy xăng,N/A,Xe cũ,102400,Số tự động,Nhập khẩu,Bà Rịa Vũng Tàu,https://oto.com.vn/mua-ban-xe-toyota-sienna-ba-ria-vung-tau/2010-tai-aidxc23363128
23366464,Toyota Sienna 2007,300000000.0,16/09/2025,2007,Máy xăng,MPV,Xe cũ,100,Số tự động,Nhập khẩu,Bình Dương,https://oto.com.vn/mua-ban-xe-toyota-sienna-binh-duong/2007-100-km-aidxc23366464
23362290,Toyota Sienna Limited 3.5 AT AWD 2012,1180000000.0,05/09/2025,2012,Máy xăng,MPV,Xe cũ,119000,Số tự động,Nhập khẩu,Cái Răng - Cần Thơ,https://oto.com.vn/mua-ban-xe-toyota-sienna-can-tho/xe-gia-dinh-chat-luong-cao-nhap-khau-nguyen-ban-aidxc23362290
23371054,Toyota Sienna 2015,1250000000.0,27/09/2025,2015,Máy xăng,Sedan,Xe cũ,42000,Số tự động,Nhập khẩu,Cái Răng - Cần Thơ,https://oto.com.vn/mua-ban-xe-toyota-sienna-can-tho/xe-gia-dinh-nhap-my-chat-luong-cao-aidxc23371054
23354404,Toyota Sienna Limited 3.5 AT AWD 2019,2690000000.0,18/08/2025,2019,Máy xăng,MPV,Xe cũ,63000,Số tự động,Nhập khẩu,Ba Đình - Hà Nội,https://oto.com.vn/mua-ban-xe-toyota-sienna-ha-noi/limited-35-at-2019-aidxc23354404
23368930,Toyota Sienna 2007,339000000.0,22/09/2025,2007,Máy xăng,MPV,Xe cũ,179000,Số tự động,Nhập khẩu,Quận 11 - Tp.HCM,https://oto.com.vn/mua-ban-xe-toyota-sienna-hcm/2007-179000-km-aidxc23368930
23361582,Toyota Sienna LE 3.5 AT FWD 2011,589000000.0,04/09/2025,2011,Máy xăng,MPV,Xe cũ,90000,Số tự động,Nhập khẩu,Tp.HCM,https://oto.com.vn/mua-ban-xe-toyota-sienna-hcm/2011-vang-catxe-gia-dinh-di-kymoi-aidxc23361582
23362260,Toyota Sienna 2020,3900000000.0,05/09/2025,2020,Máy xăng,MPV,Xe cũ,46000,Số tự động,Nhập khẩu,Tp.HCM,https://oto.com.vn/mua-ban-xe-toyota-sienna-hcm/2020-46000-km-aidxc23362260
23363442,Toyota Sienna 2010,545000000.0,09/09/2025,2010,Máy xăng,MPV,Xe cũ,130000,Số tự động,Nhập khẩu,Tp.HCM,https://oto.com.vn/mua-ban-xe-toyota-sienna-hcm/27l-sx-2010-nhap-my-aidxc23363442
23364297,Toyota Sienna LE 3.5 AT FWD 2007,298000000.0,11/09/2025,2007,Máy xăng,MPV,Xe cũ,128000,Số tự động,Nhập khẩu,Quận 8 - Tp.HCM,https://oto.com.vn/mua-ban-xe-toyota-sienna-hcm/35-le-2007-128000-km-aidxc23364297
23369312,Toyota Sienna 2008,385000000.0,23/09/2025,2008,Máy xăng,N/A,Xe cũ,126000,Số tự động,Nhập khẩu,Tp.HCM,https://oto.com.vn/mua-ban-xe-toyota-sienna-hcm/le-35-doi-cuoi-2008-nhap-my-aidxc23369312
23334030,Toyota Sienna Limited 3.5 AT AWD 2014,1250000000.0,03/09/2025,2014,Máy xăng,MPV,Xe cũ,1280,Số tự động,Nhập khẩu,Quận 7 - Tp.HCM,https://oto.com.vn/mua-ban-xe-toyota-sienna-hcm/limeted-35-2014-aidxc23334030
23366064,Toyota Sienna Limited 3.5 AT AWD 2011,855000000.0,15/09/2025,2011,Máy xăng,MPV,Xe cũ,90000,Số tự động,Nhập khẩu,Tp.HCM,https://oto.com.vn/mua-ban-xe-toyota-sienna-hcm/limited-nhap-my-ban-full-option-aidxc23366064
23362359,Toyota Sienna Limited 3.5 AT AWD 2016,1550000000.0,05/09/2025,2016,Máy xăng,MPV,Xe cũ,60000,Số tự động,Nhập khẩu,Tp.HCM,https://oto.com.vn/mua-ban-xe-toyota-sienna-hcm/mpv-thuong-gia-my-limited-cao-cap-aidxc23362359
23366583,Toyota Sienna XLE 3.5 AT AWD 2007,395000000.0,16/09/2025,2007,Máy xăng,MPV,Xe cũ,1,Số tự động,Nhập khẩu,Tp.HCM,https://oto.com.vn/mua-ban-xe-toyota-sienna-hcm/xle-35-2007-aidxc23366583
23366953,Toyota Veloz 2025,595000000.0,17/09/2025,2025,Máy xăng,MPV,Xe cũ,21000,Số tự động,Nhập khẩu,Chợ Lách - Cần Thơ,https://oto.com.vn/mua-ban-xe-toyota-veloz-can-tho/top-2025-ht-vay-gia-thuong-luong-aidxc23366953
23366940,Toyota Veloz 2025,595000000.0,17/09/2025,2025,Máy xăng,SUV,Xe cũ,21000,Số tự động,Trong nước,Quy Nhơn - Cần Thơ,https://oto.com.vn/mua-ban-xe-toyota-veloz-can-tho/top-2025-sieu-luot-21000km-tiet-kiem-50tr-aidxc23366940
23372329,Toyota Veloz Cross CVT Top 2022,475000000.0,02/10/2025,2022,Máy xăng,MPV,Xe cũ,124000,Số tự động,Nhập khẩu,Bình Dương,https://oto.com.vn/mua-ban-xe-toyota-veloz-cross-binh-duong/2022-cvt-124000-km-aidxc23372329
23372165,Toyota Veloz Cross 1.5 CVT 2022,475000000.0,01/10/2025,2022,Máy xăng,MPV,Xe cũ,125000,Số tự động,Nhập khẩu,Bình Dương,https://oto.com.vn/mua-ban-xe-toyota-veloz-cross-binh-duong/2022-xe-nhap-re-tai-hang-aidxc23372165
23371086,Toyota Veloz Cross CVT Top 2022,485000000.0,28/09/2025,2022,Máy xăng,Crossover,Xe cũ,68430,Số tự động,Nhập khẩu,Cần Thơ,https://oto.com.vn/mua-ban-xe-toyota-veloz-cross-can-tho/2022-cvt-68430-km-aidxc23371086
23371688,Toyota Veloz Cross 2023,490000000.0,30/09/2025,2023,Máy xăng,MPV,Xe cũ,63000,Số tự động,Trong nước,Cần Thơ,https://oto.com.vn/mua-ban-xe-toyota-veloz-cross-can-tho/2023-63000-km-aidxc23371688
23371455,Toyota Veloz Cross 1.5 CVT 2022,468000000.0,29/09/2025,2022,Máy xăng,MPV,Xe cũ,98000,Số tự động,Nhập khẩu,Đà Nẵng,https://oto.com.vn/mua-ban-xe-toyota-veloz-cross-da-nang/2022-cvt-98000-km-aidxc23371455
23370918,Toyota Veloz Cross 2022,535000000.0,27/09/2025,2022,Máy xăng,N/A,Xe cũ,50000,Số tự động,N/A,Hà Nội,https://oto.com.vn/mua-ban-xe-toyota-veloz-cross-ha-noi/2022-aidxc23370918
23372235,Toyota Veloz Cross 2022,485000000.0,02/10/2025,2022,Máy xăng,N/A,Xe cũ,43000,Số tự động,Nhập khẩu,Hà Nội,https://oto.com.vn/mua-ban-xe-toyota-veloz-cross-ha-noi/2022-aidxc23372235
23370873,Toyota Veloz Cross 2022,535000000.0,27/09/2025,2022,Máy xăng,N/A,Xe cũ,50000,Số tự động,N/A,Hà Nội,https://oto.com.vn/mua-ban-xe-toyota-veloz-cross-ha-noi/2022-tai-aidxc23370873
23368204,Toyota Veloz Cross 2022,475000000.0,20/09/2025,2022,Máy xăng,MPV,Xe cũ,60000,Số tự động,Nhập khẩu,Hà Nội,https://oto.com.vn/mua-ban-xe-toyota-veloz-cross-ha-noi/2022-xe-dep-cua-gia-dinh-aidxc23368204
23365668,Toyota Veloz Cross 1.5 CVT 2022,495000000.0,14/09/2025,2022,Máy xăng,Crossover,Xe cũ,50000,Số tự động,Nhập khẩu,Hoàng Mai - Hà Nội,https://oto.com.vn/mua-ban-xe-toyota-veloz-cross-ha-noi/ban-xe-san-xuat-nam-2022-mau-do-nhap-khau-ten-tu-nhan-1-chu-tu-moi-aidxc23365668
23369175,Toyota Veloz Cross 2022,480000000.0,23/09/2025,2022,Máy xăng,MPV,Xe cũ,145000,Số tự động,Trong nước,Tp.HCM,https://oto.com.vn/mua-ban-xe-toyota-veloz-cross-hcm/2022-14000-km-aidxc23369175
23371504,Toyota Veloz Cross CVT Top 2022,505000000.0,29/09/2025,2022,Máy xăng,Crossover,Xe cũ,51000,Số tự động,Nhập khẩu,Tp.HCM,https://oto.com.vn/mua-ban-xe-toyota-veloz-cross-hcm/2022-cvt-51000-km-aidxc23371504
23371133,Toyota Veloz Cross CVT Top 2023,550000000.0,28/09/2025,2023,Máy xăng,MPV,Xe cũ,79000,Số tự động,Trong nước,Tp.HCM,https://oto.com.vn/mua-ban-xe-toyota-veloz-cross-hcm/2023-79000-km-aidxc23371133
23370642,Toyota Veloz Cross 1.5 CVT 2023,545000000.0,26/09/2025,2023,Máy xăng,Crossover,Xe cũ,27000,Số tự động,Nhập khẩu,Tp.HCM,https://oto.com.vn/mua-ban-xe-toyota-veloz-cross-hcm/2023-xe-gia-dinh-mau-trang-ngoc-trai-aidxc23370642
23304600,Toyota Veloz Cross 1.5 CVT TOP 2022,555000000.0,30/09/2025,2022,Máy xăng,N/A,Xe cũ,50000,Số tự động,Nhập khẩu,Nam Định - Nam Định,https://oto.com.vn/mua-ban-xe-toyota-veloz-cross-nam-dinh/ha-nhiet-xuong-57x-xe-chu-di-tu-dau-mua-moi-nuoc-son-dep-mau-dep-hiem-aidxc23304600
23368649,Toyota Veloz 2024,580000000.0,21/09/2025,2024,Máy xăng,MPV,Xe cũ,30000,Số tự động,Nhập khẩu,Đà Nẵng,https://oto.com.vn/mua-ban-xe-toyota-veloz-da-nang/top-2024-bien-trang-odo-3van-km-aidxc23368649
23369377,Toyota Veloz 2025,609000000.0,23/09/2025,2025,Máy xăng,N/A,Xe cũ,10000,Số tự động,Trong nước,Biên Hòa - Đồng Nai,https://oto.com.vn/mua-ban-xe-toyota-veloz-dong-nai/tang-100-truoc-ba-aidxc23369377
23361695,Toyota Veloz 2023,540000000.0,04/09/2025,2023,Máy xăng,N/A,Xe cũ,20000,Số tự động,Trong nước,Plei Ku - Gia Lai,https://oto.com.vn/mua-ban-xe-toyota-veloz-gia-lai/gia-re-can-ban-gap-aidxc23361695
23367107,Toyota Veloz 2022,495000000.0,17/09/2025,2022,Máy xăng,MPV,Xe cũ,62000,Số tự động,Nhập khẩu,Hà Nội,https://oto.com.vn/mua-ban-xe-toyota-veloz-ha-noi/1116-2022-cvt-62000-km-aidxc23367107
23369559,Toyota Veloz 2022,500000000.0,24/09/2025,2022,Máy xăng,MPV,Xe cũ,49000,Số tự động,Nhập khẩu,Hà Nội,https://oto.com.vn/mua-ban-xe-toyota-veloz-ha-noi/2022-cvt-49000-km-aidxc23369559
23371650,Toyota Veloz 2022,500000000.0,30/09/2025,2022,Máy xăng,MPV,Xe cũ,50000,Số tự động,Trong nước,Đồ Sơn - Hải Phòng,https://oto.com.vn/mua-ban-xe-toyota-veloz-hai-phong/salon-xin-duoc-chao-ban-chiec-xe-aidxc23371650
23369079,Toyota Veloz 2022,505000000.0,22/09/2025,2022,Máy xăng,MPV,Xe cũ,51000,Số tự động,Nhập khẩu,Tp.HCM,https://oto.com.vn/mua-ban-xe-toyota-veloz-hcm/15-at-cvt-aidxc23369079
23370684,Toyota Veloz 2022,490000000.0,26/09/2025,2022,Máy xăng,MPV,Xe cũ,24000,Số tự động,Nhập khẩu,Tp.HCM,https://oto.com.vn/mua-ban-xe-toyota-veloz-hcm/2022-cvt-top-24000-km-aidxc23370684
23367610,Toyota Veloz 2022,479000000.0,18/09/2025,2022,Máy xăng,MPV,Xe cũ,53000,Số tự động,Nhập khẩu,Tp.HCM,https://oto.com.vn/mua-ban-xe-toyota-veloz-hcm/2022-so-tu-dong-mau-trang-aidxc23367610
23368298,Toyota Veloz 2023,493000000.0,20/09/2025,2023,Máy xăng,SUV,Xe cũ,83000,Số tự động,Nhập khẩu,Tp.HCM,https://oto.com.vn/mua-ban-xe-toyota-veloz-hcm/2023-so-tu-dong-mau-do-zin-aidxc23368298
23367159,Toyota Veloz 2024,560000000.0,17/09/2025,2024,Máy xăng,MPV,Xe cũ,79300,Số tự động,Nhập khẩu,Quận 2 - Tp.HCM,https://oto.com.vn/mua-ban-xe-toyota-veloz-hcm/ban-top-2023-bao-hanh-chinh-hang-aidxc23367159
23370432,Toyota Veloz 2023,550000000.0,26/09/2025,2023,Máy xăng,MPV,Xe cũ,79000,Số tự động,Trong nước,Tp.HCM,https://oto.com.vn/mua-ban-xe-toyota-veloz-hcm/ban-top-2023-gia-hat-de-ho-tro-bank-70-aidxc23370432
23367352,Toyota Veloz 2024,585000000.0,18/09/2025,2024,Máy xăng,MPV,Xe cũ,36000,Số tự động,Trong nước,Vĩnh Long,https://oto.com.vn/mua-ban-xe-toyota-veloz-vinh-long/top-2024-1-chu-di-ki-son-zin-100-aidxc23367352
23366160,Toyota Venza 2.7 AWD AT 2009,400000000.0,15/09/2025,2009,Máy xăng,SUV,Xe cũ,113000,Số tự động,Nhập khẩu,Vũng Tàu - Bà Rịa Vũng Tàu,https://oto.com.vn/mua-ban-xe-toyota-venza-ba-ria-vung-tau/2009-27-at-113000-km-aidxc23366160
23366457,Toyota Venza 2.7 AWD AT 2009,300000000.0,16/09/2025,2009,Máy xăng,SUV,Xe cũ,100000,Số tự động,Nhập khẩu,Bình Dương,https://oto.com.vn/mua-ban-xe-toyota-venza-binh-duong/2009-27-at-100000-km-aidxc23366457
23367920,Toyota Venza 2.7 AWD AT 2009,355000000.0,19/09/2025,2009,Máy xăng,SUV,Xe cũ,82536,Số tự động,Nhập khẩu,Bình Dương,https://oto.com.vn/mua-ban-xe-toyota-venza-binh-duong/2009-27-at-gd-chuan-dep-aidxc23367920
23369031,Toyota Venza 2.7 AWD AT 2009,485000000.0,22/09/2025,2009,Máy xăng,Crossover,Xe cũ,46998,Số tự động,Nhập khẩu,Bình Dương,https://oto.com.vn/mua-ban-xe-toyota-venza-binh-duong/27-2009-485-trieu-aidxc23369031
23367026,Toyota Venza 2009,375000000.0,17/09/2025,2009,Máy xăng,SUV,Xe cũ,112000,Số tự động,Nhập khẩu,Hà Nội,https://oto.com.vn/mua-ban-xe-toyota-venza-ha-noi/2009-27-at-112000-km-aidxc23367026
23369859,Toyota Venza 2.7 AWD AT 2009,385000000.0,24/09/2025,2009,Máy xăng,SUV,Xe cũ,8000,Số tự động,Nhập khẩu,Hà Nội,https://oto.com.vn/mua-ban-xe-toyota-venza-ha-noi/27-2009-nhap-my-385tr-aidxc23369859
23365784,Toyota Venza 2009,338000000.0,17/09/2025,2009,Máy xăng,MPV,Xe cũ,288000,Số tự động,Trong nước,Hà Nội,https://oto.com.vn/mua-ban-xe-toyota-venza-ha-noi/bao-duong-dung-dinh-ky-aidxc23365784
23318594,Toyota Venza 2.7 AWD AT 2009,450000000.0,07/05/2025,2009,Máy xăng,Crossover,Xe cũ,87000,Số tự động,Nhập khẩu,Tp.HCM,https://oto.com.vn/mua-ban-xe-toyota-venza-hcm/2-cau-phuoc-xin-aidxc23318594
23347110,Toyota Venza 3.5 AWD AT 2009,450000000.0,26/08/2025,2009,Máy xăng,SUV,Xe cũ,85000,Số tự động,Nhập khẩu,Quận 7 - Tp.HCM,https://oto.com.vn/mua-ban-xe-toyota-venza-hcm/35-2009-nhap-my-aidxc23347110
23359404,Toyota Venza 2.7 AWD AT 2009,450000000.0,28/08/2025,2009,Máy xăng,Crossover,Xe cũ,98000,Số tự động,Nhập khẩu,Tp.HCM,https://oto.com.vn/mua-ban-xe-toyota-venza-hcm/ban-full-kich-1-cau-aidxc23359404
23343764,Toyota Venza 2009,395000000.0,20/07/2025,2009,Máy xăng,Crossover,Xe cũ,125000,Số tự động,Nhập khẩu,Tp.HCM,https://oto.com.vn/mua-ban-xe-toyota-venza-hcm/rong-rai-phu-hop-cho-gia-dinh-aidxc23343764
23348243,Toyota Venza 3.5 AWD AT 2009,450000000.0,28/08/2025,2009,Máy xăng,SUV,Xe cũ,110000,Số tự động,Nhập khẩu,Hóc Môn - Tp.HCM,https://oto.com.vn/mua-ban-xe-toyota-venza-hcm/xe-con-rat-dep-aidxc23348243
23366337,Toyota Venza 3.5 AWD AT 2009,450000000.0,16/09/2025,2009,Máy xăng,SUV,Xe cũ,110000,Số tự động,Nhập khẩu,Hóc Môn - Tp.HCM,https://oto.com.vn/mua-ban-xe-toyota-venza-hcm/xe-con-rat-dep-aidxc23366337
23330366,Toyota Venza 2.7 AWD AT 2009,385000000.0,10/07/2025,2009,Máy xăng,Crossover,Xe cũ,144000,Số tự động,Nhập khẩu,Quận 12 - Tp.HCM,https://oto.com.vn/mua-ban-xe-toyota-venza-hcm/xe-nhap-khau-my-chat-luong-cao-gia-hop-ly-aidxc23330366
23328854,Toyota Venza 3.5 AWD AT 2009,430000000.0,02/06/2025,2009,Máy xăng,Crossover,Xe cũ,117482,Số tự động,Nhập khẩu,Tp.HCM,https://oto.com.vn/mua-ban-xe-toyota-venza-hcm/xe-nhap-my-chat-luong-cao-day-du-option-hien-dai-aidxc23328854
23369712,Toyota Vios Limo 2010,116000000.0,24/09/2025,2010,Máy xăng,Sedan,Xe cũ,40,Số sàn,Trong nước,Tân Yên - Bắc Giang,https://oto.com.vn/mua-ban-xe-toyota-vios-bac-giang/2010-gia-116trieu-aidxc23369712
23363980,Toyota Vios 2010,115000000.0,10/09/2025,2010,Máy xăng,Sedan,Xe cũ,40,Số sàn,Trong nước,Tân Yên - Bắc Giang,https://oto.com.vn/mua-ban-xe-toyota-vios-bac-giang/ban-2010-gia-115trieu-aidxc23363980
23370767,Toyota Vios 1.5 E CVT 2023,440000000.0,27/09/2025,2023,Máy xăng,Sedan,Xe cũ,40000,Số tự động,Nhập khẩu,Bình Thuận,https://oto.com.vn/mua-ban-xe-toyota-vios-binh-thuan/e-cvt-2023-440-trieu-aidxc23370767
23372478,Toyota Vios TRD SPORTIVO 2018,395000000.0,02/10/2025,2018,Máy xăng,Sedan,Xe cũ,132000,Số tự động,Trong nước,Cần Thơ,https://oto.com.vn/mua-ban-xe-toyota-vios-can-tho/2018-15-trd-132000-km-aidxc23372478
23369083,Toyota Vios 2023,399000000.0,22/09/2025,2023,Máy xăng,Sedan,Xe cũ,63000,Số tự động,Nhập khẩu,Cần Thơ,https://oto.com.vn/mua-ban-xe-toyota-vios-can-tho/2023-aidxc23369083
23372533,Toyota Vios 1.5E MT 2017,265000000.0,02/10/2025,2017,Máy xăng,Sedan,Xe cũ,143000,Số sàn,Trong nước,Đồng Nai,https://oto.com.vn/mua-ban-xe-toyota-vios-dong-nai/2017-15e-mt-aidxc23372533
23372510,Toyota Vios 1.5G AT 2008,215000000.0,02/10/2025,2008,Máy xăng,Sedan,Xe cũ,166000,Số tự động,Nhập khẩu,Đồng Nai,https://oto.com.vn/mua-ban-xe-toyota-vios-dong-nai/215-trieu-2008-at-nguyen-zin-aidxc23372510
23283270,Toyota Vios 1.5E MT 2016,255000000.0,03/09/2025,2016,Máy xăng,Sedan,Xe cũ,120000,Số sàn,Trong nước,Thanh Xuân - Hà Nội,https://oto.com.vn/mua-ban-xe-toyota-vios-ha-noi/15e-mt-2016-xe-ca-nhan-1-chu-su-dung-aidxc23283270
23362501,Toyota Vios 1.5E MT 2019,320000000.0,05/09/2025,2019,Máy xăng,Sedan,Xe cũ,80000,Số sàn,Trong nước,Thanh Xuân - Hà Nội,https://oto.com.vn/mua-ban-xe-toyota-vios-ha-noi/15e-mt-2019-aidxc23362501
23284124,Toyota Vios 1.5G AT 2019,380000000.0,03/09/2025,2019,Máy xăng,Sedan,Xe cũ,125000,Số tự động,Trong nước,Thường Tín - Hà Nội,https://oto.com.vn/mua-ban-xe-toyota-vios-ha-noi/15g-2019-ho-so-cam-tay-sang-ten-trong-ngay-aidxc23284124
23372463,Toyota Vios 1.5E MT 2010,138000000.0,02/10/2025,2010,Máy xăng,Sedan,Xe cũ,21,Số sàn,Trong nước,Hà Nội,https://oto.com.vn/mua-ban-xe-toyota-vios-ha-noi/2010-15e-21-km-aidxc23372463
23372514,Toyota Vios 1.5E MT 2010,138000000.0,02/10/2025,2010,Máy xăng,Sedan,Xe cũ,21,Số sàn,Trong nước,Hà Nội,https://oto.com.vn/mua-ban-xe-toyota-vios-ha-noi/2010-15e-21-km-aidxc23372514
23369231,Toyota Vios 1.5E MT 2015,180000000.0,23/09/2025,2015,Máy xăng,Sedan,Xe cũ,333830,Số sàn,Nhập khẩu,Hà Nội,https://oto.com.vn/mua-ban-xe-toyota-vios-ha-noi/2015-15e-333830-km-aidxc23369231
23372408,Toyota Vios 1.5 G CVT 2019,355000000.0,02/10/2025,2019,Máy xăng,Sedan,Xe cũ,38000,Số tự động,Trong nước,Hà Nội,https://oto.com.vn/mua-ban-xe-toyota-vios-ha-noi/2019-15g-cvt-38000-km-aidxc23372408
23370741,Toyota Vios 1.5E MT 2020,330000000.0,27/09/2025,2020,Máy xăng,Sedan,Xe cũ,80000,Số sàn,Trong nước,Hà Nội,https://oto.com.vn/mua-ban-xe-toyota-vios-ha-noi/2020-15e-mt-80000-km-aidxc23370741
23371221,Toyota Vios 2022,420000000.0,28/09/2025,2022,Máy xăng,Sedan,Xe cũ,N/A,Số tự động,N/A,Hà Nội,https://oto.com.vn/mua-ban-xe-toyota-vios-ha-noi/2022-aidxc23371221
23371555,Toyota Vios G 2022,420000000.0,29/09/2025,2022,Máy xăng,Sedan,Xe cũ,58000,Số tự động,Nhập khẩu,Gia Lâm - Hà Nội,https://oto.com.vn/mua-ban-xe-toyota-vios-ha-noi/2022-g-15-cvt-58000-km-aidxc23371555
23371164,Toyota Vios 1.5 E CVT 2022,379000000.0,28/09/2025,2022,Máy xăng,Sedan,Xe cũ,50000,Số tự động,Trong nước,Hoàng Mai - Hà Nội,https://oto.com.vn/mua-ban-xe-toyota-vios-ha-noi/ban-xe-e-san-xuat-nam-2022-mau-den-dang-ky-ten-tu-nhan-lan-banh-hon-5-van-km-aidxc23371164
23370601,Toyota Vios 2020,380000000.0,26/09/2025,2020,Máy xăng,Sedan,Xe cũ,66850,Số tự động,Nhập khẩu,Hà Nội,https://oto.com.vn/mua-ban-xe-toyota-vios-ha-noi/chinh-chu-ban-xe-2020-aidxc23370601
23364004,Toyota Vios 1.5 G CVT 2022,435000000.0,10/09/2025,2022,Máy xăng,Sedan,Xe cũ,61000,Số tự động,Trong nước,Hoàng Mai - Hà Nội,https://oto.com.vn/mua-ban-xe-toyota-vios-ha-noi/co-tra-gop-cam-ket-chat-luong-bang-van-ban-bao-duong-dinh-ky-aidxc23364004
23368891,Toyota Vios 2024,435000000.0,22/09/2025,2024,Máy xăng,Sedan,Xe cũ,22000,Số tự động,Trong nước,Quốc Oai - Hà Nội,https://oto.com.vn/mua-ban-xe-toyota-vios-ha-noi/dep-nhu-moi-aidxc23368891
23343006,Toyota Vios 2020,379000000.0,17/09/2025,2020,Máy xăng,Sedan,Xe cũ,60000,Số tự động,Trong nước,Sóc Sơn - Hà Nội,https://oto.com.vn/mua-ban-xe-toyota-vios-ha-noi/e-15at-tu-nhan-1-chu-mua-moi-aidxc23343006
23338006,Toyota Vios 1.5 E CVT 2022,425000000.0,09/09/2025,2022,Máy xăng,Sedan,Xe cũ,50000,Số tự động,Trong nước,Thanh Xuân - Hà Nội,https://oto.com.vn/mua-ban-xe-toyota-vios-ha-noi/e-cvt-2022-aidxc23338006
23369996,Toyota Vios 2016,240000000.0,25/09/2025,2016,Máy xăng,Sedan,Xe cũ,33,Số sàn,Trong nước,Hà Nội,https://oto.com.vn/mua-ban-xe-toyota-vios-ha-noi/xe-2016-33-km-aidxc23369996
23349526,Toyota Vios 1.5G AT 2022,429000000.0,09/09/2025,2022,Máy xăng,N/A,Xe cũ,59000,Số tự động,Trong nước,Cầu Giấy - Hà Nội,https://oto.com.vn/mua-ban-xe-toyota-vios-ha-noi/xe-dep-bao-check-test-gia-tot-xem-xe-aidxc23349526
23353858,Toyota Vios 1.5E MT 2020,350000000.0,16/09/2025,2020,Máy xăng,Sedan,Xe cũ,15000,Số sàn,Trong nước,Cầu Giấy - Hà Nội,https://oto.com.vn/mua-ban-xe-toyota-vios-ha-noi/xe-dep-bien-1-chu-mua-moi-aidxc23353858
23364830,Toyota Vios 1.5G AT 2020,410000000.0,12/09/2025,2020,Máy xăng,Sedan,Xe cũ,90000,Số tự động,Trong nước,Hà Đông - Hà Nội,https://oto.com.vn/mua-ban-xe-toyota-vios-ha-noi/xe-dep-tai-chu-giu-gin-aidxc23364830
23343076,Toyota Vios 1.5 G CVT 2022,429000000.0,17/09/2025,2022,Máy xăng,Sedan,Xe cũ,70000,Số tự động,Trong nước,Sóc Sơn - Hà Nội,https://oto.com.vn/mua-ban-xe-toyota-vios-ha-noi/xe-dep-tu-nhan-1-chu-trang-bi-du-tien-nghi-aidxc23343076
23364887,Toyota Vios 1.5 E CVT 2017,300000000.0,12/09/2025,2017,Máy xăng,Sedan,Xe cũ,100000,Số tự động,Trong nước,Chí Linh - Hải Dương,https://oto.com.vn/mua-ban-xe-toyota-vios-hai-duong/2017-ecvt-15-aidxc23364887
23336302,Toyota Vios 1.5G AT 2019,389000000.0,03/09/2025,2019,Máy xăng,Sedan,Xe cũ,77459,Số tự động,Trong nước,An Lão - Hải Phòng,https://oto.com.vn/mua-ban-xe-toyota-vios-hai-phong/vio-cu-vang-cat-tu-dong-aidxc23336302
23368243,Toyota Vios 1.5E MT 2013,175000000.0,20/09/2025,2013,Máy xăng,Sedan,Xe cũ,150000,Số sàn,Trong nước,An Lão - Hải Phòng,https://oto.com.vn/mua-ban-xe-toyota-vios-hai-phong/xe-dep-da-len-full-do-aidxc23368243
23368103,Toyota Vios 1.5E MT 2018,286000000.0,19/09/2025,2018,Máy xăng,Sedan,Xe cũ,80000,Số sàn,Trong nước,An Lão - Hải Phòng,https://oto.com.vn/mua-ban-xe-toyota-vios-hai-phong/xe-dep-hang-quoc-dan-aidxc23368103
23368248,Toyota Vios 1.3J MT 2016,228000000.0,20/09/2025,2016,Máy xăng,Sedan,Xe cũ,120000,Số sàn,Trong nước,An Lão - Hải Phòng,https://oto.com.vn/mua-ban-xe-toyota-vios-hai-phong/xe-dep-khong-dam-va-ngap-nuoc-san-sang-di-ngay-aidxc23368248
23369196,Toyota Vios 1.5G AT 2018,368000000.0,23/09/2025,2018,Máy xăng,Sedan,Xe cũ,57700,Số tự động,Nhập khẩu,Tp.HCM,https://oto.com.vn/mua-ban-xe-toyota-vios-hcm/15g-2018-368-trieu-aidxc23369196
23371820,Toyota Vios 1.5 G CVT 2017,320000000.0,30/09/2025,2017,Máy xăng,Sedan,Xe cũ,200000,Số tự động,Trong nước,Tp.HCM,https://oto.com.vn/mua-ban-xe-toyota-vios-hcm/2017-15g-cvt-aidxc23371820
23372471,Toyota Vios 1.5E MT 2018,255000000.0,02/10/2025,2018,Máy xăng,Sedan,Xe cũ,120000,Số sàn,Trong nước,Tp.HCM,https://oto.com.vn/mua-ban-xe-toyota-vios-hcm/2018-15e-mt-120000-km-aidxc23372471
23370058,Toyota Vios 1.5E MT 2018,270000000.0,25/09/2025,2018,Máy xăng,Sedan,Xe cũ,164000,Số sàn,Trong nước,Tp.HCM,https://oto.com.vn/mua-ban-xe-toyota-vios-hcm/2018-15e-mt-164000-km-aidxc23370058
23368975,Toyota Vios 1.5E MT 2021,350000000.0,22/09/2025,2021,Máy xăng,Sedan,Xe cũ,140000,Số sàn,Trong nước,Tp.HCM,https://oto.com.vn/mua-ban-xe-toyota-vios-hcm/2021-15e-mt-140000-km-aidxc23368975
23372218,Toyota Vios 1.5 G CVT 2022,420000000.0,01/10/2025,2022,Máy xăng,Sedan,Xe cũ,28000,Số tự động,Trong nước,Bình Thạnh - Tp.HCM,https://oto.com.vn/mua-ban-xe-toyota-vios-hcm/28000km-aidxc23372218
23366801,Toyota Vios 1.5 G CVT 2022,428000000.0,17/09/2025,2022,Máy xăng,Sedan,Xe cũ,78000,Số tự động,Trong nước,Bình Thạnh - Tp.HCM,https://oto.com.vn/mua-ban-xe-toyota-vios-hcm/78000-km-aidxc23366801
23372380,Toyota Vios 1.5E MT 2015,225000000.0,02/10/2025,2015,Máy xăng,Sedan,Xe cũ,12400,Số sàn,Trong nước,Củ Chi - Tp.HCM,https://oto.com.vn/mua-ban-xe-toyota-vios-hcm/e-xin-aidxc23372380
23364016,Toyota Vios 1.5E MT 2018,295000000.0,11/09/2025,2018,Máy xăng,Sedan,Xe cũ,115000,Số sàn,Trong nước,Bình Chánh - Tp.HCM,https://oto.com.vn/mua-ban-xe-toyota-vios-hcm/uy-tin-chat-luong-tra-gop-70-gia-tri-xe-aidxc23364016
23370085,Toyota Vios TRD SPORTIVO 2018,358000000.0,25/09/2025,2018,Máy xăng,Sedan,Xe cũ,120000,Số tự động,Trong nước,Khoái Châu - Hưng Yên,https://oto.com.vn/mua-ban-xe-toyota-vios-hung-yen/dang-sieu-dep-xe-dai-chat-may-so-keo-chi-than-vo-nguyen-zin-noi-ngoai-th-aidxc23370085
23371032,Toyota Vios TRD SPORTIVO 2018,358000000.0,27/09/2025,2018,Máy xăng,Sedan,Xe cũ,120000,Số tự động,Trong nước,Khoái Châu - Hưng Yên,https://oto.com.vn/mua-ban-xe-toyota-vios-hung-yen/dang-sieu-dep-xe-dai-chat-may-so-keo-chi-than-vo-nguyen-zin-noi-ngoai-th-aidxc23371032
23365639,Toyota Vios 1.3J MT 2015,195000000.0,14/09/2025,2015,Máy xăng,Sedan,Xe cũ,95000,Số sàn,Trong nước,Bảo Lộc - Lâm Đồng,https://oto.com.vn/mua-ban-xe-toyota-vios-lam-dong/xe-nhu-moi-aidxc23365639
23372146,Toyota Vios 2017,339000000.0,01/10/2025,2017,Máy xăng,Sedan,Xe cũ,150000,Số tự động,Trong nước,Nam Định - Nam Định,https://oto.com.vn/mua-ban-xe-toyota-vios-nam-dinh/co-day-du-lich-su-bao-duong-hang-aidxc23372146
23369107,Toyota Vios 1.5E MT 2020,300000000.0,22/09/2025,2020,Máy xăng,Sedan,Xe cũ,124500,Số sàn,Trong nước,Phú Thọ,https://oto.com.vn/mua-ban-xe-toyota-vios-phu-tho/2020-15e-mt-124500-km-aidxc23369107
23334407,Toyota Vios 1.5 E CVT 2021,390000000.0,24/09/2025,2021,Máy xăng,Sedan,Xe cũ,68000,Số tự động,Trong nước,Hạ Hòa - Phú Thọ,https://oto.com.vn/mua-ban-xe-toyota-vios-phu-tho/chay-68-van-aidxc23334407
23313288,Toyota Vios 1.5 E CVT 2022,400000000.0,19/09/2025,2022,Máy xăng,Sedan,Xe cũ,40000,Số tự động,Trong nước,Đoan Hùng - Phú Thọ,https://oto.com.vn/mua-ban-xe-toyota-vios-phu-tho/sedan-5-cho-so-tu-dong-noi-tieng-lanh-ben-tiet-kiem-aidxc23313288
23369156,Toyota Vios 1.5E MT 2016,215000000.0,23/09/2025,2016,Máy xăng,Sedan,Xe cũ,160000,Số sàn,Nhập khẩu,Quảng Trị,https://oto.com.vn/mua-ban-xe-toyota-vios-quang-tri/2016-15e-160000-km-aidxc23369156
23371159,Toyota Vios 1.5 E CVT 2022,400000000.0,28/09/2025,2022,Máy xăng,Sedan,Xe cũ,110000,Số tự động,Trong nước,Thanh Hóa,https://oto.com.vn/mua-ban-xe-toyota-vios-thanh-hoa/2022-15e-cvt-110000-km-aidxc23371159
23371249,Toyota Vios 1.5 G CVT 2019,370000000.0,28/09/2025,2019,Máy xăng,Sedan,Xe cũ,60,Số tự động,Trong nước,Đông Sơn - Thanh Hóa,https://oto.com.vn/mua-ban-xe-toyota-vios-thanh-hoa/xe-dep-zin-aidxc23371249
23368827,Toyota Vios 1.5E MT 2013,180000000.0,22/09/2025,2013,Máy xăng,Sedan,Xe cũ,120000,Số sàn,Trong nước,Thừa Thiên Huế,https://oto.com.vn/mua-ban-xe-toyota-vios-thua-thien-hue/2013-15e-120000-km-aidxc23368827
23368835,Toyota Vios 1.5E MT 2019,275000000.0,22/09/2025,2019,Máy xăng,Sedan,Xe cũ,N/A,Số sàn,Nhập khẩu,Vĩnh Phúc,https://oto.com.vn/mua-ban-xe-toyota-vios-vinh-phuc/so-san-tai-aidxc23368835
23368256,Toyota Wigo 1.2 G AT 2021,302000000.0,20/09/2025,2021,Máy xăng,Hatchback,Xe cũ,38700,Số tự động,Nhập khẩu,Bà Rịa Vũng Tàu,https://oto.com.vn/mua-ban-xe-toyota-wigo-ba-ria-vung-tau/2021-12-at-38700-km-aidxc23368256
23371402,Toyota Wigo 1.2 G AT 2019,190000000.0,29/09/2025,2019,Máy xăng,Hatchback,Xe cũ,90000,Số tự động,Nhập khẩu,Đồng Tháp,https://oto.com.vn/mua-ban-xe-toyota-wigo-dong-thap/2019-12-at-90000-km-aidxc23371402
23363273,Toyota Wigo 1.2 G AT 2021,315000000.0,09/09/2025,2021,Máy xăng,Hatchback,Xe cũ,60000,Số tự động,Nhập khẩu,Sóc Sơn - Hà Nội,https://oto.com.vn/mua-ban-xe-toyota-wigo-ha-noi/xe-cu-chat-luong-cao-gia-hop-ly-aidxc23363273
23368732,Toyota Wigo 1.2 G AT 2019,285000000.0,21/09/2025,2019,Máy xăng,Hatchback,Xe cũ,56000,Số tự động,Nhập khẩu,Kiến An - Hải Phòng,https://oto.com.vn/mua-ban-xe-toyota-wigo-hai-phong/xe-dep-1-chu-giu-gin-thuong-luong-gia-tot-aidxc23368732
23371094,Toyota Wigo 1.2 G AT 2021,318000000.0,28/09/2025,2021,Máy xăng,Hatchback,Xe cũ,38800,Số tự động,Nhập khẩu,Gò Vấp - Tp.HCM,https://oto.com.vn/mua-ban-xe-toyota-wigo-hcm/12-at-cuoi-2021-38800-km-1-chu-aidxc23371094
23370028,Toyota Wigo 1.2E MT 2019,244000000.0,25/09/2025,2019,Máy xăng,Hatchback,Xe cũ,60000,Số sàn,Nhập khẩu,Tp.HCM,https://oto.com.vn/mua-ban-xe-toyota-wigo-hcm/2019-12-mt-60000-km-aidxc23370028
23370687,Toyota Wigo 1.2 G AT 2020,265000000.0,26/09/2025,2020,Máy xăng,Hatchback,Xe cũ,60000,Số tự động,Nhập khẩu,Tp.HCM,https://oto.com.vn/mua-ban-xe-toyota-wigo-hcm/2020-12-at-nhap-khau-aidxc23370687
23372406,Toyota Wigo 1.2E MT 2020,285000000.0,02/10/2025,2020,Máy xăng,Hatchback,Xe cũ,46988,Số sàn,Nhập khẩu,Tp.HCM,https://oto.com.vn/mua-ban-xe-toyota-wigo-hcm/2020-12-mt-46990-km-tra-truoc-120-trieu-aidxc23372406
23369197,Toyota Wigo 1.2 G AT 2021,288000000.0,23/09/2025,2021,Máy xăng,Hatchback,Xe cũ,79000,Số tự động,Nhập khẩu,Tp.HCM,https://oto.com.vn/mua-ban-xe-toyota-wigo-hcm/2021-12-at-79000-km-aidxc23369197
23370155,Toyota Wigo 1.2 G AT 2021,312000000.0,25/09/2025,2021,Máy xăng,Hatchback,Xe cũ,74000,Số tự động,Nhập khẩu,Tp.HCM,https://oto.com.vn/mua-ban-xe-toyota-wigo-hcm/2021-12-at-nho-gon-ben-tai-hang-aidxc23370155
23370196,Toyota Wigo 1.2 G AT 2021,312000000.0,25/09/2025,2021,Máy xăng,Hatchback,Xe cũ,74000,Số tự động,Nhập khẩu,Bình Thạnh - Tp.HCM,https://oto.com.vn/mua-ban-xe-toyota-wigo-hcm/2021-12-at-tu-dong-bh-hang-aidxc23370196
23371844,Toyota Wigo 1.2E MT 2019,190000000.0,30/09/2025,2019,Máy xăng,Hatchback,Xe cũ,124000,Số sàn,Nhập khẩu,Tp.HCM,https://oto.com.vn/mua-ban-xe-toyota-wigo-hcm/ban-xe-2019-aidxc23371844
23372424,Toyota Wigo 2000,50000000.0,02/10/2025,2000,Máy xăng,Hatchback,Xe cũ,99,Số tự động,Nhập khẩu,Quận 12 - Tp.HCM,https://oto.com.vn/mua-ban-xe-toyota-wigo-hcm/xe-corolla-nam-cho-aidxc23372424
23367339,Toyota Wigo 1.2 G AT 2021,283000000.0,18/09/2025,2021,Máy xăng,Hatchback,Xe cũ,90000,Số tự động,Nhập khẩu,Quảng Trị,https://oto.com.vn/mua-ban-xe-toyota-wigo-quang-tri/2021-at-90000-km-aidxc23367339
23371106,Toyota Wigo 1.2 G MT 2019,222000000.0,28/09/2025,2019,Máy xăng,Hatchback,Xe cũ,80000,Số tự động,Nhập khẩu,Huế - Thừa Thiên Huế,https://oto.com.vn/mua-ban-xe-toyota-wigo-thua-thien-hue/2019-12g-mt-80000-km-aidxc23371106
23372477,Toyota Yaris 2008,155000000.0,02/10/2025,2008,Máy xăng,Sedan,Xe cũ,N/A,Số tự động,Nhập khẩu,Bắc Giang,https://oto.com.vn/mua-ban-xe-toyota-yaris-bac-giang/nhap-nhat-ban-aidxc23372477
23362244,Toyota Yaris Cross Xăng 2024,640000000.0,05/09/2025,2024,Máy xăng,Crossover,Xe cũ,6200,Số tự động,Trong nước,Bắc Ninh,https://oto.com.vn/mua-ban-xe-toyota-yaris-cross-bac-ninh/2024-15-d-cvt-6200-km-aidxc23362244
23362249,Toyota Yaris Cross Xăng 2024,640000000.0,05/09/2025,2024,Máy xăng,Crossover,Xe cũ,6200,Số tự động,Nhập khẩu,Bắc Ninh,https://oto.com.vn/mua-ban-xe-toyota-yaris-cross-bac-ninh/2024-15-d-cvt-6200-km-aidxc23362249
23361398,Toyota Yaris Cross Xăng 2024,630000000.0,03/09/2025,2024,Máy xăng,Crossover,Xe cũ,17000,Số tự động,Nhập khẩu,Bình Thuận,https://oto.com.vn/mua-ban-xe-toyota-yaris-cross-binh-thuan/2024-15-d-cvt-17000-km-aidxc23361398
23366228,Toyota Yaris Cross Hybrid 2023,690000000.0,16/09/2025,2023,Hybrid,Crossover,Xe cũ,30000,Số tự động,Nhập khẩu,Đồng Nai,https://oto.com.vn/mua-ban-xe-toyota-yaris-cross-dong-nai/2023-hev-15-cvt-30000-km-aidxc23366228
23362686,Toyota Yaris Cross Xăng 2023,635000000.0,06/09/2025,2023,Máy xăng,Crossover,Xe cũ,36076,Số tự động,Nhập khẩu,Hà Nội,https://oto.com.vn/mua-ban-xe-toyota-yaris-cross-ha-noi/15-d-cvt-2023-aidxc23362686
23364444,Toyota Yaris Cross Xăng 2024,639000000.0,11/09/2025,2024,Máy xăng,Crossover,Xe cũ,1,Số tự động,Nhập khẩu,Hà Nội,https://oto.com.vn/mua-ban-xe-toyota-yaris-cross-ha-noi/15-d-cvt-2024-aidxc23364444
23367200,Toyota Yaris Cross Xăng 2024,650000000.0,17/09/2025,2024,Máy xăng,SUV,Xe cũ,5000,Số tự động,Nhập khẩu,Hà Nội,https://oto.com.vn/mua-ban-xe-toyota-yaris-cross-ha-noi/15d-cvt-2024-aidxc23367200
23363620,Toyota Yaris Cross 2024,630000000.0,10/09/2025,2024,Máy xăng,SUV,Xe cũ,19998,Số tự động,Nhập khẩu,Hà Nội,https://oto.com.vn/mua-ban-xe-toyota-yaris-cross-ha-noi/2024-aidxc23363620
23363718,Toyota Yaris Cross 2024,655000000.0,10/09/2025,2024,Máy xăng,SUV,Xe cũ,20000,Số tự động,N/A,Hà Nội,https://oto.com.vn/mua-ban-xe-toyota-yaris-cross-ha-noi/2024-aidxc23363718
23363209,Toyota Yaris Cross 2024,615000000.0,08/09/2025,2024,Máy xăng,SUV,Xe cũ,30000,Số tự động,N/A,Hà Nội,https://oto.com.vn/mua-ban-xe-toyota-yaris-cross-ha-noi/2024-tai-aidxc23363209
23363343,Toyota Yaris Cross 2024,640000000.0,09/09/2025,2024,Máy xăng,N/A,Xe cũ,20000,Số tự động,N/A,Hà Nội,https://oto.com.vn/mua-ban-xe-toyota-yaris-cross-ha-noi/2024-tai-aidxc23363343
23370349,Toyota Yaris Cross Xăng 2024,635000000.0,26/09/2025,2024,Máy xăng,Crossover,Xe cũ,28000,Số tự động,Nhập khẩu,Nam Từ Liêm - Hà Nội,https://oto.com.vn/mua-ban-xe-toyota-yaris-cross-ha-noi/bh-chinh-hang-sure-aidxc23370349
23366617,Toyota Yaris Cross 2024,640000000.0,17/09/2025,2024,Máy xăng,SUV,Xe cũ,5000,Số tự động,Nhập khẩu,Hà Nội,https://oto.com.vn/mua-ban-xe-toyota-yaris-cross-ha-noi/ho-tro-tra-gop-den-70-gia-tri-xe-aidxc23366617
23365705,Toyota Yaris Cross 2024,615000000.0,17/09/2025,2024,Máy xăng,SUV,Xe cũ,30000,Số tự động,Nhập khẩu,Cầu Giấy - Hà Nội,https://oto.com.vn/mua-ban-xe-toyota-yaris-cross-ha-noi/ten-ca-nhan-1-chu-tu-moi-aidxc23365705
23368549,Toyota Yaris Cross Xăng 2024,640000000.0,21/09/2025,2024,Máy xăng,Crossover,Xe cũ,36000,Số tự động,Nhập khẩu,Tp.HCM,https://oto.com.vn/mua-ban-xe-toyota-yaris-cross-hcm/15-cvt-2024-xe-hang-ban-aidxc23368549
23372156,Toyota Yaris RS 1.5 AT 2008,199000000.0,01/10/2025,2008,Máy xăng,Sedan,Xe cũ,130000,Số tự động,Nhập khẩu,Hà Nội,https://oto.com.vn/mua-ban-xe-toyota-yaris-ha-noi/2008-130000-km-aidxc23372156
23368958,Toyota Yaris 2009,210000000.0,22/09/2025,2009,Máy xăng,Hatchback,Xe cũ,130000,Số tự động,Nhập khẩu,Hà Nội,https://oto.com.vn/mua-ban-xe-toyota-yaris-ha-noi/2009-13-at-130000-km-aidxc23368958
23371647,Toyota Yaris 2010,242000000.0,30/09/2025,2010,Máy xăng,Hatchback,Xe cũ,15000,Số tự động,Nhập khẩu,Hà Nội,https://oto.com.vn/mua-ban-xe-toyota-yaris-ha-noi/2010-13-at-15000-km-aidxc23371647
23371655,Toyota Yaris 2011,260000000.0,30/09/2025,2011,Máy xăng,Hatchback,Xe cũ,97000,Số tự động,Nhập khẩu,Hà Nội,https://oto.com.vn/mua-ban-xe-toyota-yaris-ha-noi/2011-97000-km-aidxc23371655
23343151,Toyota Yaris 2011,260000000.0,22/09/2025,2011,Máy xăng,Hatchback,Xe cũ,90000,Số tự động,Nhập khẩu,Hoàng Mai - Hà Nội,https://oto.com.vn/mua-ban-xe-toyota-yaris-ha-noi/2011-dk-2012-mot-chu-tu-dau-chay-9van-full-lich-su-hang-sieu-dep-aidxc23343151
23368825,Toyota Yaris 1.3E 2015,320000000.0,22/09/2025,2015,Máy xăng,Hatchback,Xe cũ,110000,Số tự động,Nhập khẩu,Hà Nội,https://oto.com.vn/mua-ban-xe-toyota-yaris-ha-noi/2015-13e-110000-km-aidxc23368825
23332904,Toyota Yaris 1.5G 2018,429000000.0,24/09/2025,2018,Máy xăng,Hatchback,Xe cũ,71000,Số tự động,Nhập khẩu,Cầu Giấy - Hà Nội,https://oto.com.vn/mua-ban-xe-toyota-yaris-ha-noi/429-trieu-aidxc23332904
23364051,Toyota Yaris 1.3G 2015,350000000.0,11/09/2025,2015,Máy xăng,N/A,Xe cũ,100000,Số tự động,Nhập khẩu,Thanh Xuân - Hà Nội,https://oto.com.vn/mua-ban-xe-toyota-yaris-ha-noi/chu-di-giu-gin-gia-tot-sang-ten-du-ho-so-aidxc23364051
23368088,Toyota Yaris 1.3G 2007,185000000.0,19/09/2025,2007,Máy xăng,Hatchback,Xe cũ,150000,Số tự động,Nhập khẩu,Quốc Oai - Hà Nội,https://oto.com.vn/mua-ban-xe-toyota-yaris-ha-noi/dep-nhu-hoa-hau-aidxc23368088
23358335,Toyota Yaris 1.5G 2016,359000000.0,25/09/2025,2016,Máy xăng,Hatchback,Xe cũ,67000,Số tự động,Nhập khẩu,Tây Hồ - Hà Nội,https://oto.com.vn/mua-ban-xe-toyota-yaris-ha-noi/sieu-chat-gia-tot-aidxc23358335
23338294,Toyota Yaris 1.5G 2020,485000000.0,06/09/2025,2020,Máy xăng,Hatchback,Xe cũ,80000,Số tự động,Nhập khẩu,Kiến An - Hải Phòng,https://oto.com.vn/mua-ban-xe-toyota-yaris-hai-phong/nhap-khau-nguyen-chiec-con-dep-cung-485tr-aidxc23338294
23370334,Toyota Yaris 1.3E 2016,365000000.0,26/09/2025,2016,Máy xăng,Hatchback,Xe cũ,58000,Số tự động,Nhập khẩu,Quận 6 - Tp.HCM,https://oto.com.vn/mua-ban-xe-toyota-yaris-hcm/13g-2016-xe-gia-dinh-aidxc23370334
23371869,Toyota Yaris 1.3E 2007,195000000.0,30/09/2025,2007,Máy xăng,Hatchback,Xe cũ,105000,Số sàn,Nhập khẩu,Tp.HCM,https://oto.com.vn/mua-ban-xe-toyota-yaris-hcm/2007-13-mt-105000-km-aidxc23371869
23371817,Toyota Yaris 1.5G 2018,430000000.0,30/09/2025,2018,Máy xăng,Hatchback,Xe cũ,79999,Số tự động,Nhập khẩu,Nghệ An,https://oto.com.vn/mua-ban-xe-toyota-yaris-nghe-an/2018-15g-79999-km-aidxc23371817
23367288,Toyota Zace 2002,110000000.0,18/09/2025,2002,Máy xăng,MPV,Xe cũ,350000,Số sàn,Nhập khẩu,Bạc Liêu,https://oto.com.vn/mua-ban-xe-toyota-zace-bac-lieu/2002-gl-350000-km-aidxc23367288
23370012,Toyota Zace 2000,120000000.0,25/09/2025,2000,Máy xăng,Bán tải,Xe cũ,200000,Số sàn,Nhập khẩu,Bình Dương,https://oto.com.vn/mua-ban-xe-toyota-zace-binh-duong/xe-g-2000-gl-2000-200000-km-aidxc23370012
23370406,Toyota Zace 2004,132000000.0,26/09/2025,2004,Máy xăng,Van/Minivan,Xe cũ,N/A,Số sàn,Trong nước,Cần Thơ,https://oto.com.vn/mua-ban-xe-toyota-zace-can-tho/gl-2004-aidxc23370406
23371212,Toyota Zace 2004,135000000.0,28/09/2025,2004,Máy xăng,MPV,Xe cũ,1,Số sàn,Trong nước,Đồng Nai,https://oto.com.vn/mua-ban-xe-toyota-zace-dong-nai/2004-gl-2004-1-km-aidxc23371212
23371114,Toyota Zace 2004,115000000.0,28/09/2025,2004,Máy xăng,MPV,Xe cũ,150000,Số sàn,Trong nước,Đồng Nai,https://oto.com.vn/mua-ban-xe-toyota-zace-dong-nai/2004-gl-2004-150000-km-aidxc23371114
23368024,Toyota Zace 2005,125000000.0,19/09/2025,2005,Máy xăng,SUV,Xe cũ,12000,Số sàn,Trong nước,Đông Anh - Hà Nội,https://oto.com.vn/mua-ban-xe-toyota-zace-ha-noi/ban-doi-2005-xe-chat-luong-zin-det-aidxc23368024
23366994,Toyota Zace 2005,145000000.0,17/09/2025,2005,Máy xăng,SUV,Xe cũ,150000,Số sàn,Trong nước,Thanh Xuân - Hà Nội,https://oto.com.vn/mua-ban-xe-toyota-zace-ha-noi/sieu-pham-gl-trinh-lang-aidxc23366994
23371514,Toyota Zace 2002,110000000.0,29/09/2025,2002,Máy xăng,Sedan,Xe cũ,240000,Số sàn,Trong nước,Tp.HCM,https://oto.com.vn/mua-ban-xe-toyota-zace-hcm/2002-gl-240000-km-aidxc23371514
23371143,Toyota Zace 2004,112000000.0,28/09/2025,2004,Máy xăng,Van/Minivan,Xe cũ,199000,Số sàn,Nhập khẩu,Thủ Đức - Tp.HCM,https://oto.com.vn/mua-ban-xe-toyota-zace-hcm/2004-gl-2004-199000-km-aidxc23371143
23370065,Toyota Zace 2005,128900000.0,25/09/2025,2005,Máy xăng,SUV,Xe cũ,160000,Số sàn,Trong nước,Quận 9 - Tp.HCM,https://oto.com.vn/mua-ban-xe-toyota-zace-hcm/ban-2005-gl-q9tp-aidxc23370065
23371142,Toyota Zace 2004,118000000.0,28/09/2025,2004,Máy xăng,MPV,Xe cũ,215000,Số sàn,Trong nước,Lâm Đồng,https://oto.com.vn/mua-ban-xe-toyota-zace-lam-dong/2004-gl-2004-215000-km-aidxc23371142
23369631,Toyota Zace 2005,160000000.0,24/09/2025,2005,Máy xăng,MPV,Xe cũ,20000,Số sàn,Nhập khẩu,Nghệ An,https://oto.com.vn/mua-ban-xe-toyota-zace-nghe-an/2005-gl-20000-km-aidxc23369631
23369588,Toyota Zace 2005,150000000.0,24/09/2025,2005,Máy xăng,SUV,Xe cũ,1,Số sàn,Nhập khẩu,Ninh Bình,https://oto.com.vn/mua-ban-xe-toyota-zace-ninh-binh/can-ban-gl-xin-sx-2005-aidxc23369588
23370185,Toyota Zace 2005,130000000.0,25/09/2025,2005,Máy xăng,MPV,Xe cũ,270000,Số sàn,Nhập khẩu,Thanh Hóa,https://oto.com.vn/mua-ban-xe-toyota-zace-thanh-hoa/ban-xe-aidxc23370185
23369772,Toyota Zace 2005,125000000.0,24/09/2025,2005,Máy xăng,N/A,Xe cũ,N/A,Số tự động,N/A,Tuyên Quang,https://oto.com.vn/mua-ban-xe-toyota-zace-tuyen-quang/2005-tai-aidxc23369772
23310707,Veam VT150 2017,70000000.0,11/04/2025,2017,Máy dầu,Xe tải,Xe cũ,1,Số sàn,Trong nước,Cầu Giấy - Hà Nội,https://oto.com.vn/mua-ban-xe-veam-vt150-ha-noi/thanh-ly-xe-ngan-hang-aidxc23310707
23336472,Vinaxuki Pickup 650X 2012,50000000.0,30/06/2025,2012,Máy xăng,Xe tải,Xe cũ,200000,Số sàn,Trong nước,Xuyên Mộc - Bà Rịa Vũng Tàu,https://oto.com.vn/mua-ban-xe-vinaxuki-pickup-650x-ba-ria-vung-tau/xe-580kg-sx-2012-aidxc23336472
23371460,VinFast Fadil Tiêu Chuẩn 2022,318000000.0,29/09/2025,2022,Máy xăng,Hatchback,Xe cũ,29000,Số tự động,Nhập khẩu,Bà Rịa Vũng Tàu,https://oto.com.vn/mua-ban-xe-vinfast-fadil-ba-ria-vung-tau/du-xe-can-ban-14at-full-do-choi-sx-2022-aidxc23371460
23329642,VinFast Fadil Nâng Cao 2019,310000000.0,06/09/2025,2019,Máy xăng,Hatchback,Xe cũ,40000,Số tự động,Trong nước,Thuận An - Bình Dương,https://oto.com.vn/mua-ban-xe-vinfast-fadil-binh-duong/bao-rut-ho-so-goc-ho-tro-sang-ten-aidxc23329642
23346072,VinFast Fadil Nâng Cao 2022,329000000.0,16/09/2025,2022,Máy xăng,Hatchback,Xe cũ,30000,Số tự động,Trong nước,Dĩ An - Bình Dương,https://oto.com.vn/mua-ban-xe-vinfast-fadil-binh-duong/xe-ngon-gia-tot-aidxc23346072
23372449,VinFast Fadil Tiêu Chuẩn 2021,310000000.0,02/10/2025,2021,Máy xăng,Crossover,Xe cũ,48500,Số tự động,Trong nước,Cần Thơ,https://oto.com.vn/mua-ban-xe-vinfast-fadil-can-tho/2021-tieu-chuan-48500-km-aidxc23372449
23370538,VinFast Fadil Tiêu Chuẩn 2019,240000000.0,26/09/2025,2019,Máy xăng,Hatchback,Xe cũ,29000,Số tự động,Trong nước,Đà Nẵng,https://oto.com.vn/mua-ban-xe-vinfast-fadil-da-nang/2019-14-at-29000-km-aidxc23370538
23370374,VinFast Fadil 2019,300000000.0,26/09/2025,2019,Máy xăng,Hatchback,Xe cũ,40000,Số tự động,Trong nước,Hà Nội,https://oto.com.vn/mua-ban-xe-vinfast-fadil-ha-noi/mau-trang-chinh-chu-tu-khi-mua-toi-gio-aidxc23370374
23370426,VinFast Fadil Tiêu Chuẩn 2019,255000000.0,26/09/2025,2019,Máy xăng,Hatchback,Xe cũ,60000,Số tự động,Trong nước,Hà Đông - Hà Nội,https://oto.com.vn/mua-ban-xe-vinfast-fadil-ha-noi/odo-6-van-km-aidxc23370426
23363188,VinFast Fadil Tiêu Chuẩn 2022,300000000.0,08/09/2025,2022,Máy xăng,Hatchback,Xe cũ,60000,Số tự động,Trong nước,Đông Anh - Hà Nội,https://oto.com.vn/mua-ban-xe-vinfast-fadil-ha-noi/xe-1-chu-tu-dau-ko-1-loi-nho-aidxc23363188
23353701,VinFast Fadil Tiêu Chuẩn 2021,296000000.0,16/09/2025,2021,Máy xăng,N/A,Xe cũ,52000,Số tự động,Trong nước,Cầu Giấy - Hà Nội,https://oto.com.vn/mua-ban-xe-vinfast-fadil-ha-noi/xe-dep-chu-di-giu-gin-aidxc23353701
23364318,VinFast Fadil Cao cấp 2020,335000000.0,11/09/2025,2020,Máy xăng,Hatchback,Xe cũ,25000,Số tự động,Trong nước,Hoàng Mai - Hà Nội,https://oto.com.vn/mua-ban-xe-vinfast-fadil-ha-noi/xe-dep-nhu-moi-aidxc23364318
23351433,VinFast Fadil Cao cấp 2021,319000000.0,09/09/2025,2021,Máy xăng,Hatchback,Xe cũ,30000,Số tự động,Trong nước,Cầu Giấy - Hà Nội,https://oto.com.vn/mua-ban-xe-vinfast-fadil-ha-noi/xe-dep-tai-aidxc23351433
23370064,VinFast Fadil 2022,325000000.0,25/09/2025,2022,Máy xăng,Hatchback,Xe cũ,32000,Số tự động,Trong nước,Hải Phòng,https://oto.com.vn/mua-ban-xe-vinfast-fadil-hai-phong/2022-32000-km-aidxc23370064
23370150,VinFast Fadil Nâng Cao 2021,315000000.0,25/09/2025,2021,Máy xăng,Hatchback,Xe cũ,29000,Số tự động,Trong nước,Kiến An - Hải Phòng,https://oto.com.vn/mua-ban-xe-vinfast-fadil-hai-phong/gia-tot-xem-xe-ngay-tai-aidxc23370150
23361193,VinFast Fadil Tiêu Chuẩn 2021,289000000.0,03/09/2025,2021,Máy xăng,N/A,Xe cũ,72000,Số tự động,Trong nước,Hải An - Hải Phòng,https://oto.com.vn/mua-ban-xe-vinfast-fadil-hai-phong/tieu-chuan-2021at-aidxc23361193
23372412,VinFast Fadil Cao cấp 2019,258000000.0,02/10/2025,2019,Máy xăng,Hatchback,Xe cũ,70000,Số tự động,Trong nước,Hóc Môn - Tp.HCM,https://oto.com.vn/mua-ban-xe-vinfast-fadil-hcm/2019at-odo-7van-1-chu-mua-moi-aidxc23372412
23371192,VinFast Fadil Cao cấp 2020,320000000.0,28/09/2025,2020,Máy xăng,Hatchback,Xe cũ,38000,Số tự động,Trong nước,Tp.HCM,https://oto.com.vn/mua-ban-xe-vinfast-fadil-hcm/2020-14-at-plus-38000-km-aidxc23371192
23369571,VinFast Fadil Nâng Cao 2021,310000000.0,24/09/2025,2021,Máy xăng,Hatchback,Xe cũ,49000,Số tự động,Trong nước,Tp.HCM,https://oto.com.vn/mua-ban-xe-vinfast-fadil-hcm/2021-14-at-plus-49000-km-aidxc23369571
23364974,VinFast Fadil Cao cấp 2020,269000000.0,12/09/2025,2020,Máy xăng,Hatchback,Xe cũ,60000,Số tự động,Trong nước,Hưng Yên - Hưng Yên,https://oto.com.vn/mua-ban-xe-vinfast-fadil-hung-yen/ban-xe-2020-lh-0838248955-aidxc23364974
23347647,VinFast Fadil Nâng Cao 2020,295000000.0,03/09/2025,2020,Máy xăng,N/A,Xe cũ,28000,Số tự động,Trong nước,Tân An - Long An,https://oto.com.vn/mua-ban-xe-vinfast-fadil-long-an/trang-bi-phim-cach-nhiet-du-ho-so-sang-ten-ngay-aidxc23347647
23370774,VinFast Fadil Nâng Cao 2019,255000000.0,27/09/2025,2019,Máy xăng,Hatchback,Xe cũ,120000,Số tự động,Nhập khẩu,Thanh Hóa,https://oto.com.vn/mua-ban-xe-vinfast-fadil-thanh-hoa/2019-nang-cao-120000-km-aidxc23370774
23336643,VinFast Fadil Tiêu Chuẩn 2021,300000000.0,12/09/2025,2021,Máy xăng,Hatchback,Xe cũ,40000,Số tự động,Trong nước,Đông Sơn - Thanh Hóa,https://oto.com.vn/mua-ban-xe-vinfast-fadil-thanh-hoa/xe-dep-khong-loi-nho-aidxc23336643
23335166,VinFast Fadil 2020,265000000.0,05/09/2025,2020,Máy xăng,N/A,Xe cũ,50000,Số tự động,Trong nước,Vĩnh Yên - Vĩnh Phúc,https://oto.com.vn/mua-ban-xe-vinfast-fadil-vinh-phuc/gia-chi-275-trieu-aidxc23335166
23372473,VinFast LUX A2.0 Tiêu chuẩn 2020,520000000.0,02/10/2025,2020,Máy xăng,Sedan,Xe cũ,85000,Số tự động,Trong nước,Bà Rịa Vũng Tàu,https://oto.com.vn/mua-ban-xe-vinfast-lux-a20-ba-ria-vung-tau/2020-85000-km-aidxc23372473
23369953,VinFast LUX A2.0 Nâng cao 2019,470000000.0,25/09/2025,2019,Máy xăng,Sedan,Xe cũ,20000,Số tự động,Trong nước,Bình Dương,https://oto.com.vn/mua-ban-xe-vinfast-lux-a20-binh-duong/2019-plus-20-at-20000-km-aidxc23369953
23370515,VinFast LUX A2.0 2021,435000000.0,26/09/2025,2021,Máy xăng,Sedan,Xe cũ,68000,Số tự động,Trong nước,Cần Thơ,https://oto.com.vn/mua-ban-xe-vinfast-lux-a20-can-tho/2021-68000-km-aidxc23370515
23372144,VinFast LUX A2.0 Tiêu chuẩn 2021,560000000.0,01/10/2025,2021,Máy xăng,Sedan,Xe cũ,36800,Số tự động,Trong nước,Hà Nội,https://oto.com.vn/mua-ban-xe-vinfast-lux-a20-ha-noi/2021-20-at-36800-km-aidxc23372144
23366182,VinFast LUX A2.0 Cao cấp 2020,508000000.0,15/09/2025,2020,Máy xăng,Sedan,Xe cũ,69000,Số tự động,Trong nước,Hoàng Mai - Hà Nội,https://oto.com.vn/mua-ban-xe-vinfast-lux-a20-ha-noi/ban-xe-lux-a-20l-premium-san-xuat-nam-2019-dang-ky-cuoi-nam-2020-aidxc23366182
23304000,VinFast LUX A2.0 Cao cấp 2019,499000000.0,01/10/2025,2019,Máy xăng,Sedan,Xe cũ,67899,Số tự động,Trong nước,Hoàng Mai - Hà Nội,https://oto.com.vn/mua-ban-xe-vinfast-lux-a20-ha-noi/chay-68-van-lop-con-theo-xe-rat-moi-aidxc23304000
23353676,VinFast LUX A2.0 Cao cấp 2020,545000000.0,17/09/2025,2020,Máy xăng,Sedan,Xe cũ,60000,Số tự động,Trong nước,Long Biên - Hà Nội,https://oto.com.vn/mua-ban-xe-vinfast-lux-a20-ha-noi/chinh-chu-bien-hn-lien-he-co-gia-uu-dai-aidxc23353676
23365059,VinFast LUX A2.0 Nâng cao 2021,545000000.0,12/09/2025,2021,Máy xăng,Sedan,Xe cũ,79000,Số tự động,Trong nước,Thanh Xuân - Hà Nội,https://oto.com.vn/mua-ban-xe-vinfast-lux-a20-ha-noi/cua-tien-hon-500-cu-aidxc23365059
23372292,VinFast LUX A2.0 Cao cấp 2021,600000000.0,02/10/2025,2021,Máy xăng,Sedan,Xe cũ,50000,Số tự động,Trong nước,Hà Nội,https://oto.com.vn/mua-ban-xe-vinfast-lux-a20-ha-noi/di-5v-km-aidxc23372292
23356327,VinFast LUX A2.0 Tiêu chuẩn 2020,475000000.0,22/09/2025,2020,Máy xăng,Sedan,Xe cũ,90000,Số tự động,Trong nước,Cầu Giấy - Hà Nội,https://oto.com.vn/mua-ban-xe-vinfast-lux-a20-ha-noi/do-dep-xuat-sac-aidxc23356327
23365025,VinFast LUX A2.0 Nâng cao 2021,545000000.0,12/09/2025,2021,Máy xăng,Sedan,Xe cũ,79000,Số tự động,Trong nước,Cầu Giấy - Hà Nội,https://oto.com.vn/mua-ban-xe-vinfast-lux-a20-ha-noi/hang-ngon-trong-phan-khuc-hang-viet-nay-khong-co-diem-che-aidxc23365025
23358921,VinFast LUX A2.0 Tiêu chuẩn 2022,568000000.0,29/09/2025,2022,Máy xăng,Sedan,Xe cũ,30000,Số tự động,Trong nước,Cầu Giấy - Hà Nội,https://oto.com.vn/mua-ban-xe-vinfast-lux-a20-ha-noi/khung-gam-chac-chan-thiet-ke-dang-cap-aidxc23358921
23349091,VinFast LUX A2.0 Tiêu chuẩn 2022,535000000.0,03/09/2025,2022,Máy xăng,Sedan,Xe cũ,48609,Số tự động,Trong nước,Thanh Xuân - Hà Nội,https://oto.com.vn/mua-ban-xe-vinfast-lux-a20-ha-noi/lux-a-20-tieu-chuan-2022-aidxc23349091
23372236,VinFast LUX A2.0 Tiêu chuẩn 2019,445000000.0,02/10/2025,2019,Máy xăng,Sedan,Xe cũ,115000,Số tự động,Trong nước,Hà Nội,https://oto.com.vn/mua-ban-xe-vinfast-lux-a20-ha-noi/odo-115000km-aidxc23372236
23364657,VinFast LUX A2.0 Tiêu chuẩn 2021,400000000.0,12/09/2025,2021,Máy xăng,Sedan,Xe cũ,57000,Số tự động,Trong nước,Hà Nội,https://oto.com.vn/mua-ban-xe-vinfast-lux-a20-ha-noi/tieu-chuan-2021-odo-chuan-gia-hon-4d-aidxc23364657
23372491,VinFast LUX A2.0 Nâng cao 2021,555000000.0,02/10/2025,2021,Máy xăng,Sedan,Xe cũ,22000,Số tự động,Trong nước,Hà Nội,https://oto.com.vn/mua-ban-xe-vinfast-lux-a20-ha-noi/xe-1-chu-di-22-van-nguyen-zin-aidxc23372491
23366693,VinFast LUX A2.0 Cao cấp 2019,550000000.0,16/09/2025,2019,Máy xăng,Sedan,Xe cũ,70000,Số tự động,Trong nước,Hà Nội,https://oto.com.vn/mua-ban-xe-vinfast-lux-a20-ha-noi/xe-dep-cam-ket-chat-luong-bao-check-test-aidxc23366693
23371102,VinFast LUX A2.0 Cao cấp 2020,540000000.0,29/09/2025,2020,Máy xăng,Sedan,Xe cũ,N/A,Số tự động,Trong nước,Hưng Yên,https://oto.com.vn/mua-ban-xe-vinfast-lux-a20-hung-yen/xe-dang-su-dung-len-hien-trang-ro-rang-khong-co-phu-phep-aidxc23371102
23370940,VinFast LUX A2.0 Tiêu chuẩn 2022,540000000.0,27/09/2025,2022,Máy xăng,Sedan,Xe cũ,30000,Số tự động,Nhập khẩu,Lâm Đồng,https://oto.com.vn/mua-ban-xe-vinfast-lux-a20-lam-dong/2022-a20-tieu-chuan-30000-km-aidxc23370940
23347648,VinFast LUX A2.0 Tiêu chuẩn 2022,539000000.0,03/09/2025,2022,Máy xăng,Sedan,Xe cũ,75000,Số tự động,Trong nước,Tân An - Long An,https://oto.com.vn/mua-ban-xe-vinfast-lux-a20-long-an/ho-tro-tra-gop-70-gia-tri-xe-bao-hanh-hang-aidxc23347648
23328814,VinFast LUX SA2.0 Nâng cao 2021,730000000.0,03/09/2025,2021,Máy xăng,SUV,Xe cũ,50000,Số tự động,Trong nước,Thuận An - Bình Dương,https://oto.com.vn/mua-ban-xe-vinfast-lux-sa20-binh-duong/bao-rut-ho-so-goc-ho-tro-sang-ten-aidxc23328814
23358003,VinFast LUX SA2.0 Cao cấp 2021,700000000.0,25/09/2025,2021,Máy xăng,SUV,Xe cũ,92000,Số tự động,Trong nước,Thuận An - Bình Dương,https://oto.com.vn/mua-ban-xe-vinfast-lux-sa20-binh-duong/odo-92000km-aidxc23358003
23347695,VinFast LUX SA2.0 Cao cấp 2020,669000000.0,16/09/2025,2020,Máy xăng,SUV,Xe cũ,89000,Số tự động,Trong nước,Dĩ An - Bình Dương,https://oto.com.vn/mua-ban-xe-vinfast-lux-sa20-binh-duong/xe-gia-dinh-ben-bi-bao-hanh-day-du-aidxc23347695
23359501,VinFast LUX SA2.0 Cao cấp 2019,670000000.0,29/09/2025,2019,Máy xăng,SUV,Xe cũ,60000,Số tự động,Trong nước,Thuận An - Bình Dương,https://oto.com.vn/mua-ban-xe-vinfast-lux-sa20-binh-duong/xe-khong-loi-nho-odo-12v-km-aidxc23359501
23369355,VinFast LUX SA2.0 2020,600000000.0,23/09/2025,2020,Máy xăng,SUV,Xe cũ,58000,Số tự động,Trong nước,Đà Nẵng,https://oto.com.vn/mua-ban-xe-vinfast-lux-sa20-da-nang/2020-20-at-58000-km-aidxc23369355
23367830,VinFast LUX SA2.0 Tiêu chuẩn 2019,490000000.0,19/09/2025,2019,Máy xăng,SUV,Xe cũ,11600,Số tự động,Trong nước,Hà Nội,https://oto.com.vn/mua-ban-xe-vinfast-lux-sa20-ha-noi/2019-20-at-11600-km-aidxc23367830
23368698,VinFast LUX SA2.0 Tiêu chuẩn 2021,610000000.0,21/09/2025,2021,Máy xăng,SUV,Xe cũ,60000,Số tự động,Trong nước,Hà Nội,https://oto.com.vn/mua-ban-xe-vinfast-lux-sa20-ha-noi/2021-sa20-tieu-chuan-60000-km-aidxc23368698
23281000,VinFast LUX SA2.0 Nâng cao 2021,749000000.0,24/09/2025,2021,Máy xăng,SUV,Xe cũ,78000,Số tự động,Trong nước,Hoàng Mai - Hà Nội,https://oto.com.vn/mua-ban-xe-vinfast-lux-sa20-ha-noi/bien-chay-chuan-78v-aidxc23281000
23371880,VinFast LUX SA2.0 Cao cấp 2019,539000000.0,30/09/2025,2019,Máy xăng,SUV,Xe cũ,70000,Số tự động,Trong nước,Tp.HCM,https://oto.com.vn/mua-ban-xe-vinfast-lux-sa20-hcm/2019-premium-20-at-70000-km-aidxc23371880
23371081,VinFast LUX SA2.0 Cao cấp 2019,545000000.0,28/09/2025,2019,Máy xăng,SUV,Xe cũ,60000,Số tự động,Trong nước,Tp.HCM,https://oto.com.vn/mua-ban-xe-vinfast-lux-sa20-hcm/2019-premium-cao-cap-nhat-aidxc23371081
23371588,VinFast LUX SA2.0 2020,595000000.0,30/09/2025,2020,Máy xăng,SUV,Xe cũ,58000,Số tự động,Trong nước,Tp.HCM,https://oto.com.vn/mua-ban-xe-vinfast-lux-sa20-hcm/2020-20-at-58000-km-aidxc23371588
23372107,VinFast LUX SA2.0 2021,639000000.0,01/10/2025,2021,Máy xăng,SUV,Xe cũ,79000,Số tự động,Trong nước,Tp.HCM,https://oto.com.vn/mua-ban-xe-vinfast-lux-sa20-hcm/2021-plus-20-at-79000-km-aidxc23372107
23368586,VinFast LUX SA2.0 2022,750000000.0,21/09/2025,2022,Máy xăng,SUV,Xe cũ,23000,Số tự động,Nhập khẩu,Tp.HCM,https://oto.com.vn/mua-ban-xe-vinfast-lux-sa20-hcm/2022-23000-km-aidxc23368586
23371379,VinFast LUX SA2.0 Tiêu chuẩn 2022,710000000.0,29/09/2025,2022,Máy xăng,SUV,Xe cũ,38000,Số tự động,Trong nước,Thủ Đức - Tp.HCM,https://oto.com.vn/mua-ban-xe-vinfast-lux-sa20-hcm/base-2022-38000-km-aidxc23371379
23349216,VinFast LUX SA2.0 Nâng cao 2020,700000000.0,03/09/2025,2020,Máy xăng,SUV,Xe cũ,20000,Số tự động,Trong nước,Tân An - Long An,https://oto.com.vn/mua-ban-xe-vinfast-lux-sa20-long-an/xe-luot-dep-du-ho-so-gia-tot-aidxc23349216
23316929,VinFast President 2021,1050000000.0,28/04/2025,2021,Máy xăng,SUV,Xe cũ,70000,Số tự động,Trong nước,Tây Hồ - Hà Nội,https://oto.com.vn/mua-ban-xe-vinfast-president-ha-noi/chinh-chu-aidxc23316929
23335144,VinFast President 2020,1199000000.0,24/06/2025,2020,Máy xăng,SUV,Xe cũ,52000,Số tự động,Trong nước,Gò Vấp - Tp.HCM,https://oto.com.vn/mua-ban-xe-vinfast-president-hcm/2020-aidxc23335144
23334743,VinFast President 2020,1199000000.0,22/06/2025,2020,Máy xăng,SUV,Xe cũ,52000,Số tự động,Trong nước,Tp.HCM,https://oto.com.vn/mua-ban-xe-vinfast-president-hcm/dang-cap-chu-tich-aidxc23334743
23301807,VinFast President 2020,1350000000.0,23/03/2025,2020,Máy xăng,MPV,Xe cũ,8000,Số tự động,Trong nước,Thủ Đức - Tp.HCM,https://oto.com.vn/mua-ban-xe-vinfast-president-hcm/sieu-pham-gioi-han-500-chiec-di-8000km-aidxc23301807
23337695,VinFast SA President 2020,585000000.0,04/07/2025,2020,Máy xăng,Sedan,Xe cũ,69000,Số tự động,Trong nước,Bắc Từ Liêm - Hà Nội,https://oto.com.vn/mua-ban-xe-vinfast-sa-ha-noi/xe-doi-mau-chinh-hang-co-thay-cop-moi-aidxc23337695
23368973,VinFast VF e34 Tiêu chuẩn 2022,430000000.0,22/09/2025,2022,Điện,SUV,Xe cũ,32000,Số tự động,Trong nước,Đà Nẵng,https://oto.com.vn/mua-ban-xe-vinfast-vf-e34-da-nang/vfe34-2022-32000-km-aidxc23368973
23367882,VinFast VF e34 2022,415000000.0,19/09/2025,2022,Máy xăng,SUV,Xe cũ,86000,Số tự động,Trong nước,Hà Nội,https://oto.com.vn/mua-ban-xe-vinfast-vf-e34-ha-noi/odo-8v6-aidxc23367882
23370479,VinFast VF e34 Tiêu chuẩn 2023,485000000.0,26/09/2025,2023,Điện,SUV,Xe cũ,20000,Số tự động,Trong nước,Hà Nội,https://oto.com.vn/mua-ban-xe-vinfast-vf-e34-ha-noi/vfe34-2022-20000-km-aidxc23370479
23369933,VinFast VF e34 Tiêu chuẩn 2022,435000000.0,25/09/2025,2022,Điện,SUV,Xe cũ,53456,Số tự động,Trong nước,Thanh Trì - Hà Nội,https://oto.com.vn/mua-ban-xe-vinfast-vf-e34-ha-noi/vfe34-2022-53456-km-aidxc23369933
23369177,VinFast VF e34 Tiêu chuẩn 2022,450000000.0,23/09/2025,2022,Máy xăng,SUV,Xe cũ,60000,Số tự động,Trong nước,Hà Nội,https://oto.com.vn/mua-ban-xe-vinfast-vf-e34-ha-noi/vfe34-2022-60000-km-aidxc23369177
23367730,VinFast VF e34 Tiêu chuẩn 2022,495000000.0,19/09/2025,2022,Điện,SUV,Xe cũ,85000,Số tự động,Trong nước,Hà Nội,https://oto.com.vn/mua-ban-xe-vinfast-vf-e34-ha-noi/vfe34-mua-pin-2022-85000-km-aidxc23367730
23347174,VinFast VF e34 Tiêu chuẩn 2022,440000000.0,27/09/2025,2022,Điện,SUV,Xe cũ,40000,Số tự động,Trong nước,Kiến An - Hải Phòng,https://oto.com.vn/mua-ban-xe-vinfast-vf-e34-hai-phong/xe-dep-1-chu-di-giu-gin-aidxc23347174
23371169,VinFast VF e34 Tiêu chuẩn 2022,440000000.0,28/09/2025,2022,Máy xăng,SUV,Xe cũ,38000,Số tự động,Trong nước,Tp.HCM,https://oto.com.vn/mua-ban-xe-vinfast-vf-e34-hcm/vfe34-2022-38000-km-aidxc23371169
23370493,VinFast VF e34 Tiêu chuẩn 2022,435000000.0,26/09/2025,2022,Điện,SUV,Xe cũ,58998,Số tự động,Trong nước,Tp.HCM,https://oto.com.vn/mua-ban-xe-vinfast-vf-e34-hcm/vfe34-2022-mau-xam-5v9km-aidxc23370493
23370494,VinFast VF e34 Tiêu chuẩn 2022,435000000.0,26/09/2025,2022,Điện,SUV,Xe cũ,59000,Số tự động,Nhập khẩu,Tp.HCM,https://oto.com.vn/mua-ban-xe-vinfast-vf-e34-hcm/vfe34-2022-thue-pin-tien-phong-435tr-aidxc23370494
23371355,VinFast VF e34 Tiêu chuẩn 2022,435000000.0,29/09/2025,2022,Điện,Crossover,Xe cũ,59000,Số tự động,Trong nước,Tp.HCM,https://oto.com.vn/mua-ban-xe-vinfast-vf-e34-hcm/vfe34-22-pin-tien-phong-435tr-con-tl-aidxc23371355
23372131,VinFast VF e34 Tiêu chuẩn 2022,398000000.0,01/10/2025,2022,Điện,Crossover,Xe cũ,138000,Số tự động,Nhập khẩu,Tp.HCM,https://oto.com.vn/mua-ban-xe-vinfast-vf-e34-hcm/vfe34-sx-2022-mau-do-thue-pin-aidxc23372131
23370485,VinFast VF e34 Tiêu chuẩn 2022,340000000.0,26/09/2025,2022,Điện,SUV,Xe cũ,15000,Số tự động,Nhập khẩu,Lâm Đồng,https://oto.com.vn/mua-ban-xe-vinfast-vf-e34-lam-dong/vfe34-2022-15000-km-aidxc23370485
23370890,VinFast VF e34 Tiêu chuẩn 2022,456000000.0,27/09/2025,2022,Máy xăng,SUV,Xe cũ,48600,Số tự động,Trong nước,Ninh Bình,https://oto.com.vn/mua-ban-xe-vinfast-vf-e34-ninh-binh/vfe34-2022-48600-km-aidxc23370890
23366235,VinFast VF e34 Tiêu chuẩn 2022,385000000.0,16/09/2025,2022,Điện,SUV,Xe cũ,150000,Số tự động,Trong nước,Phú Yên,https://oto.com.vn/mua-ban-xe-vinfast-vf-e34-phu-yen/vfe34-2022-150000-km-aidxc23366235
23370490,VinFast VF 3 2025,200000000.0,26/09/2025,2025,Điện,SUV,Xe cũ,7000,Số tự động,Trong nước,Phước Long - Bình Phước,https://oto.com.vn/mua-ban-xe-vinfast-vf3-binh-phuoc/ban-xe-cu-aidxc23370490
23368526,VinFast VF 3 2025,265000000.0,21/09/2025,2025,Điện,Hatchback,Xe cũ,1300,Số tự động,Trong nước,Đồng Nai,https://oto.com.vn/mua-ban-xe-vinfast-vf3-dong-nai/2025-1300-km-ban-mua-pin-aidxc23368526
23367875,VinFast VF 3 2024,210000000.0,19/09/2025,2024,Điện,SUV,Xe cũ,8000,Số tự động,Trong nước,Gia Lai,https://oto.com.vn/mua-ban-xe-vinfast-vf3-gia-lai/connect-auto-ban-2024-nhu-moi-aidxc23367875
23365213,VinFast VF 3 2024,205000000.0,13/09/2025,2024,Điện,SUV,Xe cũ,5000,Số tự động,Nhập khẩu,Hà Nội,https://oto.com.vn/mua-ban-xe-vinfast-vf3-ha-noi/2024-thue-pin-5000-km-aidxc23365213
23353686,VinFast VF 3 2024,219000000.0,19/09/2025,2024,Điện,Hatchback,Xe cũ,23456,Số tự động,Trong nước,Cầu Giấy - Hà Nội,https://oto.com.vn/mua-ban-xe-vinfast-vf3-ha-noi/ban-2024-aidxc23353686
23363858,VinFast VF 3 2024,240000000.0,10/09/2025,2024,Điện,Crossover,Xe cũ,6611,Số tự động,Trong nước,Gia Lâm - Hà Nội,https://oto.com.vn/mua-ban-xe-vinfast-vf3-ha-noi/bi-led-camera-360-guong-gap-dien-aidxc23363858
23367149,VinFast VF 3 2024,250000000.0,17/09/2025,2024,Điện,SUV,Xe cũ,10670,Số tự động,Trong nước,Hà Tĩnh,https://oto.com.vn/mua-ban-xe-vinfast-vf3-ha-tinh/2024-mua-pin-10670-km-aidxc23367149
23364581,VinFast VF 3 2024,220000000.0,12/09/2025,2024,Điện,Crossover,Xe cũ,3600,Số tự động,Trong nước,Hải Phòng,https://oto.com.vn/mua-ban-xe-vinfast-vf3-hai-phong/2024-thue-pin-tien-phong-3600-km-aidxc23364581
23368717,VinFast VF 3 2024,230000000.0,21/09/2025,2024,Điện,Hatchback,Xe cũ,5300,Số tự động,Trong nước,Hồng Bàng - Hải Phòng,https://oto.com.vn/mua-ban-xe-vinfast-vf3-hai-phong/sx2024-aidxc23368717
23368504,VinFast VF 3 2025,260000000.0,21/09/2025,2025,Điện,SUV,Xe cũ,12000,Số tự động,Trong nước,Quận 7 - Tp.HCM,https://oto.com.vn/mua-ban-xe-vinfast-vf3-hcm/2025-12000-km-aidxc23368504
23368593,VinFast VF 3 2025,258000000.0,21/09/2025,2025,Điện,SUV,Xe cũ,12000,Số tự động,Trong nước,Tp.HCM,https://oto.com.vn/mua-ban-xe-vinfast-vf3-hcm/2025-12000-km-aidxc23368593
23368161,VinFast VF 3 2025,295000000.0,20/09/2025,2025,Điện,SUV,Xe cũ,800,Số tự động,Trong nước,Tp.HCM,https://oto.com.vn/mua-ban-xe-vinfast-vf3-hcm/2025-sieu-moi-da-len-60tr-do-800-km-aidxc23368161
23364905,VinFast VF 3 2025,305000000.0,12/09/2025,2025,Điện,Hatchback,Xe cũ,550,Số tự động,Trong nước,Thủ Đức - Tp.HCM,https://oto.com.vn/mua-ban-xe-vinfast-vf3-hcm/mua-pin-sieu-moi-550km-len-50tr-option-aidxc23364905
23351014,VinFast VF 3 2024,246000000.0,12/09/2025,2024,Điện,Hatchback,Xe cũ,9000,Số tự động,Trong nước,Thủ Đức - Tp.HCM,https://oto.com.vn/mua-ban-xe-vinfast-vf3-hcm/xe-len-rat-rat-nhieu-do-choi-aidxc23351014
23369739,VinFast VF 3 2024,225000000.0,24/09/2025,2024,Điện,Hatchback,Xe cũ,22000,Số tự động,Trong nước,Tân An - Long An,https://oto.com.vn/mua-ban-xe-vinfast-vf3-long-an/cam-ket-xe-ngoai-hinh-dep-khong-dam-dung-aidxc23369739
23368146,VinFast VF5 Plus 2024,470000000.0,20/09/2025,2024,Điện,SUV,Xe cũ,23000,Số tự động,Nhập khẩu,Bắc Ninh,https://oto.com.vn/mua-ban-xe-vinfast-vf5-bac-ninh/2024-plus-23000-km-aidxc23368146
23367605,VinFast VF5 Plus 2025,465000000.0,18/09/2025,2025,Máy xăng,N/A,Xe cũ,35000,Số tự động,N/A,Hà Nội,https://oto.com.vn/mua-ban-xe-vinfast-vf5-ha-noi/2025-aidxc23367605
23366202,VinFast VF5 Plus 2024,450000000.0,16/09/2025,2024,Điện,Crossover,Xe cũ,9000,Số tự động,Trong nước,Nam Từ Liêm - Hà Nội,https://oto.com.vn/mua-ban-xe-vinfast-vf5-ha-noi/chinh-chu-ban-plus-xam-nhu-moi-gia-450-trieu-aidxc23366202
23365780,VinFast VF5 Plus 2025,445000000.0,14/09/2025,2025,Điện,Crossover,Xe cũ,20000,Số tự động,Nhập khẩu,Hà Nội,https://oto.com.vn/mua-ban-xe-vinfast-vf5-ha-noi/plus-2025-20000-km-aidxc23365780
23369193,VinFast VF5 Plus 2022,419000000.0,23/09/2025,2022,Điện,SUV,Xe cũ,20000,Số tự động,Trong nước,Hà Nội,https://oto.com.vn/mua-ban-xe-vinfast-vf5-ha-noi/sx-2023-20000-km-aidxc23369193
23369475,VinFast VF5 Plus 2024,425000000.0,23/09/2025,2024,Điện,SUV,Xe cũ,76000,Số tự động,Trong nước,Cầu Giấy - Hà Nội,https://oto.com.vn/mua-ban-xe-vinfast-vf5-ha-noi/xe-dep-ban-mua-pin-gia-tot-bao-ho-so-xe-aidxc23369475
23370693,VinFast VF5 Plus 2023,365000000.0,26/09/2025,2023,Máy xăng,N/A,Xe cũ,31000,Số tự động,Nhập khẩu,Tp.HCM,https://oto.com.vn/mua-ban-xe-vinfast-vf5-hcm/2023-tai-tp-aidxc23370693
23371932,VinFast VF5 2023,360000000.0,01/10/2025,2023,Máy xăng,N/A,Xe cũ,N/A,Số tự động,N/A,Tp.HCM,https://oto.com.vn/mua-ban-xe-vinfast-vf5-hcm/2023-tai-tp-aidxc23371932
23368150,VinFast VF5 Plus 2024,435000000.0,20/09/2025,2024,Điện,Crossover,Xe cũ,3,Số tự động,Nhập khẩu,Bình Tân - Tp.HCM,https://oto.com.vn/mua-ban-xe-vinfast-vf5-hcm/2024-plus-3-km-len-nhieu-do-aidxc23368150
23368713,VinFast VF5 Plus 2024,453000000.0,21/09/2025,2024,Điện,Crossover,Xe cũ,23000,Số tự động,Trong nước,Tp.HCM,https://oto.com.vn/mua-ban-xe-vinfast-vf5-hcm/len-pk-gan-40tr-aidxc23368713
23370505,VinFast VF5 Plus 2023,365000000.0,26/09/2025,2023,Điện,SUV,Xe cũ,31000,Số tự động,Nhập khẩu,Thủ Đức - Tp.HCM,https://oto.com.vn/mua-ban-xe-vinfast-vf5-hcm/odo-31000-km-aidxc23370505
23372079,VinFast VF5 Plus 2023,360000000.0,01/10/2025,2023,Điện,Hatchback,Xe cũ,139000,Số tự động,Trong nước,Tp.HCM,https://oto.com.vn/mua-ban-xe-vinfast-vf5-hcm/plus-2023-139000-km-aidxc23372079
23370511,VinFast VF5 Plus 2023,365000000.0,26/09/2025,2023,Điện,Crossover,Xe cũ,31000,Số tự động,Trong nước,Tp.HCM,https://oto.com.vn/mua-ban-xe-vinfast-vf5-hcm/plus-2023-thue-pindi-31000-km-aidxc23370511
23367697,VinFast VF5 Plus 2024,435000000.0,19/09/2025,2024,Điện,Crossover,Xe cũ,36000,Số tự động,Trong nước,Tp.HCM,https://oto.com.vn/mua-ban-xe-vinfast-vf5-hcm/plus-2024-mua-pin-mau-trang-cuc-dep-aidxc23367697
23367500,VinFast VF5 Plus 2025,479000000.0,18/09/2025,2025,Điện,Crossover,Xe cũ,17000,Số tự động,Trong nước,Thủ Đức - Tp.HCM,https://oto.com.vn/mua-ban-xe-vinfast-vf5-hcm/plus-mua-pin-2025-luot-aidxc23367500
23366797,VinFast VF6 Plus 2025,680000000.0,17/09/2025,2025,Điện,SUV,Xe cũ,6000,Số tự động,Trong nước,Bình Phước,https://oto.com.vn/mua-ban-xe-vinfast-vf6-binh-phuoc/2025-plus-6000-km-aidxc23366797
23365499,VinFast VF6 Plus 2024,659000000.0,14/09/2025,2024,Điện,SUV,Xe cũ,N/A,Số tự động,Trong nước,Hà Nội,https://oto.com.vn/mua-ban-xe-vinfast-vf6-ha-noi/2024-plus-ban-full-ko-bi-cat-option-aidxc23365499
23346211,VinFast VF6 Plus 2024,640000000.0,25/07/2025,2024,Điện,SUV,Xe cũ,12000,Số tự động,Trong nước,Hai Bà Trưng - Hà Nội,https://oto.com.vn/mua-ban-xe-vinfast-vf6-ha-noi/em-can-len-doi-xe-moi-nen-ban-lai-plus-2024-chinh-chu-aidxc23346211
23369122,VinFast VF6 Plus 2023,600000000.0,22/09/2025,2023,Điện,Crossover,Xe cũ,45000,Số tự động,Trong nước,Đông Anh - Hà Nội,https://oto.com.vn/mua-ban-xe-vinfast-vf6-ha-noi/em-chinh-chu-can-ban-chiec-plus-tam-huyet-aidxc23369122
23366652,VinFast VF6 Plus 2024,600000000.0,16/09/2025,2024,Điện,Crossover,Xe cũ,16,Số tự động,Trong nước,Hà Nội,https://oto.com.vn/mua-ban-xe-vinfast-vf6-ha-noi/plus-2024-chinh-chu-muon-ban-aidxc23366652
23363807,VinFast VF6 Plus 2025,675000000.0,10/09/2025,2025,Điện,SUV,Xe cũ,3500,Số tự động,Nhập khẩu,Hà Đông - Hà Nội,https://oto.com.vn/mua-ban-xe-vinfast-vf6-ha-noi/xe-sieu-luot-chin-2025-plus-3500-km-aidxc23363807
23361141,VinFast VF6 Plus 2024,650000000.0,03/09/2025,2024,Điện,SUV,Xe cũ,25000,Số tự động,Trong nước,Tp.HCM,https://oto.com.vn/mua-ban-xe-vinfast-vf6-hcm/2024-plus-25000-km-aidxc23361141
23368319,VinFast VF6 Plus 2025,666700000.0,20/09/2025,2025,Điện,SUV,Xe cũ,13000,Số tự động,Trong nước,Tp.HCM,https://oto.com.vn/mua-ban-xe-vinfast-vf6-hcm/2025-plus-13000-km-aidxc23368319
23362268,VinFast VF6 Plus 2025,659000000.0,05/09/2025,2025,Điện,SUV,Xe cũ,20000,Số tự động,Trong nước,Tp.HCM,https://oto.com.vn/mua-ban-xe-vinfast-vf6-hcm/2025-plus-20000-km-aidxc23362268
23367405,VinFast VF6 Plus 2025,655000000.0,18/09/2025,2025,Điện,SUV,Xe cũ,20000,Số tự động,Trong nước,Tp.HCM,https://oto.com.vn/mua-ban-xe-vinfast-vf6-hcm/2025-plus-20000-km-aidxc23367405
23361188,VinFast VF6 Plus 2025,659000000.0,03/09/2025,2025,Điện,SUV,Xe cũ,11000,Số tự động,Trong nước,Tp.HCM,https://oto.com.vn/mua-ban-xe-vinfast-vf6-hcm/80-1104-2025-plus-11000-km-aidxc23361188
23363438,VinFast VF6 Plus 2025,639000000.0,09/09/2025,2025,Điện,SUV,Xe cũ,18000,Số tự động,Trong nước,Tp.HCM,https://oto.com.vn/mua-ban-xe-vinfast-vf6-hcm/model-2025-plus-18000-km-nhu-moi-aidxc23363438
23362005,VinFast VF6 Plus 2024,650000000.0,05/09/2025,2024,Điện,SUV,Xe cũ,25000,Số tự động,Trong nước,Tp.HCM,https://oto.com.vn/mua-ban-xe-vinfast-vf6-hcm/plus-2024-mua-pin-aidxc23362005
23362114,VinFast VF6 Plus 2025,660000000.0,05/09/2025,2025,Điện,Crossover,Xe cũ,20000,Số tự động,Trong nước,Tân An - Long An,https://oto.com.vn/mua-ban-xe-vinfast-vf6-long-an/odo-20-ngan-km-aidxc23362114
23358060,VinFast VF6 Base 2025,660000000.0,25/08/2025,2025,Điện,Crossover,Xe cũ,11000,Số tự động,Trong nước,Tân An - Long An,https://oto.com.vn/mua-ban-xe-vinfast-vf6-long-an/xe-dep-bao-duong-hang-thuong-xuyen-aidxc23358060
23364587,VinFast VF7 Plus 2024,870000000.0,12/09/2025,2024,Điện,SUV,Xe cũ,17000,Số tự động,Trong nước,Hà Nội,https://oto.com.vn/mua-ban-xe-vinfast-vf7-ha-noi/2024-plus-17000-km-aidxc23364587
23298558,VinFast VF7 Plus 2024,718000000.0,16/03/2025,2024,Điện,SUV,Xe cũ,11000,Số tự động,Trong nước,Hà Nội,https://oto.com.vn/mua-ban-xe-vinfast-vf7-ha-noi/son-zin-ca-xe-aidxc23298558
23362530,VinFast VF7 2024,705000000.0,06/09/2025,2024,Điện,SUV,Xe cũ,11000,Số tự động,Trong nước,Tp.HCM,https://oto.com.vn/mua-ban-xe-vinfast-vf7-hcm/eco-2024-luot-dep-pin-mua-aidxc23362530
23368646,VinFast VF7 Plus 2024,777000000.0,21/09/2025,2024,Điện,SUV,Xe cũ,34567,Số tự động,Trong nước,Tp.HCM,https://oto.com.vn/mua-ban-xe-vinfast-vf7-hcm/plus-2-cau-full-options-2024-34567-km-aidxc23368646
23359587,VinFast VF7 Base 2024,705000000.0,29/09/2025,2024,Điện,SUV,Xe cũ,11000,Số tự động,Trong nước,Tân An - Long An,https://oto.com.vn/mua-ban-xe-vinfast-vf7-long-an/odo-11-ngan-km-aidxc23359587
23358680,VinFast VF7 Plus 2025,899000000.0,26/08/2025,2025,Điện,SUV,Xe cũ,9000,Số tự động,Trong nước,Tân An - Long An,https://oto.com.vn/mua-ban-xe-vinfast-vf7-long-an/xe-dep-giao-ngay-ho-tro-toi-da-cac-quyen-loi-aidxc23358680
23368030,VinFast VF7 2024,705000000.0,19/09/2025,2024,Điện,SUV,Xe cũ,11000,Số tự động,Trong nước,Bến Cầu - Tây Ninh,https://oto.com.vn/mua-ban-xe-vinfast-vf7-tay-ninh/eco-2024-odo11000-km-aidxc23368030
23364026,VinFast VF8 2023,716000000.0,11/09/2025,2023,Điện,SUV,Xe cũ,41000,Số tự động,Trong nước,An Nhơn - Bình Định,https://oto.com.vn/mua-ban-xe-vinfast-vf8-binh-dinh/xe-luot-chinh-hang-gf-aidxc23364026
23364011,VinFast VF8 Eco 2023,800000000.0,10/09/2025,2023,Điện,SUV,Xe cũ,48000,Số tự động,Trong nước,Thuận An - Bình Dương,https://oto.com.vn/mua-ban-xe-vinfast-vf8-binh-duong/eco-pin-catl-2023-odo-48000-aidxc23364011
23366649,VinFast VF8 Eco 2023,770000000.0,16/09/2025,2023,Điện,SUV,Xe cũ,42000,Số tự động,Trong nước,Thuận An - Bình Dương,https://oto.com.vn/mua-ban-xe-vinfast-vf8-binh-duong/ho-tro-vay-len-den-70-aidxc23366649
23366657,VinFast VF8 Plus 2022,840000000.0,16/09/2025,2022,Điện,N/A,Xe cũ,50000,Số tự động,Trong nước,Thuận An - Bình Dương,https://oto.com.vn/mua-ban-xe-vinfast-vf8-binh-duong/xe-hot-co-san-giao-ngay-aidxc23366657
23371072,VinFast VF8 Plus 2023,800000000.0,28/09/2025,2023,Điện,SUV,Xe cũ,25374,Số tự động,Trong nước,Hà Nội,https://oto.com.vn/mua-ban-xe-vinfast-vf8-ha-noi/2023-plus-25374-km-aidxc23371072
23372442,VinFast VF8 Plus 2023,810000000.0,02/10/2025,2023,Điện,SUV,Xe cũ,42000,Số tự động,Trong nước,Hà Nội,https://oto.com.vn/mua-ban-xe-vinfast-vf8-ha-noi/2023-plus-42000-km-aidxc23372442
23369099,VinFast VF8 Eco 2023,620000000.0,22/09/2025,2023,Điện,SUV,Xe cũ,61000,Số tự động,Trong nước,Đống Đa - Hà Nội,https://oto.com.vn/mua-ban-xe-vinfast-vf8-ha-noi/chinh-hang-xuat-hoa-don-cuc-yen-tam-lo-xe-gia-tot-chua-tung-co-ban-eco-sx2023-aidxc23369099
23370116,VinFast VF8 Eco 2024,815000000.0,25/09/2025,2024,Điện,SUV,Xe cũ,21000,Số tự động,Trong nước,Cầu Giấy - Hà Nội,https://oto.com.vn/mua-ban-xe-vinfast-vf8-ha-noi/gia-815-tr-bao-ho-so-xe-aidxc23370116
23363137,VinFast VF8 Eco 2023,660000000.0,08/09/2025,2023,Điện,SUV,Xe cũ,25000,Số tự động,Trong nước,Hà Nội,https://oto.com.vn/mua-ban-xe-vinfast-vf8-ha-noi/gia-cuc-tot-xe-cuc-chat-chi-tu-660tr-bh-10-nam-chinh-hang-aidxc23363137
23366673,VinFast VF8 Eco 2024,809000000.0,16/09/2025,2024,Điện,SUV,Xe cũ,30,Số tự động,Trong nước,Nam Từ Liêm - Hà Nội,https://oto.com.vn/mua-ban-xe-vinfast-vf8-ha-noi/gia-tot-canh-tranh-toan-quoc-lien-he-truc-tiep-hotlien-aidxc23366673
23366512,VinFast VF8 Eco 2024,770000000.0,16/09/2025,2024,Điện,SUV,Xe cũ,68,Số tự động,Trong nước,Đống Đa - Hà Nội,https://oto.com.vn/mua-ban-xe-vinfast-vf8-ha-noi/moi-9999-chinh-hang-gf-xuat-hoa-don-cuc-yen-tam-odo-68km-con-nilong-chua-ra-bien-giao-ngay-aidxc23366512
23366674,VinFast VF8 Eco 2023,738000000.0,16/09/2025,2023,Điện,SUV,Xe cũ,100,Số tự động,Trong nước,Nam Từ Liêm - Hà Nội,https://oto.com.vn/mua-ban-xe-vinfast-vf8-ha-noi/uu-dai-dac-biet-khi-chuyen-doi-xe-xang-sang-xe-dien-tai-gf-thang-long-giam-truc-tiep-70-tr-aidxc23366674
23366696,VinFast VF8 Eco 2023,777000000.0,16/09/2025,2023,Điện,Crossover,Xe cũ,40000,Số tự động,Trong nước,Long Biên - Hà Nội,https://oto.com.vn/mua-ban-xe-vinfast-vf8-ha-noi/xe-san-ho-so-bao-check-test-aidxc23366696
23358139,VinFast VF8 Eco 2022,690000000.0,25/09/2025,2022,Máy xăng,N/A,Xe cũ,35000,Số tự động,Trong nước,Tân Phú - Tp.HCM,https://oto.com.vn/mua-ban-xe-vinfast-vf8-hcm/gia-re-can-ban-gap-aidxc23358139
23366156,VinFast VF8 Eco 2022,695000000.0,15/09/2025,2022,Điện,SUV,Xe cũ,58000,Số tự động,Trong nước,Quận 7 - Tp.HCM,https://oto.com.vn/mua-ban-xe-vinfast-vf8-hcm/xe-gia-dinh-aidxc23366156
23364025,VinFast VF8 Plus 2023,855000000.0,11/09/2025,2023,Điện,SUV,Xe cũ,45000,Số tự động,Trong nước,Đà Lạt - Lâm Đồng,https://oto.com.vn/mua-ban-xe-vinfast-vf8-lam-dong/chi-785tr-khi-doi-xang-sang-dien-ho-tro-tra-gop-70-gia-xe-nhan-xe-chi-240-trieu-lay-ngay-aidxc23364025
23364821,VinFast VF8 Eco 2024,865000000.0,12/09/2025,2024,Điện,SUV,Xe cũ,30,Số tự động,Trong nước,Đà Lạt - Lâm Đồng,https://oto.com.vn/mua-ban-xe-vinfast-vf8-lam-dong/xe-san-giao-ngay-duyet-ho-so-chi-trong-5-phut-aidxc23364821
23364743,VinFast VF8 Eco 2023,715000000.0,12/09/2025,2023,Điện,SUV,Xe cũ,42000,Số tự động,Trong nước,Tuy Hòa - Phú Yên,https://oto.com.vn/mua-ban-xe-vinfast-vf8-phu-yen/xe-cu-aidxc23364743
23366290,VinFast VF8 S 2024,850000000.0,16/09/2025,2024,Điện,SUV,Xe cũ,20,Số tự động,Trong nước,Bắc Ninh - Bắc Ninh,https://oto.com.vn/mua-ban-xe-vinfast-vf8-s-bac-ninh/duy-nhat-ho-tro-doi-xe-xang-sang-xe-dien-gia-tri-sieu-hap-dan-aidxc23366290
23366289,VinFast VF8 S 2024,850000000.0,16/09/2025,2024,Điện,SUV,Xe cũ,46,Số tự động,Trong nước,Nam Từ Liêm - Hà Nội,https://oto.com.vn/mua-ban-xe-vinfast-vf8-s-ha-noi/son-zin-nguyen-xe-bao-hanh-chinh-hang-aidxc23366289
23366287,VinFast VF8 S 2024,855000000.0,16/09/2025,2024,Điện,SUV,Xe cũ,30,Số tự động,Trong nước,Nam Từ Liêm - Hà Nội,https://oto.com.vn/mua-ban-xe-vinfast-vf8-s-ha-noi/xe-con-mien-phi-sac-toi-nam-2027-aidxc23366287
23366292,VinFast VF8 S 2024,855000000.0,16/09/2025,2024,Điện,SUV,Xe cũ,30,Số tự động,Trong nước,Nam Từ Liêm - Hà Nội,https://oto.com.vn/mua-ban-xe-vinfast-vf8-s-ha-noi/xe-nhu-moi-thieu-dung-cai-hop-gia-mem-cho-anh-em-tiet-kiem-kinh-te-aidxc23366292
23366291,VinFast VF8 S 2024,849000000.0,16/09/2025,2024,Điện,SUV,Xe cũ,40,Số tự động,Trong nước,Hồng Bàng - Hải Phòng,https://oto.com.vn/mua-ban-xe-vinfast-vf8-s-hai-phong/cap-ben-em-xe-luot-con-mien-phi-sac-toi-nam-2027-aidxc23366291
23362168,VinFast VF8 2023,710000000.0,05/09/2025,2023,Máy xăng,N/A,Xe cũ,55000,Số tự động,Trong nước,Vĩnh Yên - Vĩnh Phúc,https://oto.com.vn/mua-ban-xe-vinfast-vf8-vinh-phuc/55000-aidxc23362168
23365818,VinFast VF9 Plus 2023,865000000.0,15/09/2025,2023,Điện,SUV,Xe cũ,70000,Số tự động,Trong nước,Bình Dương,https://oto.com.vn/mua-ban-xe-vinfast-vf9-binh-duong/80-1113-2023-plus-70000-km-aidxc23365818
23361179,VinFast VF9 2024,1150000000.0,03/09/2025,2024,Điện,SUV,Xe cũ,15000,Số tự động,Trong nước,Cà Mau - Cà Mau,https://oto.com.vn/mua-ban-xe-vinfast-vf9-ca-mau/xe-doanh-nghiep-thanh-ly-aidxc23361179
23371034,VinFast VF9 Plus 2023,995000000.0,27/09/2025,2023,Điện,SUV,Xe cũ,20000,Số tự động,Trong nước,Hà Nội,https://oto.com.vn/mua-ban-xe-vinfast-vf9-ha-noi/2023-plus-thue-pin-tien-phong-2v-km-aidxc23371034
23366520,VinFast VF9 Plus 2025,1270000000.0,16/09/2025,2025,Điện,SUV,Xe cũ,4700,Số tự động,Trong nước,Ba Đình - Hà Nội,https://oto.com.vn/mua-ban-xe-vinfast-vf9-ha-noi/2025-plus-sieu-luot-4700-km-aidxc23366520
23293756,VinFast VF9 Plus 2024,1290000000.0,07/03/2025,2024,Điện,SUV,Xe cũ,6000,Số tự động,Trong nước,Hà Nội,https://oto.com.vn/mua-ban-xe-vinfast-vf9-ha-noi/pin-tien-phong-chi-duy-nhat-aidxc23293756
23368695,VinFast VF9 Plus 2023,1170000000.0,21/09/2025,2023,Điện,SUV,Xe cũ,20000,Số tự động,Trong nước,Hà Nội,https://oto.com.vn/mua-ban-xe-vinfast-vf9-ha-noi/plus-2023-mua-pin-catl-7-ghe-dep-xuat-sac-aidxc23368695
23362466,VinFast VF9 Plus 2024,1170000000.0,05/09/2025,2024,Điện,SUV,Xe cũ,35000,Số tự động,Nhập khẩu,Hà Nội,https://oto.com.vn/mua-ban-xe-vinfast-vf9-ha-noi/plus-aidxc23362466
23367144,VinFast VF9 Plus 2024,1299000000.0,17/09/2025,2024,Điện,SUV,Xe cũ,1,Số tự động,Nhập khẩu,Hà Nội,https://oto.com.vn/mua-ban-xe-vinfast-vf9-ha-noi/plus-mau-trang-tran-thep-7-cho-2024-aidxc23367144
23296838,VinFast VF9 Plus 2024,1285000000.0,13/03/2025,2024,Điện,SUV,Xe cũ,10000,Số tự động,Trong nước,Hà Nội,https://oto.com.vn/mua-ban-xe-vinfast-vf9-ha-noi/thue-pin-tien-phong-31tr-aidxc23296838
23366694,VinFast VF9 Plus 2023,1069000000.0,16/09/2025,2023,Điện,MPV,Xe cũ,16000,Số tự động,Trong nước,Hà Nội,https://oto.com.vn/mua-ban-xe-vinfast-vf9-ha-noi/xe-dep-cam-ket-chat-luong-bao-check-test-aidxc23366694
23366695,VinFast VF9 Plus 2023,1269000000.0,16/09/2025,2023,Máy xăng,SUV,Xe cũ,26000,Số tự động,Trong nước,Long Biên - Hà Nội,https://oto.com.vn/mua-ban-xe-vinfast-vf9-ha-noi/xe-dep-cam-ket-chat-luong-bao-check-test-aidxc23366695
23337694,VinFast VF9 2024,1030000000.0,04/07/2025,2024,Điện,SUV,Xe cũ,30000,Số tự động,Trong nước,Bắc Từ Liêm - Hà Nội,https://oto.com.vn/mua-ban-xe-vinfast-vf9-ha-noi/xe-di-it-chu-thue-pin-tien-phong-gia-tiet-kiem-aidxc23337694
23299159,VinFast VF9 Plus 2023,1120000000.0,17/03/2025,2023,Điện,MPV,Xe cũ,10000,Số tự động,Trong nước,Kiến An - Hải Phòng,https://oto.com.vn/mua-ban-xe-vinfast-vf9-hai-phong/thue-pin-tu-11tr-1-thang-aidxc23299159
23364369,VinFast VF9 Plus 2024,1286000000.0,11/09/2025,2024,Điện,SUV,Xe cũ,18000,Số tự động,Nhập khẩu,Tp.HCM,https://oto.com.vn/mua-ban-xe-vinfast-vf9-hcm/plus-2024-mau-do-luot-07-ghe-vip-aidxc23364369
23369446,Volkswagen Beetle 2007,349000000.0,23/09/2025,2007,Máy xăng,Hatchback,Xe cũ,70000,Số tự động,Nhập khẩu,Bình Thạnh - Tp.HCM,https://oto.com.vn/mua-ban-xe-volkswagen-beetle-hcm/2007-70000-km-aidxc23369446
23347329,Volkswagen Beetle 1992,45000000.0,29/09/2025,1992,Máy xăng,Hatchback,Xe cũ,189600,Số sàn,Nhập khẩu,Bình Thạnh - Tp.HCM,https://oto.com.vn/mua-ban-xe-volkswagen-beetle-hcm/ban-nhap-my-1992-so-san-ko-chay-de-chung-nha-hang-va-quan-cfe-aidxc23347329
23364106,Volkswagen Beetle 2018,1220000000.0,11/09/2025,2018,Máy xăng,Hatchback,Xe cũ,22000,Số tự động,Nhập khẩu,Tp.HCM,https://oto.com.vn/mua-ban-xe-volkswagen-beetle-hcm/dune-2018-22000-km-aidxc23364106
22959232,Volkswagen Polo 1.6AT 2016,299000000.0,15/09/2025,2016,Máy xăng,Hatchback,Xe cũ,92000,Số tự động,Nhập khẩu,Thuận An - Bình Dương,https://oto.com.vn/mua-ban-xe-volkswagen-polo-binh-duong/xe-sieu-dep-sieu-luot-aidxc22959232
23365751,Volkswagen Polo 1.6 Hatchback 2015,290000000.0,14/09/2025,2015,Máy xăng,Hatchback,Xe cũ,95000,Số tự động,Nhập khẩu,Hà Nội,https://oto.com.vn/mua-ban-xe-volkswagen-polo-ha-noi/2015-16-hatchback-95000-km-aidxc23365751
23363572,Volkswagen Polo 2020,350000000.0,09/09/2025,2020,Máy xăng,Hatchback,Xe cũ,66000,Số tự động,Nhập khẩu,Hà Nội,https://oto.com.vn/mua-ban-xe-volkswagen-polo-ha-noi/2020-aidxc23363572
23360826,Volkswagen Polo 1.6 Hatchback 2022,480000000.0,01/09/2025,2022,Máy xăng,Hatchback,Xe cũ,15000,Số tự động,Nhập khẩu,Hà Nội,https://oto.com.vn/mua-ban-xe-volkswagen-polo-ha-noi/mot-chiec-xe-chac-chan-aidxc23360826
23361982,Volkswagen Polo 2020,489000000.0,05/09/2025,2020,Máy xăng,Hatchback,Xe cũ,20000,Số tự động,Nhập khẩu,Tp.HCM,https://oto.com.vn/mua-ban-xe-volkswagen-polo-hcm/16-at-doi-2021-gia-chi-489tr-aidxc23361982
23366755,Volkswagen Polo 1.6 Hatchback 2021,439000000.0,17/09/2025,2021,Máy xăng,Hatchback,Xe cũ,17000,Số tự động,Nhập khẩu,Tp.HCM,https://oto.com.vn/mua-ban-xe-volkswagen-polo-hcm/2021-17000-km-aidxc23366755
23361983,Volkswagen Polo 2021,489000000.0,05/09/2025,2021,Máy xăng,Hatchback,Xe cũ,20000,Số tự động,Nhập khẩu,Tp.HCM,https://oto.com.vn/mua-ban-xe-volkswagen-polo-hcm/2021-20000-km-aidxc23361983
23365259,Volkswagen Polo 1.6AT 2016,275000000.0,13/09/2025,2016,Máy xăng,Sedan,Xe cũ,72,Số tự động,Nhập khẩu,Tp.HCM,https://oto.com.vn/mua-ban-xe-volkswagen-polo-hcm/ban-2016-xe-gia-dinh-xe-chat-aidxc23365259
23332004,Volkswagen Polo 1.6 Sedan 2016,350000000.0,12/06/2025,2016,Máy xăng,Sedan,Xe cũ,69000,Số tự động,Nhập khẩu,Quận 8 - Tp.HCM,https://oto.com.vn/mua-ban-xe-volkswagen-polo-hcm/so-tu-dong-aidxc23332004
23338896,Volkswagen Polo 2017,310000000.0,08/07/2025,2017,Máy xăng,N/A,Xe cũ,60000,Số tự động,Nhập khẩu,Vĩnh Yên - Vĩnh Phúc,https://oto.com.vn/mua-ban-xe-volkswagen-polo-vinh-phuc/gia-re-can-ban-gap-aidxc23338896
23371137,Volkswagen Scirocco 1.4 2010,299000000.0,28/09/2025,2010,Máy xăng,Coupe,Xe cũ,123456,Số tự động,Nhập khẩu,Hà Nội,https://oto.com.vn/mua-ban-xe-volkswagen-scirocco-ha-noi/2010-123456-km-aidxc23371137
23358205,Volkswagen Scirocco 1.4 2010,299000000.0,25/08/2025,2010,Máy xăng,Sport Car,Xe cũ,100000,Số tự động,Nhập khẩu,Cầu Giấy - Hà Nội,https://oto.com.vn/mua-ban-xe-volkswagen-scirocco-ha-noi/dep-xuat-sac-aidxc23358205
23361166,Volkswagen Scirocco 2010,269000000.0,03/09/2025,2010,Máy xăng,Coupe,Xe cũ,150000,Số tự động,Nhập khẩu,Tp.HCM,https://oto.com.vn/mua-ban-xe-volkswagen-scirocco-hcm/date-2010-xe-chay-ki-aidxc23361166
23366537,Volkswagen T-Cross Luxury 2023,796000000.0,16/09/2025,2023,Máy xăng,SUV,Xe cũ,1,Số tự động,Nhập khẩu,Hà Nội,https://oto.com.vn/mua-ban-xe-volkswagen-t-cross-ha-noi/tcross-ban-luxury-2023-aidxc23366537
23361832,Volkswagen Teramont X 2021,1788000000.0,04/09/2025,2021,Máy xăng,SUV,Xe cũ,10,Số tự động,Nhập khẩu,Bình Dương,https://oto.com.vn/mua-ban-xe-volkswagen-teramont-binh-duong/2023-aidxc23361832
23342720,Volkswagen Teramont X 2024,2339000000.0,17/07/2025,2024,Máy xăng,SUV,Xe cũ,7000,Số tự động,Nhập khẩu,Long Biên - Hà Nội,https://oto.com.vn/mua-ban-xe-volkswagen-teramont-ha-noi/noi-that-con-nhu-moi-ban-6-ghe-di-gia-dinh-sieu-hop-ly-aidxc23342720
23369324,Volkswagen Teramont X 2022,1499000000.0,23/09/2025,2022,Máy xăng,SUV,Xe cũ,46000,Số tự động,Nhập khẩu,Tp.HCM,https://oto.com.vn/mua-ban-xe-volkswagen-teramont-hcm/20-at-2022-1-ty-499-trieu-aidxc23369324
23370946,Volkswagen Teramont X 2022,1538000000.0,27/09/2025,2022,Máy xăng,SUV,Xe cũ,39998,Số tự động,Nhập khẩu,Tp.HCM,https://oto.com.vn/mua-ban-xe-volkswagen-teramont-hcm/20-at-2022-1-ty-538-trieu-aidxc23370946
23370628,Volkswagen Teramont X 2022,1599000000.0,26/09/2025,2022,Máy xăng,SUV,Xe cũ,60000,Số tự động,Nhập khẩu,Tp.HCM,https://oto.com.vn/mua-ban-xe-volkswagen-teramont-hcm/20-at-2022-1-ty-599-trieu-aidxc23370628
23364502,Volkswagen Teramont X 2021,1399000000.0,11/09/2025,2021,Máy xăng,SUV,Xe cũ,47000,Số tự động,Nhập khẩu,Quận 8 - Tp.HCM,https://oto.com.vn/mua-ban-xe-volkswagen-teramont-hcm/2021-20t-fwd4motion-aidxc23364502
23364851,Volkswagen Teramont X 2022,1699000000.0,12/09/2025,2022,Máy xăng,SUV,Xe cũ,250000,Số tự động,Nhập khẩu,Tp.HCM,https://oto.com.vn/mua-ban-xe-volkswagen-teramont-hcm/2022-20-at-250000-km-aidxc23364851
23361968,Volkswagen Teramont X 2023,1788000000.0,05/09/2025,2023,Máy xăng,N/A,Xe cũ,N/A,Số tự động,N/A,Tp.HCM,https://oto.com.vn/mua-ban-xe-volkswagen-teramont-hcm/2023-tai-tp-aidxc23361968
23362119,Volkswagen Teramont X 2025,1788000000.0,05/09/2025,2025,Máy xăng,SUV,Xe cũ,N/A,Số tự động,Nhập khẩu,Tp.HCM,https://oto.com.vn/mua-ban-xe-volkswagen-teramont-hcm/2025-tai-tp-aidxc23362119
23362314,Volkswagen Teramont 2024,2278000000.0,05/09/2025,2024,Máy xăng,N/A,Xe cũ,18000,Số tự động,Trong nước,Quận 7 - Tp.HCM,https://oto.com.vn/mua-ban-xe-volkswagen-teramont-hcm/bao-dau-bank-70-90-ib-zalo-tu-van-truc-tiep-247-aidxc23362314
23366086,Volkswagen Teramont 2024,2278000000.0,15/09/2025,2024,Máy xăng,N/A,Xe cũ,18000,Số tự động,Nhập khẩu,Quận 7 - Tp.HCM,https://oto.com.vn/mua-ban-xe-volkswagen-teramont-hcm/bao-dau-bank-70-90-ib-zalo-tu-van-truc-tiep-247-aidxc23366086
23363120,Volkswagen Teramont 2021,1590000000.0,08/09/2025,2021,Máy xăng,SUV,Xe cũ,34000,Số tự động,Nhập khẩu,Quận 7 - Tp.HCM,https://oto.com.vn/mua-ban-xe-volkswagen-teramont-hcm/do-choi-them-200tr-bank-70-aidxc23363120
23363879,Volkswagen Teramont X 2022,1699000000.0,10/09/2025,2022,Máy xăng,SUV,Xe cũ,20000,Số tự động,Nhập khẩu,Quận 6 - Tp.HCM,https://oto.com.vn/mua-ban-xe-volkswagen-teramont-hcm/do-ghe-chu-tich-16xx-ty-aidxc23363879
23363527,Volkswagen Teramont X 2022,1539000000.0,09/09/2025,2022,Máy xăng,SUV,Xe cũ,40000,Số tự động,Nhập khẩu,Tp.HCM,https://oto.com.vn/mua-ban-xe-volkswagen-teramont-hcm/model-2023-nhap-my-40000-km-aidxc23363527
23337202,Volkswagen Teramont 2024,2350000000.0,03/09/2025,2024,Máy xăng,SUV,Xe cũ,3600,Số tự động,Nhập khẩu,Thủ Đức - Tp.HCM,https://oto.com.vn/mua-ban-xe-volkswagen-teramont-hcm/xe-dam-bao-chat-luong-cam-ket-khong-tai-nan-dam-dung-thuy-kich-ngap-nuoc-aidxc23337202
23364206,Volkswagen Teramont X 2025,1788000000.0,11/09/2025,2025,Máy xăng,N/A,Xe cũ,N/A,Số tự động,N/A,Tp.HCM,https://oto.com.vn/mua-ban-xe-volkswagen-teramont-x-hcm/2025-tai-tp-aidxc23364206
23371891,Volkswagen Tiguan Allspace 2016,600000000.0,30/09/2025,2016,Máy xăng,SUV,Xe cũ,120000,Số tự động,Nhập khẩu,Hà Nội,https://oto.com.vn/mua-ban-xe-volkswagen-tiguan-allspace-ha-noi/1-chu-chay-12-van-aidxc23371891
23311898,Volkswagen Tiguan Allspace 2020,898000000.0,14/04/2025,2020,Máy xăng,SUV,Xe cũ,40000,Số tự động,Nhập khẩu,Quận 7 - Tp.HCM,https://oto.com.vn/mua-ban-xe-volkswagen-tiguan-allspace-hcm/full-lich-su-hang-zin-dep-99-1-doi-chu-aidxc23311898
23330264,Volkswagen Tiguan Allspace 2019,799000000.0,14/07/2025,2019,Máy xăng,SUV,Xe cũ,81000,Số tự động,Nhập khẩu,Biên Hòa - Đồng Nai,https://oto.com.vn/mua-ban-xe-volkswagen-tiguan-dong-nai/mau-do-1-chu-tu-dau-nhap-mexico-aidxc23330264
23330963,Volkswagen Tiguan 2.0AT 2011,330000000.0,10/06/2025,2011,Máy xăng,SUV,Xe cũ,160000,Số tự động,Nhập khẩu,Cầu Giấy - Hà Nội,https://oto.com.vn/mua-ban-xe-volkswagen-tiguan-ha-noi/20-at-2011-aidxc23330963
23361598,Volkswagen Tiguan S 2012,368000000.0,04/09/2025,2012,Máy xăng,N/A,Xe cũ,N/A,Số tự động,Nhập khẩu,Hà Nội,https://oto.com.vn/mua-ban-xe-volkswagen-tiguan-ha-noi/2012-tai-aidxc23361598
23370989,Volkswagen Tiguan S 2018,785000000.0,27/09/2025,2018,Máy xăng,N/A,Xe cũ,30000,Số tự động,N/A,Hà Nội,https://oto.com.vn/mua-ban-xe-volkswagen-tiguan-ha-noi/2018-tai-aidxc23370989
23331386,Volkswagen Tiguan 2.0AT 2011,320000000.0,11/06/2025,2011,Máy xăng,SUV,Xe cũ,160000,Số tự động,Nhập khẩu,Thanh Xuân - Hà Nội,https://oto.com.vn/mua-ban-xe-volkswagen-tiguan-ha-noi/gia-ban-320tr-aidxc23331386
23363166,Volkswagen Tiguan 2.0AT 2016,556000000.0,08/09/2025,2016,Máy xăng,SUV,Xe cũ,70000,Số tự động,Nhập khẩu,Thanh Xuân - Hà Nội,https://oto.com.vn/mua-ban-xe-volkswagen-tiguan-ha-noi/nhap-nguyen-chiec-duc-aidxc23363166
23362354,Volkswagen Tiguan 2010,345000000.0,05/09/2025,2010,Máy xăng,SUV,Xe cũ,95000,Số tự động,Nhập khẩu,Thủ Đức - Tp.HCM,https://oto.com.vn/mua-ban-xe-volkswagen-tiguan-hcm/2010-ban-full-nguyen-zin-aidxc23362354
23364664,Volkswagen Tiguan Allspace 2019,860000000.0,12/09/2025,2019,Máy xăng,SUV,Xe cũ,120000,Số tự động,Nhập khẩu,Tp.HCM,https://oto.com.vn/mua-ban-xe-volkswagen-tiguan-hcm/2019-allspace-120000-chuan-aidxc23364664
23312801,Volkswagen Tiguan Allspace 2019,899000000.0,16/04/2025,2019,Máy xăng,SUV,Xe cũ,40000,Số tự động,Nhập khẩu,Bình Tân - Tp.HCM,https://oto.com.vn/mua-ban-xe-volkswagen-tiguan-hcm/allspace-trangden-sx2019-aidxc23312801
23329648,Volkswagen Tiguan 2018,798000000.0,05/06/2025,2018,Máy xăng,SUV,Xe cũ,43000,Số tự động,Nhập khẩu,Thủ Đức - Tp.HCM,https://oto.com.vn/mua-ban-xe-volkswagen-tiguan-hcm/cam-cavet-o-to-uy-tinthu-mua-gia-caotan-tu-quy-aidxc23329648
23329962,Volkswagen Tiguan Allspace 2018,790000000.0,06/06/2025,2018,Máy xăng,SUV,Xe cũ,71000,Số tự động,Nhập khẩu,Quận 12 - Tp.HCM,https://oto.com.vn/mua-ban-xe-volkswagen-tiguan-hcm/cam-cavet-o-to-uy-tinthu-mua-gia-caotan-tu-quy-aidxc23329962
23336592,Volkswagen Tiguan Luxury S 2021,1299000000.0,31/07/2025,2021,Máy xăng,SUV,Xe cũ,27000,Số tự động,Nhập khẩu,Gò Vấp - Tp.HCM,https://oto.com.vn/mua-ban-xe-volkswagen-tiguan-hcm/luxury-s-2023-aidxc23336592
23330868,Volkswagen Tiguan Allspace 2019,799000000.0,10/06/2025,2019,Máy xăng,SUV,Xe cũ,81000,Số tự động,Nhập khẩu,Thủ Đức - Tp.HCM,https://oto.com.vn/mua-ban-xe-volkswagen-tiguan-hcm/mau-do-1-chu-tu-dau-nhap-mexico-aidxc23330868
23312252,Volkswagen Tiguan Allspace 2019,898000000.0,15/04/2025,2019,Máy xăng,SUV,Xe cũ,40000,Số tự động,Nhập khẩu,Quận 7 - Tp.HCM,https://oto.com.vn/mua-ban-xe-volkswagen-tiguan-hcm/model-2020-nhap-khau-7-cho-aidxc23312252
23332007,Volkswagen Tiguan Allspace 2021,1259000000.0,12/06/2025,2021,Máy xăng,SUV,Xe cũ,25000,Số tự động,Nhập khẩu,Gò Vấp - Tp.HCM,https://oto.com.vn/mua-ban-xe-volkswagen-tiguan-hcm/volkwagen-allspace-2022-aidxc23332007
23363890,Volkswagen Touareg Luxury 2023,2380000000.0,10/09/2025,2023,Máy xăng,SUV,Xe cũ,20000,Số tự động,Nhập khẩu,Cần Thơ,https://oto.com.vn/mua-ban-xe-volkswagen-touareg-can-tho/2023-luxury-aidxc23363890
23361739,Volkswagen Touareg Luxury 2022,2369000000.0,04/09/2025,2022,Máy xăng,SUV,Xe cũ,29300,Số tự động,Nhập khẩu,Tân Bình - Tp.HCM,https://oto.com.vn/mua-ban-xe-volkswagen-touareg-hcm/2022-luxury-20-tsi-29300-km-aidxc23361739
23372139,Volkswagen Viloran Luxury 2023,1850000000.0,01/10/2025,2023,Máy xăng,MPV,Xe cũ,11000,Số tự động,Nhập khẩu,Biên Hòa - Đồng Nai,https://oto.com.vn/mua-ban-xe-volkswagen-viloran-dong-nai/sang-so-muot-ma-tang-toc-em-ai-aidxc23372139
23366648,Volkswagen Viloran Luxury 2024,1999000000.0,16/09/2025,2024,Máy xăng,N/A,Xe cũ,51000,Số tự động,Nhập khẩu,Hà Nội,https://oto.com.vn/mua-ban-xe-volkswagen-viloran-ha-noi/luxury-2024-1-ty-999-trieu-aidxc23366648
23364428,Volkswagen Viloran Luxury 2024,2186000000.0,11/09/2025,2024,Máy xăng,MPV,Xe cũ,20000,Số tự động,Nhập khẩu,Hà Nội,https://oto.com.vn/mua-ban-xe-volkswagen-viloran-ha-noi/luxury-2024-aidxc23364428
23372423,Volkswagen Viloran Luxury 2024,2138000000.0,02/10/2025,2024,Máy xăng,MPV,Xe cũ,14000,Số tự động,Nhập khẩu,Long Biên - Hà Nội,https://oto.com.vn/mua-ban-xe-volkswagen-viloran-ha-noi/xe-full-lich-su-hang-bao-check-aidxc23372423
23367579,Volkswagen Viloran Premium 2023,1735000000.0,18/09/2025,2023,Máy xăng,MPV,Xe cũ,10000,Số tự động,Nhập khẩu,Long Biên - Tp.HCM,https://oto.com.vn/mua-ban-xe-volkswagen-viloran-hcm/2023-premium-10000-km-aidxc23367579
23364000,Volkswagen Viloran Luxury 2024,1899000000.0,10/09/2025,2024,Máy xăng,MPV,Xe cũ,26000,Số tự động,Nhập khẩu,Tp.HCM,https://oto.com.vn/mua-ban-xe-volkswagen-viloran-hcm/2024-luxury-26000-km-aidxc23364000
23368049,Volkswagen Viloran Luxury 2024,2080000000.0,19/09/2025,2024,Máy xăng,Van/Minivan,Xe cũ,27000,Số tự động,Nhập khẩu,Tp.HCM,https://oto.com.vn/mua-ban-xe-volkswagen-viloran-hcm/2024-luxury-27000-km-aidxc23368049
23362900,Volkswagen Viloran Luxury 2024,1999000000.0,06/09/2025,2024,Máy xăng,MPV,Xe cũ,30000,Số tự động,Nhập khẩu,Tp.HCM,https://oto.com.vn/mua-ban-xe-volkswagen-viloran-hcm/2024-luxury-30000-km-aidxc23362900
23363926,Volkswagen Viloran Luxury 2024,1999000000.0,10/09/2025,2024,Máy xăng,MPV,Xe cũ,30000,Số tự động,Nhập khẩu,Tp.HCM,https://oto.com.vn/mua-ban-xe-volkswagen-viloran-hcm/2024-luxury-30000-km-aidxc23363926
23362674,Volkswagen Viloran Luxury 2024,2150000000.0,06/09/2025,2024,Máy xăng,MPV,Xe cũ,2300,Số tự động,Trong nước,Tp.HCM,https://oto.com.vn/mua-ban-xe-volkswagen-viloran-hcm/2024-luxury-sieu-luot-2300-km-aidxc23362674
23363091,Volkswagen Viloran Premium 2025,2088000000.0,08/09/2025,2025,Máy xăng,N/A,Xe cũ,N/A,Số tự động,N/A,Tp.HCM,https://oto.com.vn/mua-ban-xe-volkswagen-viloran-hcm/2025-tai-tp-aidxc23363091
23365901,Volkswagen Viloran 2023,1778000000.0,15/09/2025,2023,Máy xăng,N/A,Xe cũ,26666,Số tự động,Trong nước,Quận 7 - Tp.HCM,https://oto.com.vn/mua-ban-xe-volkswagen-viloran-hcm/bao-dau-bank-70-90-ib-zalo-tu-van-truc-tiep-247-aidxc23365901
23367104,Volkswagen Viloran 2023,1738000000.0,17/09/2025,2023,Máy xăng,N/A,Xe cũ,32000,Số tự động,Trong nước,Quận 7 - Tp.HCM,https://oto.com.vn/mua-ban-xe-volkswagen-viloran-hcm/bao-dau-bank-70-90-ib-zalo-tu-van-truc-tiep-247-aidxc23367104
23367923,Volkswagen Viloran Premium 2023,1728000000.0,19/09/2025,2023,Máy xăng,MPV,Xe cũ,32000,Số tự động,Nhập khẩu,Quận 7 - Tp.HCM,https://oto.com.vn/mua-ban-xe-volkswagen-viloran-hcm/mot-chu-tu-dau-cty-xuat-hd-cao-aidxc23367923
23369495,Volkswagen Viloran Premium 2023,1729000000.0,23/09/2025,2023,Máy xăng,MPV,Xe cũ,32000,Số tự động,Nhập khẩu,Quận 7 - Tp.HCM,https://oto.com.vn/mua-ban-xe-volkswagen-viloran-hcm/trang-kem-aidxc23369495
23284114,Volkswagen Virtus Luxury 2022,595000000.0,25/05/2025,2022,Máy xăng,Sedan,Xe cũ,22000,Số tự động,Nhập khẩu,Thủ Đức - Tp.HCM,https://oto.com.vn/mua-ban-xe-volkswagen-virtus-hcm/xe-dam-bao-chat-luong-cam-ket-khong-tai-nan-dam-dung-thuy-kich-ngap-nuoc-aidxc23284114
23369483,Volvo S60 Inscription 2021,1100000000.0,23/09/2025,2021,Máy xăng,Sedan,Xe cũ,75000,Số tự động,Nhập khẩu,Cầu Giấy - Hà Nội,https://oto.com.vn/mua-ban-xe-volvo-s60-ha-noi/jupiter-thanh-ly-aidxc23369483
23362927,Volvo S90 Ultimate AWD 2023,1800000000.0,06/09/2025,2023,Máy xăng,Sedan,Xe cũ,20000,Số tự động,Nhập khẩu,Đồng Nai,https://oto.com.vn/mua-ban-xe-volvo-s90-dong-nai/2023-lwb-ultimate-b6-awd-20000-km-aidxc23362927
23336839,Volvo S90 Ultimate AWD 2022,1839000000.0,02/07/2025,2022,Máy xăng,Sedan,Xe cũ,10000,Số tự động,Nhập khẩu,Long Biên - Hà Nội,https://oto.com.vn/mua-ban-xe-volvo-s90-ha-noi/dep-duy-nhat-tren-thi-truong-aidxc23336839
23348650,Volvo S90 ultimate 2022,1839000000.0,29/08/2025,2022,Máy xăng,Sedan,Xe cũ,23000,Số tự động,Nhập khẩu,Long Biên - Hà Nội,https://oto.com.vn/mua-ban-xe-volvo-s90-ha-noi/duy-nhat-1-ban-tai-vn-full-tinh-nang-truc-co-so-keo-dai-hon-e-class-aidxc23348650
23362590,Volvo S90 Ultimate AWD 2023,1929000000.0,06/09/2025,2023,Máy xăng,Sedan,Xe cũ,15000,Số tự động,Nhập khẩu,Hà Nội,https://oto.com.vn/mua-ban-xe-volvo-s90-ha-noi/lwb-ultimate-b6-awd-2023-aidxc23362590
23357219,Volvo S90 Ultimate AWD 2023,1839000000.0,23/08/2025,2023,Máy xăng,Sedan,Xe cũ,10000,Số tự động,Nhập khẩu,Long Biên - Hà Nội,https://oto.com.vn/mua-ban-xe-volvo-s90-ha-noi/mau-xe-an-toan-hang-dau-the-gioi-aidxc23357219
23361207,Volvo S90 Ultimate AWD 2025,2190000000.0,03/09/2025,2025,Máy xăng,Sedan,Xe cũ,300,Số tự động,Nhập khẩu,Long Biên - Hà Nội,https://oto.com.vn/mua-ban-xe-volvo-s90-ha-noi/moi-nhat-thi-truong-odo-300km-phien-ban-moi-nhat-ultra-aidxc23361207
23349195,Volvo S90 2025,2139000000.0,31/07/2025,2025,Máy xăng,Sedan,Xe cũ,1000,Số tự động,Nhập khẩu,Long Biên - Hà Nội,https://oto.com.vn/mua-ban-xe-volvo-s90-ha-noi/phien-ban-ultra-moi-nhat-odo-1000km-aidxc23349195
23361202,Volvo S90 Ultimate AWD 2025,2139000000.0,03/09/2025,2025,Máy xăng,Sedan,Xe cũ,1000,Số tự động,Nhập khẩu,Long Biên - Hà Nội,https://oto.com.vn/mua-ban-xe-volvo-s90-ha-noi/phien-ban-ultra-moi-nhat-odo-1000km-aidxc23361202
23343989,Volvo S90 2025,2199000000.0,21/07/2025,2025,Máy xăng,Sedan,Xe cũ,100,Số tự động,Nhập khẩu,Long Biên - Hà Nội,https://oto.com.vn/mua-ban-xe-volvo-s90-ha-noi/thi-truong-khong-co-chiec-thu-2-aidxc23343989
23346471,Volvo S90 Inscription 2022,1839000000.0,29/08/2025,2022,Máy xăng,Sedan,Xe cũ,9000,Số tự động,Nhập khẩu,Long Biên - Hà Nội,https://oto.com.vn/mua-ban-xe-volvo-s90-ha-noi/xe-dang-ky-2023-aidxc23346471
23367503,Volvo S90 Inscription 2021,1300000000.0,18/09/2025,2021,Máy xăng,Sedan,Xe cũ,90000,Số tự động,Nhập khẩu,Cầu Giấy - Hà Nội,https://oto.com.vn/mua-ban-xe-volvo-s90-ha-noi/xe-luot-chat-luong-nhu-moi-gia-cuc-tot-aidxc23367503
23363764,Volvo S90 Inscription 2022,1750000000.0,10/09/2025,2022,Máy xăng,Sedan,Xe cũ,12000,Số tự động,Nhập khẩu,Tân Phú - Tp.HCM,https://oto.com.vn/mua-ban-xe-volvo-s90-hcm/2022-inscription-lwb-b6-awd-12000-km-aidxc23363764
23301207,Volvo S90 2020,1399000000.0,24/09/2025,2020,Máy xăng,N/A,Xe cũ,33000,Số tự động,Nhập khẩu,Quận 7 - Tp.HCM,https://oto.com.vn/mua-ban-xe-volvo-s90-hcm/gia-tot-sang-ten-ngay-du-ho-so-aidxc23301207
23339840,Volvo S90 Inscription 2020,1499000000.0,10/09/2025,2020,Máy xăng,Sedan,Xe cũ,33800,Số tự động,Nhập khẩu,Thủ Đức - Tp.HCM,https://oto.com.vn/mua-ban-xe-volvo-s90-hcm/mau-xe-sedan-cao-cap-day-du-tien-nghi-aidxc23339840
23344473,Volvo S90 Ultimate AWD 2020,1399000000.0,24/09/2025,2020,Máy xăng,Sedan,Xe cũ,21000,Số tự động,Nhập khẩu,Quận 7 - Tp.HCM,https://oto.com.vn/mua-ban-xe-volvo-s90-hcm/xe-nhap-khau-chat-luong-cam-ket-phap-ly-ro-rang-aidxc23344473
23306525,Volvo S90L Ultimate AWD 2024,1998000000.0,03/04/2025,2024,Hybrid,Sedan,Xe cũ,29000,Số tự động,Nhập khẩu,Quận 7 - Tp.HCM,https://oto.com.vn/mua-ban-xe-volvo-s90l-hcm/doi-moi-nhat-zin-nguyen-ban-99-aidxc23306525
23301911,Volvo V60 B5 AWD Cross Country 2022,1699000000.0,23/07/2025,2022,Máy xăng,SUV,Xe cũ,20000,Số tự động,Nhập khẩu,Gò Vấp - Tp.HCM,https://oto.com.vn/mua-ban-xe-volvo-v60-hcm/b5-awd-cross-country-2022-aidxc23301911
23364259,Volvo V60 B5 AWD Cross Country 2022,1599000000.0,11/09/2025,2022,Máy xăng,Wagon,Xe cũ,20000,Số tự động,Nhập khẩu,Tp.HCM,https://oto.com.vn/mua-ban-xe-volvo-v60-hcm/cross-country-2022-b5-awd-20000-km-aidxc23364259
23333945,Volvo XC40 B5 AWD Ultimate 2022,1479000000.0,19/06/2025,2022,Máy xăng,SUV,Xe cũ,50000,Số tự động,Nhập khẩu,Long Biên - Hà Nội,https://oto.com.vn/mua-ban-xe-volvo-xc40-ha-noi/xe-luot-chinh-hang-aidxc23333945
23348979,Volvo XC40 B5 AWD Ultimate 2023,1659000000.0,30/07/2025,2023,Máy xăng,SUV,Xe cũ,17000,Số tự động,Nhập khẩu,Quận 7 - Tp.HCM,https://oto.com.vn/mua-ban-xe-volvo-xc40-hcm/2023-sieu-luot-17000km-cuc-dep-aidxc23348979
23333575,Volvo XC40 2021,1278000000.0,18/06/2025,2021,Máy xăng,N/A,Xe cũ,21000,Số tự động,Nhập khẩu,Quận 7 - Tp.HCM,https://oto.com.vn/mua-ban-xe-volvo-xc40-hcm/bao-dau-bank-70-90-ib-zalo-tu-van-truc-tiep-247-aidxc23333575
23349713,Volvo XC40 2023,1598000000.0,02/08/2025,2023,Máy xăng,N/A,Xe cũ,17890,Số tự động,Trong nước,Quận 7 - Tp.HCM,https://oto.com.vn/mua-ban-xe-volvo-xc40-hcm/bao-dau-bank-70-90-ib-zalo-tu-van-truc-tiep-247-aidxc23349713
23368998,Volvo XC40 2024,1738000000.0,22/09/2025,2024,Máy xăng,N/A,Xe cũ,1333,Số tự động,Trong nước,Quận 7 - Tp.HCM,https://oto.com.vn/mua-ban-xe-volvo-xc40-hcm/bao-dau-bank-70-90-ib-zalo-tu-van-truc-tiep-247-aidxc23368998
23369635,Volvo XC40 2024,1738000000.0,24/09/2025,2024,Máy xăng,N/A,Xe cũ,1333,Số tự động,Trong nước,Quận 7 - Tp.HCM,https://oto.com.vn/mua-ban-xe-volvo-xc40-hcm/bao-dau-bank-70-90-ib-zalo-tu-van-truc-tiep-247-aidxc23369635
23349170,Volvo XC40 B5 AWD Ultimate 2024,1658000000.0,31/07/2025,2024,Hybrid,SUV,Xe cũ,17890,Số tự động,Nhập khẩu,Quận 7 - Tp.HCM,https://oto.com.vn/mua-ban-xe-volvo-xc40-hcm/cong-nghe-mild-hybrid-tiet-kiem-nhien-lieu-aidxc23349170
23340199,Volvo XC40 R-Design 2021,1099000000.0,12/07/2025,2021,Máy xăng,SUV,Xe cũ,64000,Số tự động,Nhập khẩu,Quận 7 - Tp.HCM,https://oto.com.vn/mua-ban-xe-volvo-xc40-hcm/day-du-lich-su-hang-aidxc23340199
23340654,Volvo XC40 2021,1098000000.0,13/07/2025,2021,Máy xăng,SUV,Xe cũ,40000,Số tự động,Nhập khẩu,Quận 7 - Tp.HCM,https://oto.com.vn/mua-ban-xe-volvo-xc40-hcm/full-lich-su-hang-aidxc23340654
23313479,Volvo XC40 R-Design 2019,990000000.0,18/04/2025,2019,Máy xăng,SUV,Xe cũ,39000,Số tự động,Nhập khẩu,Quận 7 - Tp.HCM,https://oto.com.vn/mua-ban-xe-volvo-xc40-hcm/model-2020-mot-chu-tu-moi-aidxc23313479
23315575,Volvo XC40 R-Design 2020,1150000000.0,26/05/2025,2020,Máy xăng,SUV,Xe cũ,39000,Số tự động,Nhập khẩu,Gò Vấp - Tp.HCM,https://oto.com.vn/mua-ban-xe-volvo-xc40-hcm/t5-awd-model-2020-aidxc23315575
23325445,Volvo XC40 R-Design 2019,999000000.0,21/08/2025,2019,Máy xăng,SUV,Xe cũ,31000,Số tự động,Nhập khẩu,Quận 7 - Tp.HCM,https://oto.com.vn/mua-ban-xe-volvo-xc40-hcm/xe-dep-gia-tot-sang-ten-ngay-aidxc23325445
23334147,Volvo XC40 R-Design 2021,1279000000.0,19/06/2025,2021,Máy xăng,SUV,Xe cũ,20700,Số tự động,Nhập khẩu,Quận 7 - Tp.HCM,https://oto.com.vn/mua-ban-xe-volvo-xc40-hcm/zin-nguyen-ban-1-chu-tu-moi-aidxc23334147
23369158,Volvo XC60 inscription 2021,1600000000.0,23/09/2025,2021,Máy xăng,N/A,Xe cũ,20000,Số tự động,N/A,Hà Nội,https://oto.com.vn/mua-ban-xe-volvo-xc60-ha-noi/2021-aidxc23369158
23363234,Volvo XC60 inscription 2022,1599000000.0,09/09/2025,2022,Máy xăng,N/A,Xe cũ,92000,Số tự động,N/A,Hà Nội,https://oto.com.vn/mua-ban-xe-volvo-xc60-ha-noi/2022-aidxc23363234
23367615,Volvo XC60 inscription b6 awd 2022,1850000000.0,18/09/2025,2022,Máy xăng,SUV,Xe cũ,30000,Số tự động,Nhập khẩu,Long Biên - Hà Nội,https://oto.com.vn/mua-ban-xe-volvo-xc60-ha-noi/2022-inscription-b6-awd-30000-km-aidxc23367615
23366955,Volvo XC60 B6 Ultimate Bright 2023,2000000000.0,17/09/2025,2023,Máy xăng,SUV,Xe cũ,10000,Số tự động,Nhập khẩu,Hà Nội,https://oto.com.vn/mua-ban-xe-volvo-xc60-ha-noi/2023-ultimate-bright-b6-awd-10000-km-aidxc23366955
23367560,Volvo XC60 B6 AWD Ultimate Dark 2025,2029000000.0,18/09/2025,2025,Máy xăng,SUV,Xe cũ,4000,Số tự động,Nhập khẩu,Hà Nội,https://oto.com.vn/mua-ban-xe-volvo-xc60-ha-noi/2025-ultimate-dark-b6-awd-4000-km-aidxc23367560
23362592,Volvo XC60 inscription b6 awd 2022,1850000000.0,06/09/2025,2022,Máy xăng,SUV,Xe cũ,29999,Số tự động,Nhập khẩu,Hà Nội,https://oto.com.vn/mua-ban-xe-volvo-xc60-ha-noi/inscription-b6-awd-2022-aidxc23362592
23363247,Volvo XC60 T6 Inscription 2019,1250000000.0,09/09/2025,2019,Máy xăng,SUV,Xe cũ,76000,Số tự động,Nhập khẩu,Long Biên - Hà Nội,https://oto.com.vn/mua-ban-xe-volvo-xc60-ha-noi/mau-xe-gia-dinh-cua-nam-aidxc23363247
23363245,Volvo XC60 B6 AWD Inscription 2022,1850000000.0,09/09/2025,2022,Hybrid,SUV,Xe cũ,33000,Số tự động,Nhập khẩu,Long Biên - Hà Nội,https://oto.com.vn/mua-ban-xe-volvo-xc60-ha-noi/suv-cao-cap-nhap-khau-nguyen-chiec-2022-aidxc23363245
23362595,Volvo XC60 B6 Ultimate Bright 2023,1839000000.0,06/09/2025,2023,Máy xăng,SUV,Xe cũ,57999,Số tự động,Nhập khẩu,Hà Nội,https://oto.com.vn/mua-ban-xe-volvo-xc60-ha-noi/ultimate-bright-b6-awd-2023-aidxc23362595
23369459,Volvo XC60 B6 AWD Inscription 2021,1599000000.0,23/09/2025,2021,Máy xăng,SUV,Xe cũ,80000,Số tự động,Nhập khẩu,Long Biên - Hà Nội,https://oto.com.vn/mua-ban-xe-volvo-xc60-ha-noi/xe-chu-di-giu-chat-xe-con-dep-bao-zin-aidxc23369459
23353901,Volvo XC60 B6 Ultimate Bright 2022,1850000000.0,17/08/2025,2022,Máy xăng,SUV,Xe cũ,14000,Số tự động,Nhập khẩu,Long Biên - Hà Nội,https://oto.com.vn/mua-ban-xe-volvo-xc60-ha-noi/xe-dep-gia-tot-aidxc23353901
23369923,Volvo XC60 2021,1599000000.0,24/09/2025,2021,Máy xăng,SUV,Xe cũ,79000,Số tự động,Nhập khẩu,Long Biên - Hà Nội,https://oto.com.vn/mua-ban-xe-volvo-xc60-ha-noi/xe-nhap-khau-nguyen-chiec-thiet-ke-hien-dai-aidxc23369923
23365288,Volvo XC60 B6 Ultimate Bright 2022,1850000000.0,13/09/2025,2022,Máy xăng,SUV,Xe cũ,51000,Số tự động,Nhập khẩu,Tp.HCM,https://oto.com.vn/mua-ban-xe-volvo-xc60-hcm/2022-51000-km-aidxc23365288
23368069,Volvo XC60 B6 AWD Inscription 2022,1690000000.0,19/09/2025,2022,Máy xăng,SUV,Xe cũ,46000,Số tự động,Nhập khẩu,Tp.HCM,https://oto.com.vn/mua-ban-xe-volvo-xc60-hcm/2022-luot-full-lich-su-hangvay-nh-70-aidxc23368069
23368652,Volvo XC60 B6 AWD Inscription 2022,1690000000.0,21/09/2025,2022,Máy xăng,SUV,Xe cũ,46000,Số tự động,Nhập khẩu,Tp.HCM,https://oto.com.vn/mua-ban-xe-volvo-xc60-hcm/ban-xe-aidxc23368652
23365314,Volvo XC90 2021,3099000000.0,13/09/2025,2021,Máy xăng,SUV,Xe cũ,35000,Số tự động,Nhập khẩu,Hà Nội,https://oto.com.vn/mua-ban-xe-volvo-xc90-ha-noi/2021-aidxc23365314
23353751,Volvo XC90 B6 AWD Ultimate 2022,3190000000.0,14/08/2025,2022,Máy xăng,SUV,Xe cũ,70000,Số tự động,Nhập khẩu,Ba Đình - Hà Nội,https://oto.com.vn/mua-ban-xe-volvo-xc90-ha-noi/b6-awd-ultimate-2022-aidxc23353751
23365950,Volvo XC90 B6 AWD Ultimate 2022,3190000000.0,15/09/2025,2022,Máy xăng,SUV,Xe cũ,70000,Số tự động,Nhập khẩu,Ba Đình - Hà Nội,https://oto.com.vn/mua-ban-xe-volvo-xc90-ha-noi/b6-awd-ultimate-2022-aidxc23365950
23369396,Volvo XC90 B6 AWD Ultimate 2022,3190000000.0,23/09/2025,2022,Máy xăng,SUV,Xe cũ,70000,Số tự động,Nhập khẩu,Ba Đình - Hà Nội,https://oto.com.vn/mua-ban-xe-volvo-xc90-ha-noi/b6-awd-ultimate-2022-aidxc23369396
23353900,Volvo XC90 T6 Inscription 2017,1650000000.0,17/08/2025,2017,Máy xăng,SUV,Xe cũ,89000,Số tự động,Nhập khẩu,Long Biên - Hà Nội,https://oto.com.vn/mua-ban-xe-volvo-xc90-ha-noi/phien-ban-t6-manh-me-thiet-ke-tinh-te-aidxc23353900
23362579,Volvo XC90 Recharge 2021,3190000000.0,06/09/2025,2021,Hybrid,SUV,Xe cũ,1234,Số tự động,Nhập khẩu,Hà Nội,https://oto.com.vn/mua-ban-xe-volvo-xc90-ha-noi/recharge-t8-awd-2021-aidxc23362579
23369926,Volvo XC90 2015,1399000000.0,24/09/2025,2015,Máy xăng,SUV,Xe cũ,88000,Số tự động,Nhập khẩu,Long Biên - Hà Nội,https://oto.com.vn/mua-ban-xe-volvo-xc90-ha-noi/sx-2015-incliption-aidxc23369926
23338472,Volvo XC90 T6 Inscription 2015,1430000000.0,07/07/2025,2015,Máy xăng,SUV,Xe cũ,70000,Số tự động,Nhập khẩu,Long Biên - Hà Nội,https://oto.com.vn/mua-ban-xe-volvo-xc90-ha-noi/xe-chay-7vkm-aidxc23338472
23342109,Volvo XC90 B6 AWD Ultimate 2023,3579000000.0,16/07/2025,2023,Hybrid,SUV,Xe cũ,6000,Số tự động,Nhập khẩu,Long Biên - Hà Nội,https://oto.com.vn/mua-ban-xe-volvo-xc90-ha-noi/xe-luot-nhu-moi-voi-gia-tiet-kiem-gan-1-ty-aidxc23342109
23350358,Volvo XC90 T6 Inscription 2016,1420000000.0,04/09/2025,2016,Máy xăng,SUV,Xe cũ,40000,Số tự động,Nhập khẩu,Long Biên - Hà Nội,https://oto.com.vn/mua-ban-xe-volvo-xc90-ha-noi/xe-tu-nhan-nhap-khau-chinh-hang-thuy-dien-voi-full-option-aidxc23350358
23335153,Volvo XC90 T8 Hybrid Recharge AWD 2021,2669000000.0,13/08/2025,2021,Hybrid,SUV,Xe cũ,92000,Số tự động,Nhập khẩu,Quận 7 - Tp.HCM,https://oto.com.vn/mua-ban-xe-volvo-xc90-hcm/7-cho-rong-rai-aidxc23335153
23367490,Volvo XC90 T6 Inscription 2018,1600000000.0,18/09/2025,2018,Máy xăng,SUV,Xe cũ,1,Số tự động,Nhập khẩu,Tp.HCM,https://oto.com.vn/mua-ban-xe-volvo-xc90-hcm/t6-inscription-2018-aidxc23367490
23271854,Volvo XC90 2022,3300000000.0,20/09/2025,2022,Hybrid,SUV,Xe cũ,19000,Số tự động,Nhập khẩu,Gò Vấp - Tp.HCM,https://oto.com.vn/mua-ban-xe-volvo-xc90-hcm/t8-awd-recharge-inscription-model-2022-aidxc23271854
23345182,Volvo XC90 T8 Hybrid Recharge AWD 2021,3179000000.0,23/07/2025,2021,Máy xăng,SUV,Xe cũ,39000,Số tự động,Nhập khẩu,Gò Vấp - Tp.HCM,https://oto.com.vn/mua-ban-xe-volvo-xc90-hcm/t8-recharge-inscription-2021-aidxc23345182
23368048,Volvo XC90 inscription 2017,1490000000.0,19/09/2025,2017,Máy xăng,SUV,Xe cũ,117000,Số tự động,Nhập khẩu,Thủ Đức - Tp.HCM,https://oto.com.vn/mua-ban-xe-volvo-xc90-hcm/xe-zin-nguyen-ban-theo-hang-aidxc23368048
23356960,Wuling Bingo 2025,419000000.0,22/08/2025,2025,Điện,Hatchback,Xe cũ,1600,Số tự động,Nhập khẩu,Hà Nội,https://oto.com.vn/mua-ban-xe-wuling-bingo-ha-noi/2025-sieu-luot-aidxc23356960
23353007,Zotye T600 2016,245000000.0,11/08/2025,2016,Máy xăng,SUV,Xe cũ,13000000,Số tự động,Nhập khẩu,Thái Nguyên,https://oto.com.vn/mua-ban-xe-zotye-t600-thai-nguyen/s-2016-aidxc23353007
23372096,Zotye T700 2018,325000000.0,01/10/2025,2018,Máy xăng,SUV,Xe cũ,86000,Số tự động,Trong nước,Tp.HCM,https://oto.com.vn/mua-ban-xe-zotye-t700-hcm/2018-86000-km-xe-mot-chu-dung-cuc-dep-aidxc23372096
23253128,Zotye Z8 T800 2019,498000000.0,06/06/2025,2019,Máy xăng,SUV,Xe cũ,8500,Số tự động,Nhập khẩu,Quận 10 - Tp.HCM,https://oto.com.vn/mua-ban-xe-zotye-z8-hcm/moi-99-nha-mua-moi-chay-8500km-ngay-chu-dung-ten-aidxc23253128
23351373,Zotye Z8 T700 2018,325000000.0,06/08/2025,2018,Máy xăng,SUV,Xe cũ,60000,Số tự động,Nhập khẩu,Đoan Hùng - Phú Thọ,https://oto.com.vn/mua-ban-xe-zotye-z8-phu-tho/vo-dich-ve-gia-va-trai-nghiem-cao-cap-aidxc23351373
